Iteration,Basic-Block,gen[B],kill[B],in[B],out[B]
0,B0,"['D1', 'D2', 'D3']",['D61'],[],[]
0,B1,[],[],[],[]
0,B2,[],[],[],[]
0,B3,[],[],[],[]
0,B4,"['D4', 'D5']",[],[],[]
0,B5,[],[],[],[]
0,B6,[],[],[],[]
0,B7,[],[],[],[]
0,B8,[],[],[],[]
0,B9,[],[],[],[]
0,B10,[],[],[],[]
0,B11,[],[],[],[]
0,B12,"['D6', 'D7', 'D8', 'D9']",[],[],[]
0,B13,[],[],[],[]
0,B14,['D10'],['D20'],[],[]
0,B15,[],[],[],[]
0,B16,"['D11', 'D12', 'D13', 'D14', 'D15', 'D16', 'D17', 'D18', 'D19', 'D20']",['D10'],[],[]
0,B17,"['D21', 'D22', 'D23', 'D24', 'D25', 'D26', 'D27', 'D28']","['D29', 'D30']",[],[]
0,B18,[],[],[],[]
0,B19,['D29'],['D27'],[],[]
0,B20,[],[],[],[]
0,B21,['D30'],['D28'],[],[]
0,B22,"['D31', 'D32']",[],[],[]
0,B23,[],[],[],[]
0,B24,[],[],[],[]
0,B25,[],[],[],[]
0,B26,[],[],[],[]
0,B27,"['D33', 'D34']",[],[],[]
0,B28,[],[],[],[]
0,B29,[],[],[],[]
0,B30,[],[],[],[]
0,B31,[],[],[],[]
0,B32,[],[],[],[]
0,B33,[],[],[],[]
0,B34,[],[],[],[]
0,B35,"['D35', 'D36', 'D37']",[],[],[]
0,B36,[],[],[],[]
0,B37,['D38'],['D48'],[],[]
0,B38,[],[],[],[]
0,B39,"['D39', 'D40', 'D41', 'D42', 'D43', 'D44', 'D45', 'D46', 'D47', 'D48']",['D38'],[],[]
0,B40,"['D49', 'D50', 'D51', 'D52', 'D53', 'D54', 'D55', 'D56', 'D57']","['D58', 'D59']",[],[]
0,B41,[],[],[],[]
0,B42,['D58'],['D56'],[],[]
0,B43,[],[],[],[]
0,B44,['D59'],['D57'],[],[]
0,B45,"['D60', 'D61']",['D1'],[],[]
0,B46,[],[],[],[]
0,B47,[],[],[],[]
0,B48,[],[],[],[]
0,B49,[],[],[],[]
0,B50,"['D62', 'D63']",[],[],[]
0,B51,[],[],[],[]
0,B52,[],[],[],[]
0,B53,[],[],[],[]
0,B54,[],[],[],[]
0,B55,[],[],[],[]
0,B56,[],[],[],[]
0,B57,[],[],[],[]
0,B58,[],[],[],[]
1,B0,"['D1', 'D2', 'D3']",['D61'],[],"['D1', 'D2', 'D3']"
1,B1,[],[],"['D1', 'D2', 'D3']","['D1', 'D2', 'D3']"
1,B2,[],[],"['D1', 'D2', 'D3']","['D1', 'D2', 'D3']"
1,B3,[],[],"['D1', 'D2', 'D3']","['D1', 'D2', 'D3']"
1,B4,"['D4', 'D5']",[],"['D1', 'D2', 'D3']","['D1', 'D2', 'D3', 'D4', 'D5']"
1,B5,[],[],"['D1', 'D2', 'D3', 'D4', 'D5']","['D1', 'D2', 'D3', 'D4', 'D5']"
1,B6,[],[],"['D1', 'D2', 'D3', 'D4', 'D5']","['D1', 'D2', 'D3', 'D4', 'D5']"
1,B7,[],[],"['D1', 'D2', 'D3', 'D4', 'D5']","['D1', 'D2', 'D3', 'D4', 'D5']"
1,B8,[],[],"['D1', 'D2', 'D3', 'D4', 'D5']","['D1', 'D2', 'D3', 'D4', 'D5']"
1,B9,[],[],"['D1', 'D2', 'D3', 'D4', 'D5']","['D1', 'D2', 'D3', 'D4', 'D5']"
1,B10,[],[],"['D1', 'D2', 'D3', 'D4', 'D5']","['D1', 'D2', 'D3', 'D4', 'D5']"
1,B11,[],[],"['D1', 'D2', 'D3', 'D4', 'D5']","['D1', 'D2', 'D3', 'D4', 'D5']"
1,B12,"['D6', 'D7', 'D8', 'D9']",[],"['D1', 'D2', 'D3']","['D1', 'D2', 'D3', 'D6', 'D7', 'D8', 'D9']"
1,B13,[],[],"['D1', 'D2', 'D3', 'D6', 'D7', 'D8', 'D9']","['D1', 'D2', 'D3', 'D6', 'D7', 'D8', 'D9']"
1,B14,['D10'],['D20'],"['D1', 'D2', 'D3', 'D6', 'D7', 'D8', 'D9']","['D1', 'D10', 'D2', 'D3', 'D6', 'D7', 'D8', 'D9']"
1,B15,[],[],"['D1', 'D10', 'D2', 'D3', 'D6', 'D7', 'D8', 'D9']","['D1', 'D10', 'D2', 'D3', 'D6', 'D7', 'D8', 'D9']"
1,B16,"['D11', 'D12', 'D13', 'D14', 'D15', 'D16', 'D17', 'D18', 'D19', 'D20']",['D10'],"['D1', 'D10', 'D2', 'D3', 'D6', 'D7', 'D8', 'D9']","['D1', 'D11', 'D12', 'D13', 'D14', 'D15', 'D16', 'D17', 'D18', 'D19', 'D2', 'D20', 'D3', 'D6', 'D7', 'D8', 'D9']"
1,B17,"['D21', 'D22', 'D23', 'D24', 'D25', 'D26', 'D27', 'D28']","['D29', 'D30']","['D1', 'D10', 'D2', 'D3', 'D6', 'D7', 'D8', 'D9']","['D1', 'D10', 'D2', 'D21', 'D22', 'D23', 'D24', 'D25', 'D26', 'D27', 'D28', 'D3', 'D6', 'D7', 'D8', 'D9']"
1,B18,[],[],"['D1', 'D10', 'D2', 'D21', 'D22', 'D23', 'D24', 'D25', 'D26', 'D27', 'D28', 'D3', 'D6', 'D7', 'D8', 'D9']","['D1', 'D10', 'D2', 'D21', 'D22', 'D23', 'D24', 'D25', 'D26', 'D27', 'D28', 'D3', 'D6', 'D7', 'D8', 'D9']"
1,B19,['D29'],['D27'],"['D1', 'D10', 'D2', 'D21', 'D22', 'D23', 'D24', 'D25', 'D26', 'D27', 'D28', 'D3', 'D6', 'D7', 'D8', 'D9']","['D1', 'D10', 'D2', 'D21', 'D22', 'D23', 'D24', 'D25', 'D26', 'D28', 'D29', 'D3', 'D6', 'D7', 'D8', 'D9']"
1,B20,[],[],"['D1', 'D10', 'D2', 'D21', 'D22', 'D23', 'D24', 'D25', 'D26', 'D27', 'D28', 'D29', 'D3', 'D6', 'D7', 'D8', 'D9']","['D1', 'D10', 'D2', 'D21', 'D22', 'D23', 'D24', 'D25', 'D26', 'D27', 'D28', 'D29', 'D3', 'D6', 'D7', 'D8', 'D9']"
1,B21,['D30'],['D28'],"['D1', 'D10', 'D2', 'D21', 'D22', 'D23', 'D24', 'D25', 'D26', 'D27', 'D28', 'D29', 'D3', 'D6', 'D7', 'D8', 'D9']","['D1', 'D10', 'D2', 'D21', 'D22', 'D23', 'D24', 'D25', 'D26', 'D27', 'D29', 'D3', 'D30', 'D6', 'D7', 'D8', 'D9']"
1,B22,"['D31', 'D32']",[],"['D1', 'D10', 'D2', 'D21', 'D22', 'D23', 'D24', 'D25', 'D26', 'D27', 'D28', 'D29', 'D3', 'D30', 'D6', 'D7', 'D8', 'D9']","['D1', 'D10', 'D2', 'D21', 'D22', 'D23', 'D24', 'D25', 'D26', 'D27', 'D28', 'D29', 'D3', 'D30', 'D31', 'D32', 'D6', 'D7', 'D8', 'D9']"
1,B23,[],[],"['D1', 'D2', 'D3', 'D6', 'D7', 'D8', 'D9']","['D1', 'D2', 'D3', 'D6', 'D7', 'D8', 'D9']"
1,B24,[],[],"['D1', 'D2', 'D3', 'D6', 'D7', 'D8', 'D9']","['D1', 'D2', 'D3', 'D6', 'D7', 'D8', 'D9']"
1,B25,[],[],"['D1', 'D2', 'D3', 'D6', 'D7', 'D8', 'D9']","['D1', 'D2', 'D3', 'D6', 'D7', 'D8', 'D9']"
1,B26,[],[],"['D1', 'D2', 'D3', 'D6', 'D7', 'D8', 'D9']","['D1', 'D2', 'D3', 'D6', 'D7', 'D8', 'D9']"
1,B27,"['D33', 'D34']",[],"['D1', 'D2', 'D3', 'D6', 'D7', 'D8', 'D9']","['D1', 'D2', 'D3', 'D33', 'D34', 'D6', 'D7', 'D8', 'D9']"
1,B28,[],[],"['D1', 'D2', 'D3', 'D33', 'D34', 'D6', 'D7', 'D8', 'D9']","['D1', 'D2', 'D3', 'D33', 'D34', 'D6', 'D7', 'D8', 'D9']"
1,B29,[],[],"['D1', 'D2', 'D3', 'D33', 'D34', 'D6', 'D7', 'D8', 'D9']","['D1', 'D2', 'D3', 'D33', 'D34', 'D6', 'D7', 'D8', 'D9']"
1,B30,[],[],"['D1', 'D2', 'D3', 'D33', 'D34', 'D6', 'D7', 'D8', 'D9']","['D1', 'D2', 'D3', 'D33', 'D34', 'D6', 'D7', 'D8', 'D9']"
1,B31,[],[],"['D1', 'D2', 'D3', 'D33', 'D34', 'D6', 'D7', 'D8', 'D9']","['D1', 'D2', 'D3', 'D33', 'D34', 'D6', 'D7', 'D8', 'D9']"
1,B32,[],[],"['D1', 'D2', 'D3', 'D33', 'D34', 'D6', 'D7', 'D8', 'D9']","['D1', 'D2', 'D3', 'D33', 'D34', 'D6', 'D7', 'D8', 'D9']"
1,B33,[],[],"['D1', 'D2', 'D3', 'D33', 'D34', 'D6', 'D7', 'D8', 'D9']","['D1', 'D2', 'D3', 'D33', 'D34', 'D6', 'D7', 'D8', 'D9']"
1,B34,[],[],"['D1', 'D2', 'D3', 'D33', 'D34', 'D6', 'D7', 'D8', 'D9']","['D1', 'D2', 'D3', 'D33', 'D34', 'D6', 'D7', 'D8', 'D9']"
1,B35,"['D35', 'D36', 'D37']",[],"['D1', 'D2', 'D3', 'D6', 'D7', 'D8', 'D9']","['D1', 'D2', 'D3', 'D35', 'D36', 'D37', 'D6', 'D7', 'D8', 'D9']"
1,B36,[],[],"['D1', 'D2', 'D3', 'D35', 'D36', 'D37', 'D6', 'D7', 'D8', 'D9']","['D1', 'D2', 'D3', 'D35', 'D36', 'D37', 'D6', 'D7', 'D8', 'D9']"
1,B37,['D38'],['D48'],"['D1', 'D2', 'D3', 'D35', 'D36', 'D37', 'D6', 'D7', 'D8', 'D9']","['D1', 'D2', 'D3', 'D35', 'D36', 'D37', 'D38', 'D6', 'D7', 'D8', 'D9']"
1,B38,[],[],"['D1', 'D2', 'D3', 'D35', 'D36', 'D37', 'D38', 'D6', 'D7', 'D8', 'D9']","['D1', 'D2', 'D3', 'D35', 'D36', 'D37', 'D38', 'D6', 'D7', 'D8', 'D9']"
1,B39,"['D39', 'D40', 'D41', 'D42', 'D43', 'D44', 'D45', 'D46', 'D47', 'D48']",['D38'],"['D1', 'D2', 'D3', 'D35', 'D36', 'D37', 'D38', 'D6', 'D7', 'D8', 'D9']","['D1', 'D2', 'D3', 'D35', 'D36', 'D37', 'D39', 'D40', 'D41', 'D42', 'D43', 'D44', 'D45', 'D46', 'D47', 'D48', 'D6', 'D7', 'D8', 'D9']"
1,B40,"['D49', 'D50', 'D51', 'D52', 'D53', 'D54', 'D55', 'D56', 'D57']","['D58', 'D59']","['D1', 'D2', 'D3', 'D35', 'D36', 'D37', 'D38', 'D6', 'D7', 'D8', 'D9']","['D1', 'D2', 'D3', 'D35', 'D36', 'D37', 'D38', 'D49', 'D50', 'D51', 'D52', 'D53', 'D54', 'D55', 'D56', 'D57', 'D6', 'D7', 'D8', 'D9']"
1,B41,[],[],"['D1', 'D2', 'D3', 'D35', 'D36', 'D37', 'D38', 'D49', 'D50', 'D51', 'D52', 'D53', 'D54', 'D55', 'D56', 'D57', 'D6', 'D7', 'D8', 'D9']","['D1', 'D2', 'D3', 'D35', 'D36', 'D37', 'D38', 'D49', 'D50', 'D51', 'D52', 'D53', 'D54', 'D55', 'D56', 'D57', 'D6', 'D7', 'D8', 'D9']"
1,B42,['D58'],['D56'],"['D1', 'D2', 'D3', 'D35', 'D36', 'D37', 'D38', 'D49', 'D50', 'D51', 'D52', 'D53', 'D54', 'D55', 'D56', 'D57', 'D6', 'D7', 'D8', 'D9']","['D1', 'D2', 'D3', 'D35', 'D36', 'D37', 'D38', 'D49', 'D50', 'D51', 'D52', 'D53', 'D54', 'D55', 'D57', 'D58', 'D6', 'D7', 'D8', 'D9']"
1,B43,[],[],"['D1', 'D2', 'D3', 'D35', 'D36', 'D37', 'D38', 'D49', 'D50', 'D51', 'D52', 'D53', 'D54', 'D55', 'D56', 'D57', 'D58', 'D6', 'D7', 'D8', 'D9']","['D1', 'D2', 'D3', 'D35', 'D36', 'D37', 'D38', 'D49', 'D50', 'D51', 'D52', 'D53', 'D54', 'D55', 'D56', 'D57', 'D58', 'D6', 'D7', 'D8', 'D9']"
1,B44,['D59'],['D57'],"['D1', 'D2', 'D3', 'D35', 'D36', 'D37', 'D38', 'D49', 'D50', 'D51', 'D52', 'D53', 'D54', 'D55', 'D56', 'D57', 'D58', 'D6', 'D7', 'D8', 'D9']","['D1', 'D2', 'D3', 'D35', 'D36', 'D37', 'D38', 'D49', 'D50', 'D51', 'D52', 'D53', 'D54', 'D55', 'D56', 'D58', 'D59', 'D6', 'D7', 'D8', 'D9']"
1,B45,"['D60', 'D61']",['D1'],"['D1', 'D2', 'D3', 'D35', 'D36', 'D37', 'D38', 'D49', 'D50', 'D51', 'D52', 'D53', 'D54', 'D55', 'D56', 'D57', 'D58', 'D59', 'D6', 'D7', 'D8', 'D9']","['D2', 'D3', 'D35', 'D36', 'D37', 'D38', 'D49', 'D50', 'D51', 'D52', 'D53', 'D54', 'D55', 'D56', 'D57', 'D58', 'D59', 'D6', 'D60', 'D61', 'D7', 'D8', 'D9']"
1,B46,[],[],"['D1', 'D2', 'D3', 'D35', 'D36', 'D37', 'D6', 'D7', 'D8', 'D9']","['D1', 'D2', 'D3', 'D35', 'D36', 'D37', 'D6', 'D7', 'D8', 'D9']"
1,B47,[],[],"['D1', 'D2', 'D3', 'D35', 'D36', 'D37', 'D6', 'D7', 'D8', 'D9']","['D1', 'D2', 'D3', 'D35', 'D36', 'D37', 'D6', 'D7', 'D8', 'D9']"
1,B48,[],[],"['D1', 'D2', 'D3', 'D35', 'D36', 'D37', 'D6', 'D7', 'D8', 'D9']","['D1', 'D2', 'D3', 'D35', 'D36', 'D37', 'D6', 'D7', 'D8', 'D9']"
1,B49,[],[],"['D1', 'D2', 'D3', 'D35', 'D36', 'D37', 'D6', 'D7', 'D8', 'D9']","['D1', 'D2', 'D3', 'D35', 'D36', 'D37', 'D6', 'D7', 'D8', 'D9']"
1,B50,"['D62', 'D63']",[],"['D1', 'D2', 'D3', 'D35', 'D36', 'D37', 'D6', 'D7', 'D8', 'D9']","['D1', 'D2', 'D3', 'D35', 'D36', 'D37', 'D6', 'D62', 'D63', 'D7', 'D8', 'D9']"
1,B51,[],[],"['D1', 'D2', 'D3', 'D35', 'D36', 'D37', 'D6', 'D62', 'D63', 'D7', 'D8', 'D9']","['D1', 'D2', 'D3', 'D35', 'D36', 'D37', 'D6', 'D62', 'D63', 'D7', 'D8', 'D9']"
1,B52,[],[],"['D1', 'D2', 'D3', 'D35', 'D36', 'D37', 'D6', 'D62', 'D63', 'D7', 'D8', 'D9']","['D1', 'D2', 'D3', 'D35', 'D36', 'D37', 'D6', 'D62', 'D63', 'D7', 'D8', 'D9']"
1,B53,[],[],"['D1', 'D2', 'D3', 'D35', 'D36', 'D37', 'D6', 'D62', 'D63', 'D7', 'D8', 'D9']","['D1', 'D2', 'D3', 'D35', 'D36', 'D37', 'D6', 'D62', 'D63', 'D7', 'D8', 'D9']"
1,B54,[],[],"['D1', 'D2', 'D3', 'D35', 'D36', 'D37', 'D6', 'D62', 'D63', 'D7', 'D8', 'D9']","['D1', 'D2', 'D3', 'D35', 'D36', 'D37', 'D6', 'D62', 'D63', 'D7', 'D8', 'D9']"
1,B55,[],[],"['D1', 'D2', 'D3', 'D35', 'D36', 'D37', 'D6', 'D62', 'D63', 'D7', 'D8', 'D9']","['D1', 'D2', 'D3', 'D35', 'D36', 'D37', 'D6', 'D62', 'D63', 'D7', 'D8', 'D9']"
1,B56,[],[],"['D1', 'D2', 'D3', 'D35', 'D36', 'D37', 'D6', 'D62', 'D63', 'D7', 'D8', 'D9']","['D1', 'D2', 'D3', 'D35', 'D36', 'D37', 'D6', 'D62', 'D63', 'D7', 'D8', 'D9']"
1,B57,[],[],"['D1', 'D2', 'D3', 'D35', 'D36', 'D37', 'D6', 'D62', 'D63', 'D7', 'D8', 'D9']","['D1', 'D2', 'D3', 'D35', 'D36', 'D37', 'D6', 'D62', 'D63', 'D7', 'D8', 'D9']"
1,B58,[],[],"['D1', 'D2', 'D3', 'D35', 'D36', 'D37', 'D6', 'D7', 'D8', 'D9']","['D1', 'D2', 'D3', 'D35', 'D36', 'D37', 'D6', 'D7', 'D8', 'D9']"
2,B0,"['D1', 'D2', 'D3']",['D61'],[],"['D1', 'D2', 'D3']"
2,B1,[],[],"['D1', 'D2', 'D3']","['D1', 'D2', 'D3']"
2,B2,[],[],"['D1', 'D2', 'D3']","['D1', 'D2', 'D3']"
2,B3,[],[],"['D1', 'D2', 'D3']","['D1', 'D2', 'D3']"
2,B4,"['D4', 'D5']",[],"['D1', 'D2', 'D3']","['D1', 'D2', 'D3', 'D4', 'D5']"
2,B5,[],[],"['D1', 'D2', 'D3', 'D4', 'D5']","['D1', 'D2', 'D3', 'D4', 'D5']"
2,B6,[],[],"['D1', 'D2', 'D3', 'D4', 'D5']","['D1', 'D2', 'D3', 'D4', 'D5']"
2,B7,[],[],"['D1', 'D2', 'D3', 'D4', 'D5']","['D1', 'D2', 'D3', 'D4', 'D5']"
2,B8,[],[],"['D1', 'D2', 'D3', 'D4', 'D5']","['D1', 'D2', 'D3', 'D4', 'D5']"
2,B9,[],[],"['D1', 'D2', 'D3', 'D4', 'D5']","['D1', 'D2', 'D3', 'D4', 'D5']"
2,B10,[],[],"['D1', 'D2', 'D3', 'D4', 'D5']","['D1', 'D2', 'D3', 'D4', 'D5']"
2,B11,[],[],"['D1', 'D2', 'D3', 'D4', 'D5']","['D1', 'D2', 'D3', 'D4', 'D5']"
2,B12,"['D6', 'D7', 'D8', 'D9']",[],"['D1', 'D2', 'D3']","['D1', 'D2', 'D3', 'D6', 'D7', 'D8', 'D9']"
2,B13,[],[],"['D1', 'D2', 'D3', 'D6', 'D7', 'D8', 'D9']","['D1', 'D2', 'D3', 'D6', 'D7', 'D8', 'D9']"
2,B14,['D10'],['D20'],"['D1', 'D2', 'D3', 'D6', 'D7', 'D8', 'D9']","['D1', 'D10', 'D2', 'D3', 'D6', 'D7', 'D8', 'D9']"
2,B15,[],[],"['D1', 'D10', 'D2', 'D3', 'D6', 'D7', 'D8', 'D9']","['D1', 'D10', 'D2', 'D3', 'D6', 'D7', 'D8', 'D9']"
2,B16,"['D11', 'D12', 'D13', 'D14', 'D15', 'D16', 'D17', 'D18', 'D19', 'D20']",['D10'],"['D1', 'D10', 'D2', 'D3', 'D6', 'D7', 'D8', 'D9']","['D1', 'D11', 'D12', 'D13', 'D14', 'D15', 'D16', 'D17', 'D18', 'D19', 'D2', 'D20', 'D3', 'D6', 'D7', 'D8', 'D9']"
2,B17,"['D21', 'D22', 'D23', 'D24', 'D25', 'D26', 'D27', 'D28']","['D29', 'D30']","['D1', 'D10', 'D2', 'D3', 'D6', 'D7', 'D8', 'D9']","['D1', 'D10', 'D2', 'D21', 'D22', 'D23', 'D24', 'D25', 'D26', 'D27', 'D28', 'D3', 'D6', 'D7', 'D8', 'D9']"
2,B18,[],[],"['D1', 'D10', 'D2', 'D21', 'D22', 'D23', 'D24', 'D25', 'D26', 'D27', 'D28', 'D3', 'D6', 'D7', 'D8', 'D9']","['D1', 'D10', 'D2', 'D21', 'D22', 'D23', 'D24', 'D25', 'D26', 'D27', 'D28', 'D3', 'D6', 'D7', 'D8', 'D9']"
2,B19,['D29'],['D27'],"['D1', 'D10', 'D2', 'D21', 'D22', 'D23', 'D24', 'D25', 'D26', 'D27', 'D28', 'D3', 'D6', 'D7', 'D8', 'D9']","['D1', 'D10', 'D2', 'D21', 'D22', 'D23', 'D24', 'D25', 'D26', 'D28', 'D29', 'D3', 'D6', 'D7', 'D8', 'D9']"
2,B20,[],[],"['D1', 'D10', 'D2', 'D21', 'D22', 'D23', 'D24', 'D25', 'D26', 'D27', 'D28', 'D29', 'D3', 'D6', 'D7', 'D8', 'D9']","['D1', 'D10', 'D2', 'D21', 'D22', 'D23', 'D24', 'D25', 'D26', 'D27', 'D28', 'D29', 'D3', 'D6', 'D7', 'D8', 'D9']"
2,B21,['D30'],['D28'],"['D1', 'D10', 'D2', 'D21', 'D22', 'D23', 'D24', 'D25', 'D26', 'D27', 'D28', 'D29', 'D3', 'D6', 'D7', 'D8', 'D9']","['D1', 'D10', 'D2', 'D21', 'D22', 'D23', 'D24', 'D25', 'D26', 'D27', 'D29', 'D3', 'D30', 'D6', 'D7', 'D8', 'D9']"
2,B22,"['D31', 'D32']",[],"['D1', 'D10', 'D2', 'D21', 'D22', 'D23', 'D24', 'D25', 'D26', 'D27', 'D28', 'D29', 'D3', 'D30', 'D6', 'D7', 'D8', 'D9']","['D1', 'D10', 'D2', 'D21', 'D22', 'D23', 'D24', 'D25', 'D26', 'D27', 'D28', 'D29', 'D3', 'D30', 'D31', 'D32', 'D6', 'D7', 'D8', 'D9']"
2,B23,[],[],"['D1', 'D2', 'D3', 'D6', 'D7', 'D8', 'D9']","['D1', 'D2', 'D3', 'D6', 'D7', 'D8', 'D9']"
2,B24,[],[],"['D1', 'D2', 'D3', 'D6', 'D7', 'D8', 'D9']","['D1', 'D2', 'D3', 'D6', 'D7', 'D8', 'D9']"
2,B25,[],[],"['D1', 'D2', 'D3', 'D6', 'D7', 'D8', 'D9']","['D1', 'D2', 'D3', 'D6', 'D7', 'D8', 'D9']"
2,B26,[],[],"['D1', 'D2', 'D3', 'D6', 'D7', 'D8', 'D9']","['D1', 'D2', 'D3', 'D6', 'D7', 'D8', 'D9']"
2,B27,"['D33', 'D34']",[],"['D1', 'D2', 'D3', 'D6', 'D7', 'D8', 'D9']","['D1', 'D2', 'D3', 'D33', 'D34', 'D6', 'D7', 'D8', 'D9']"
2,B28,[],[],"['D1', 'D2', 'D3', 'D33', 'D34', 'D6', 'D7', 'D8', 'D9']","['D1', 'D2', 'D3', 'D33', 'D34', 'D6', 'D7', 'D8', 'D9']"
2,B29,[],[],"['D1', 'D2', 'D3', 'D33', 'D34', 'D6', 'D7', 'D8', 'D9']","['D1', 'D2', 'D3', 'D33', 'D34', 'D6', 'D7', 'D8', 'D9']"
2,B30,[],[],"['D1', 'D2', 'D3', 'D33', 'D34', 'D6', 'D7', 'D8', 'D9']","['D1', 'D2', 'D3', 'D33', 'D34', 'D6', 'D7', 'D8', 'D9']"
2,B31,[],[],"['D1', 'D2', 'D3', 'D33', 'D34', 'D6', 'D7', 'D8', 'D9']","['D1', 'D2', 'D3', 'D33', 'D34', 'D6', 'D7', 'D8', 'D9']"
2,B32,[],[],"['D1', 'D2', 'D3', 'D33', 'D34', 'D6', 'D7', 'D8', 'D9']","['D1', 'D2', 'D3', 'D33', 'D34', 'D6', 'D7', 'D8', 'D9']"
2,B33,[],[],"['D1', 'D2', 'D3', 'D33', 'D34', 'D6', 'D7', 'D8', 'D9']","['D1', 'D2', 'D3', 'D33', 'D34', 'D6', 'D7', 'D8', 'D9']"
2,B34,[],[],"['D1', 'D2', 'D3', 'D33', 'D34', 'D6', 'D7', 'D8', 'D9']","['D1', 'D2', 'D3', 'D33', 'D34', 'D6', 'D7', 'D8', 'D9']"
2,B35,"['D35', 'D36', 'D37']",[],"['D1', 'D2', 'D3', 'D6', 'D7', 'D8', 'D9']","['D1', 'D2', 'D3', 'D35', 'D36', 'D37', 'D6', 'D7', 'D8', 'D9']"
2,B36,[],[],"['D1', 'D2', 'D3', 'D35', 'D36', 'D37', 'D6', 'D7', 'D8', 'D9']","['D1', 'D2', 'D3', 'D35', 'D36', 'D37', 'D6', 'D7', 'D8', 'D9']"
2,B37,['D38'],['D48'],"['D1', 'D2', 'D3', 'D35', 'D36', 'D37', 'D6', 'D7', 'D8', 'D9']","['D1', 'D2', 'D3', 'D35', 'D36', 'D37', 'D38', 'D6', 'D7', 'D8', 'D9']"
2,B38,[],[],"['D1', 'D2', 'D3', 'D35', 'D36', 'D37', 'D38', 'D6', 'D7', 'D8', 'D9']","['D1', 'D2', 'D3', 'D35', 'D36', 'D37', 'D38', 'D6', 'D7', 'D8', 'D9']"
2,B39,"['D39', 'D40', 'D41', 'D42', 'D43', 'D44', 'D45', 'D46', 'D47', 'D48']",['D38'],"['D1', 'D2', 'D3', 'D35', 'D36', 'D37', 'D38', 'D6', 'D7', 'D8', 'D9']","['D1', 'D2', 'D3', 'D35', 'D36', 'D37', 'D39', 'D40', 'D41', 'D42', 'D43', 'D44', 'D45', 'D46', 'D47', 'D48', 'D6', 'D7', 'D8', 'D9']"
2,B40,"['D49', 'D50', 'D51', 'D52', 'D53', 'D54', 'D55', 'D56', 'D57']","['D58', 'D59']","['D1', 'D2', 'D3', 'D35', 'D36', 'D37', 'D38', 'D6', 'D7', 'D8', 'D9']","['D1', 'D2', 'D3', 'D35', 'D36', 'D37', 'D38', 'D49', 'D50', 'D51', 'D52', 'D53', 'D54', 'D55', 'D56', 'D57', 'D6', 'D7', 'D8', 'D9']"
2,B41,[],[],"['D1', 'D2', 'D3', 'D35', 'D36', 'D37', 'D38', 'D49', 'D50', 'D51', 'D52', 'D53', 'D54', 'D55', 'D56', 'D57', 'D6', 'D7', 'D8', 'D9']","['D1', 'D2', 'D3', 'D35', 'D36', 'D37', 'D38', 'D49', 'D50', 'D51', 'D52', 'D53', 'D54', 'D55', 'D56', 'D57', 'D6', 'D7', 'D8', 'D9']"
2,B42,['D58'],['D56'],"['D1', 'D2', 'D3', 'D35', 'D36', 'D37', 'D38', 'D49', 'D50', 'D51', 'D52', 'D53', 'D54', 'D55', 'D56', 'D57', 'D6', 'D7', 'D8', 'D9']","['D1', 'D2', 'D3', 'D35', 'D36', 'D37', 'D38', 'D49', 'D50', 'D51', 'D52', 'D53', 'D54', 'D55', 'D57', 'D58', 'D6', 'D7', 'D8', 'D9']"
2,B43,[],[],"['D1', 'D2', 'D3', 'D35', 'D36', 'D37', 'D38', 'D49', 'D50', 'D51', 'D52', 'D53', 'D54', 'D55', 'D56', 'D57', 'D58', 'D6', 'D7', 'D8', 'D9']","['D1', 'D2', 'D3', 'D35', 'D36', 'D37', 'D38', 'D49', 'D50', 'D51', 'D52', 'D53', 'D54', 'D55', 'D56', 'D57', 'D58', 'D6', 'D7', 'D8', 'D9']"
2,B44,['D59'],['D57'],"['D1', 'D2', 'D3', 'D35', 'D36', 'D37', 'D38', 'D49', 'D50', 'D51', 'D52', 'D53', 'D54', 'D55', 'D56', 'D57', 'D58', 'D6', 'D7', 'D8', 'D9']","['D1', 'D2', 'D3', 'D35', 'D36', 'D37', 'D38', 'D49', 'D50', 'D51', 'D52', 'D53', 'D54', 'D55', 'D56', 'D58', 'D59', 'D6', 'D7', 'D8', 'D9']"
2,B45,"['D60', 'D61']",['D1'],"['D1', 'D2', 'D3', 'D35', 'D36', 'D37', 'D38', 'D49', 'D50', 'D51', 'D52', 'D53', 'D54', 'D55', 'D56', 'D57', 'D58', 'D59', 'D6', 'D7', 'D8', 'D9']","['D2', 'D3', 'D35', 'D36', 'D37', 'D38', 'D49', 'D50', 'D51', 'D52', 'D53', 'D54', 'D55', 'D56', 'D57', 'D58', 'D59', 'D6', 'D60', 'D61', 'D7', 'D8', 'D9']"
2,B46,[],[],"['D1', 'D2', 'D3', 'D35', 'D36', 'D37', 'D6', 'D7', 'D8', 'D9']","['D1', 'D2', 'D3', 'D35', 'D36', 'D37', 'D6', 'D7', 'D8', 'D9']"
2,B47,[],[],"['D1', 'D2', 'D3', 'D35', 'D36', 'D37', 'D6', 'D7', 'D8', 'D9']","['D1', 'D2', 'D3', 'D35', 'D36', 'D37', 'D6', 'D7', 'D8', 'D9']"
2,B48,[],[],"['D1', 'D2', 'D3', 'D35', 'D36', 'D37', 'D6', 'D7', 'D8', 'D9']","['D1', 'D2', 'D3', 'D35', 'D36', 'D37', 'D6', 'D7', 'D8', 'D9']"
2,B49,[],[],"['D1', 'D2', 'D3', 'D35', 'D36', 'D37', 'D6', 'D7', 'D8', 'D9']","['D1', 'D2', 'D3', 'D35', 'D36', 'D37', 'D6', 'D7', 'D8', 'D9']"
2,B50,"['D62', 'D63']",[],"['D1', 'D2', 'D3', 'D35', 'D36', 'D37', 'D6', 'D7', 'D8', 'D9']","['D1', 'D2', 'D3', 'D35', 'D36', 'D37', 'D6', 'D62', 'D63', 'D7', 'D8', 'D9']"
2,B51,[],[],"['D1', 'D2', 'D3', 'D35', 'D36', 'D37', 'D6', 'D62', 'D63', 'D7', 'D8', 'D9']","['D1', 'D2', 'D3', 'D35', 'D36', 'D37', 'D6', 'D62', 'D63', 'D7', 'D8', 'D9']"
2,B52,[],[],"['D1', 'D2', 'D3', 'D35', 'D36', 'D37', 'D6', 'D62', 'D63', 'D7', 'D8', 'D9']","['D1', 'D2', 'D3', 'D35', 'D36', 'D37', 'D6', 'D62', 'D63', 'D7', 'D8', 'D9']"
2,B53,[],[],"['D1', 'D2', 'D3', 'D35', 'D36', 'D37', 'D6', 'D62', 'D63', 'D7', 'D8', 'D9']","['D1', 'D2', 'D3', 'D35', 'D36', 'D37', 'D6', 'D62', 'D63', 'D7', 'D8', 'D9']"
2,B54,[],[],"['D1', 'D2', 'D3', 'D35', 'D36', 'D37', 'D6', 'D62', 'D63', 'D7', 'D8', 'D9']","['D1', 'D2', 'D3', 'D35', 'D36', 'D37', 'D6', 'D62', 'D63', 'D7', 'D8', 'D9']"
2,B55,[],[],"['D1', 'D2', 'D3', 'D35', 'D36', 'D37', 'D6', 'D62', 'D63', 'D7', 'D8', 'D9']","['D1', 'D2', 'D3', 'D35', 'D36', 'D37', 'D6', 'D62', 'D63', 'D7', 'D8', 'D9']"
2,B56,[],[],"['D1', 'D2', 'D3', 'D35', 'D36', 'D37', 'D6', 'D62', 'D63', 'D7', 'D8', 'D9']","['D1', 'D2', 'D3', 'D35', 'D36', 'D37', 'D6', 'D62', 'D63', 'D7', 'D8', 'D9']"
2,B57,[],[],"['D1', 'D2', 'D3', 'D35', 'D36', 'D37', 'D6', 'D62', 'D63', 'D7', 'D8', 'D9']","['D1', 'D2', 'D3', 'D35', 'D36', 'D37', 'D6', 'D62', 'D63', 'D7', 'D8', 'D9']"
2,B58,[],[],"['D1', 'D2', 'D3', 'D35', 'D36', 'D37', 'D6', 'D7', 'D8', 'D9']","['D1', 'D2', 'D3', 'D35', 'D36', 'D37', 'D6', 'D7', 'D8', 'D9']"
3,B0,"['D1', 'D2', 'D3']",['D61'],[],"['D1', 'D2', 'D3']"
3,B1,[],[],"['D1', 'D2', 'D3', 'D4', 'D5']","['D1', 'D2', 'D3', 'D4', 'D5']"
3,B2,[],[],"['D1', 'D2', 'D3', 'D4', 'D5']","['D1', 'D2', 'D3', 'D4', 'D5']"
3,B3,[],[],"['D1', 'D2', 'D3', 'D4', 'D5']","['D1', 'D2', 'D3', 'D4', 'D5']"
3,B4,"['D4', 'D5']",[],"['D1', 'D2', 'D3', 'D4', 'D5']","['D1', 'D2', 'D3', 'D4', 'D5']"
3,B5,[],[],"['D1', 'D2', 'D3', 'D4', 'D5']","['D1', 'D2', 'D3', 'D4', 'D5']"
3,B6,[],[],"['D1', 'D2', 'D3', 'D4', 'D5']","['D1', 'D2', 'D3', 'D4', 'D5']"
3,B7,[],[],"['D1', 'D2', 'D3', 'D4', 'D5']","['D1', 'D2', 'D3', 'D4', 'D5']"
3,B8,[],[],"['D1', 'D2', 'D3', 'D4', 'D5']","['D1', 'D2', 'D3', 'D4', 'D5']"
3,B9,[],[],"['D1', 'D2', 'D3', 'D4', 'D5']","['D1', 'D2', 'D3', 'D4', 'D5']"
3,B10,[],[],"['D1', 'D2', 'D3', 'D4', 'D5']","['D1', 'D2', 'D3', 'D4', 'D5']"
3,B11,[],[],"['D1', 'D2', 'D3', 'D4', 'D5']","['D1', 'D2', 'D3', 'D4', 'D5']"
3,B12,"['D6', 'D7', 'D8', 'D9']",[],"['D1', 'D2', 'D3', 'D4', 'D5']","['D1', 'D2', 'D3', 'D4', 'D5', 'D6', 'D7', 'D8', 'D9']"
3,B13,[],[],"['D1', 'D10', 'D2', 'D21', 'D22', 'D23', 'D24', 'D25', 'D26', 'D27', 'D28', 'D29', 'D3', 'D30', 'D31', 'D32', 'D4', 'D5', 'D6', 'D7', 'D8', 'D9']","['D1', 'D10', 'D2', 'D21', 'D22', 'D23', 'D24', 'D25', 'D26', 'D27', 'D28', 'D29', 'D3', 'D30', 'D31', 'D32', 'D4', 'D5', 'D6', 'D7', 'D8', 'D9']"
3,B14,['D10'],['D20'],"['D1', 'D10', 'D2', 'D21', 'D22', 'D23', 'D24', 'D25', 'D26', 'D27', 'D28', 'D29', 'D3', 'D30', 'D31', 'D32', 'D4', 'D5', 'D6', 'D7', 'D8', 'D9']","['D1', 'D10', 'D2', 'D21', 'D22', 'D23', 'D24', 'D25', 'D26', 'D27', 'D28', 'D29', 'D3', 'D30', 'D31', 'D32', 'D4', 'D5', 'D6', 'D7', 'D8', 'D9']"
3,B15,[],[],"['D1', 'D10', 'D11', 'D12', 'D13', 'D14', 'D15', 'D16', 'D17', 'D18', 'D19', 'D2', 'D20', 'D21', 'D22', 'D23', 'D24', 'D25', 'D26', 'D27', 'D28', 'D29', 'D3', 'D30', 'D31', 'D32', 'D4', 'D5', 'D6', 'D7', 'D8', 'D9']","['D1', 'D10', 'D11', 'D12', 'D13', 'D14', 'D15', 'D16', 'D17', 'D18', 'D19', 'D2', 'D20', 'D21', 'D22', 'D23', 'D24', 'D25', 'D26', 'D27', 'D28', 'D29', 'D3', 'D30', 'D31', 'D32', 'D4', 'D5', 'D6', 'D7', 'D8', 'D9']"
3,B16,"['D11', 'D12', 'D13', 'D14', 'D15', 'D16', 'D17', 'D18', 'D19', 'D20']",['D10'],"['D1', 'D10', 'D11', 'D12', 'D13', 'D14', 'D15', 'D16', 'D17', 'D18', 'D19', 'D2', 'D20', 'D21', 'D22', 'D23', 'D24', 'D25', 'D26', 'D27', 'D28', 'D29', 'D3', 'D30', 'D31', 'D32', 'D4', 'D5', 'D6', 'D7', 'D8', 'D9']","['D1', 'D11', 'D12', 'D13', 'D14', 'D15', 'D16', 'D17', 'D18', 'D19', 'D2', 'D20', 'D21', 'D22', 'D23', 'D24', 'D25', 'D26', 'D27', 'D28', 'D29', 'D3', 'D30', 'D31', 'D32', 'D4', 'D5', 'D6', 'D7', 'D8', 'D9']"
3,B17,"['D21', 'D22', 'D23', 'D24', 'D25', 'D26', 'D27', 'D28']","['D29', 'D30']","['D1', 'D10', 'D11', 'D12', 'D13', 'D14', 'D15', 'D16', 'D17', 'D18', 'D19', 'D2', 'D20', 'D21', 'D22', 'D23', 'D24', 'D25', 'D26', 'D27', 'D28', 'D29', 'D3', 'D30', 'D31', 'D32', 'D4', 'D5', 'D6', 'D7', 'D8', 'D9']","['D1', 'D10', 'D11', 'D12', 'D13', 'D14', 'D15', 'D16', 'D17', 'D18', 'D19', 'D2', 'D20', 'D21', 'D22', 'D23', 'D24', 'D25', 'D26', 'D27', 'D28', 'D3', 'D31', 'D32', 'D4', 'D5', 'D6', 'D7', 'D8', 'D9']"
3,B18,[],[],"['D1', 'D10', 'D11', 'D12', 'D13', 'D14', 'D15', 'D16', 'D17', 'D18', 'D19', 'D2', 'D20', 'D21', 'D22', 'D23', 'D24', 'D25', 'D26', 'D27', 'D28', 'D3', 'D31', 'D32', 'D4', 'D5', 'D6', 'D7', 'D8', 'D9']","['D1', 'D10', 'D11', 'D12', 'D13', 'D14', 'D15', 'D16', 'D17', 'D18', 'D19', 'D2', 'D20', 'D21', 'D22', 'D23', 'D24', 'D25', 'D26', 'D27', 'D28', 'D3', 'D31', 'D32', 'D4', 'D5', 'D6', 'D7', 'D8', 'D9']"
3,B19,['D29'],['D27'],"['D1', 'D10', 'D11', 'D12', 'D13', 'D14', 'D15', 'D16', 'D17', 'D18', 'D19', 'D2', 'D20', 'D21', 'D22', 'D23', 'D24', 'D25', 'D26', 'D27', 'D28', 'D3', 'D31', 'D32', 'D4', 'D5', 'D6', 'D7', 'D8', 'D9']","['D1', 'D10', 'D11', 'D12', 'D13', 'D14', 'D15', 'D16', 'D17', 'D18', 'D19', 'D2', 'D20', 'D21', 'D22', 'D23', 'D24', 'D25', 'D26', 'D28', 'D29', 'D3', 'D31', 'D32', 'D4', 'D5', 'D6', 'D7', 'D8', 'D9']"
3,B20,[],[],"['D1', 'D10', 'D11', 'D12', 'D13', 'D14', 'D15', 'D16', 'D17', 'D18', 'D19', 'D2', 'D20', 'D21', 'D22', 'D23', 'D24', 'D25', 'D26', 'D27', 'D28', 'D29', 'D3', 'D31', 'D32', 'D4', 'D5', 'D6', 'D7', 'D8', 'D9']","['D1', 'D10', 'D11', 'D12', 'D13', 'D14', 'D15', 'D16', 'D17', 'D18', 'D19', 'D2', 'D20', 'D21', 'D22', 'D23', 'D24', 'D25', 'D26', 'D27', 'D28', 'D29', 'D3', 'D31', 'D32', 'D4', 'D5', 'D6', 'D7', 'D8', 'D9']"
3,B21,['D30'],['D28'],"['D1', 'D10', 'D11', 'D12', 'D13', 'D14', 'D15', 'D16', 'D17', 'D18', 'D19', 'D2', 'D20', 'D21', 'D22', 'D23', 'D24', 'D25', 'D26', 'D27', 'D28', 'D29', 'D3', 'D31', 'D32', 'D4', 'D5', 'D6', 'D7', 'D8', 'D9']","['D1', 'D10', 'D11', 'D12', 'D13', 'D14', 'D15', 'D16', 'D17', 'D18', 'D19', 'D2', 'D20', 'D21', 'D22', 'D23', 'D24', 'D25', 'D26', 'D27', 'D29', 'D3', 'D30', 'D31', 'D32', 'D4', 'D5', 'D6', 'D7', 'D8', 'D9']"
3,B22,"['D31', 'D32']",[],"['D1', 'D10', 'D11', 'D12', 'D13', 'D14', 'D15', 'D16', 'D17', 'D18', 'D19', 'D2', 'D20', 'D21', 'D22', 'D23', 'D24', 'D25', 'D26', 'D27', 'D28', 'D29', 'D3', 'D30', 'D31', 'D32', 'D4', 'D5', 'D6', 'D7', 'D8', 'D9']","['D1', 'D10', 'D11', 'D12', 'D13', 'D14', 'D15', 'D16', 'D17', 'D18', 'D19', 'D2', 'D20', 'D21', 'D22', 'D23', 'D24', 'D25', 'D26', 'D27', 'D28', 'D29', 'D3', 'D30', 'D31', 'D32', 'D4', 'D5', 'D6', 'D7', 'D8', 'D9']"
3,B23,[],[],"['D1', 'D10', 'D2', 'D21', 'D22', 'D23', 'D24', 'D25', 'D26', 'D27', 'D28', 'D29', 'D3', 'D30', 'D31', 'D32', 'D4', 'D5', 'D6', 'D7', 'D8', 'D9']","['D1', 'D10', 'D2', 'D21', 'D22', 'D23', 'D24', 'D25', 'D26', 'D27', 'D28', 'D29', 'D3', 'D30', 'D31', 'D32', 'D4', 'D5', 'D6', 'D7', 'D8', 'D9']"
3,B24,[],[],"['D1', 'D10', 'D2', 'D21', 'D22', 'D23', 'D24', 'D25', 'D26', 'D27', 'D28', 'D29', 'D3', 'D30', 'D31', 'D32', 'D33', 'D34', 'D4', 'D5', 'D6', 'D7', 'D8', 'D9']","['D1', 'D10', 'D2', 'D21', 'D22', 'D23', 'D24', 'D25', 'D26', 'D27', 'D28', 'D29', 'D3', 'D30', 'D31', 'D32', 'D33', 'D34', 'D4', 'D5', 'D6', 'D7', 'D8', 'D9']"
3,B25,[],[],"['D1', 'D10', 'D2', 'D21', 'D22', 'D23', 'D24', 'D25', 'D26', 'D27', 'D28', 'D29', 'D3', 'D30', 'D31', 'D32', 'D33', 'D34', 'D4', 'D5', 'D6', 'D7', 'D8', 'D9']","['D1', 'D10', 'D2', 'D21', 'D22', 'D23', 'D24', 'D25', 'D26', 'D27', 'D28', 'D29', 'D3', 'D30', 'D31', 'D32', 'D33', 'D34', 'D4', 'D5', 'D6', 'D7', 'D8', 'D9']"
3,B26,[],[],"['D1', 'D10', 'D2', 'D21', 'D22', 'D23', 'D24', 'D25', 'D26', 'D27', 'D28', 'D29', 'D3', 'D30', 'D31', 'D32', 'D33', 'D34', 'D4', 'D5', 'D6', 'D7', 'D8', 'D9']","['D1', 'D10', 'D2', 'D21', 'D22', 'D23', 'D24', 'D25', 'D26', 'D27', 'D28', 'D29', 'D3', 'D30', 'D31', 'D32', 'D33', 'D34', 'D4', 'D5', 'D6', 'D7', 'D8', 'D9']"
3,B27,"['D33', 'D34']",[],"['D1', 'D10', 'D2', 'D21', 'D22', 'D23', 'D24', 'D25', 'D26', 'D27', 'D28', 'D29', 'D3', 'D30', 'D31', 'D32', 'D33', 'D34', 'D4', 'D5', 'D6', 'D7', 'D8', 'D9']","['D1', 'D10', 'D2', 'D21', 'D22', 'D23', 'D24', 'D25', 'D26', 'D27', 'D28', 'D29', 'D3', 'D30', 'D31', 'D32', 'D33', 'D34', 'D4', 'D5', 'D6', 'D7', 'D8', 'D9']"
3,B28,[],[],"['D1', 'D10', 'D2', 'D21', 'D22', 'D23', 'D24', 'D25', 'D26', 'D27', 'D28', 'D29', 'D3', 'D30', 'D31', 'D32', 'D33', 'D34', 'D4', 'D5', 'D6', 'D7', 'D8', 'D9']","['D1', 'D10', 'D2', 'D21', 'D22', 'D23', 'D24', 'D25', 'D26', 'D27', 'D28', 'D29', 'D3', 'D30', 'D31', 'D32', 'D33', 'D34', 'D4', 'D5', 'D6', 'D7', 'D8', 'D9']"
3,B29,[],[],"['D1', 'D10', 'D2', 'D21', 'D22', 'D23', 'D24', 'D25', 'D26', 'D27', 'D28', 'D29', 'D3', 'D30', 'D31', 'D32', 'D33', 'D34', 'D4', 'D5', 'D6', 'D7', 'D8', 'D9']","['D1', 'D10', 'D2', 'D21', 'D22', 'D23', 'D24', 'D25', 'D26', 'D27', 'D28', 'D29', 'D3', 'D30', 'D31', 'D32', 'D33', 'D34', 'D4', 'D5', 'D6', 'D7', 'D8', 'D9']"
3,B30,[],[],"['D1', 'D10', 'D2', 'D21', 'D22', 'D23', 'D24', 'D25', 'D26', 'D27', 'D28', 'D29', 'D3', 'D30', 'D31', 'D32', 'D33', 'D34', 'D4', 'D5', 'D6', 'D7', 'D8', 'D9']","['D1', 'D10', 'D2', 'D21', 'D22', 'D23', 'D24', 'D25', 'D26', 'D27', 'D28', 'D29', 'D3', 'D30', 'D31', 'D32', 'D33', 'D34', 'D4', 'D5', 'D6', 'D7', 'D8', 'D9']"
3,B31,[],[],"['D1', 'D10', 'D2', 'D21', 'D22', 'D23', 'D24', 'D25', 'D26', 'D27', 'D28', 'D29', 'D3', 'D30', 'D31', 'D32', 'D33', 'D34', 'D4', 'D5', 'D6', 'D7', 'D8', 'D9']","['D1', 'D10', 'D2', 'D21', 'D22', 'D23', 'D24', 'D25', 'D26', 'D27', 'D28', 'D29', 'D3', 'D30', 'D31', 'D32', 'D33', 'D34', 'D4', 'D5', 'D6', 'D7', 'D8', 'D9']"
3,B32,[],[],"['D1', 'D10', 'D2', 'D21', 'D22', 'D23', 'D24', 'D25', 'D26', 'D27', 'D28', 'D29', 'D3', 'D30', 'D31', 'D32', 'D33', 'D34', 'D4', 'D5', 'D6', 'D7', 'D8', 'D9']","['D1', 'D10', 'D2', 'D21', 'D22', 'D23', 'D24', 'D25', 'D26', 'D27', 'D28', 'D29', 'D3', 'D30', 'D31', 'D32', 'D33', 'D34', 'D4', 'D5', 'D6', 'D7', 'D8', 'D9']"
3,B33,[],[],"['D1', 'D10', 'D2', 'D21', 'D22', 'D23', 'D24', 'D25', 'D26', 'D27', 'D28', 'D29', 'D3', 'D30', 'D31', 'D32', 'D33', 'D34', 'D4', 'D5', 'D6', 'D7', 'D8', 'D9']","['D1', 'D10', 'D2', 'D21', 'D22', 'D23', 'D24', 'D25', 'D26', 'D27', 'D28', 'D29', 'D3', 'D30', 'D31', 'D32', 'D33', 'D34', 'D4', 'D5', 'D6', 'D7', 'D8', 'D9']"
3,B34,[],[],"['D1', 'D10', 'D2', 'D21', 'D22', 'D23', 'D24', 'D25', 'D26', 'D27', 'D28', 'D29', 'D3', 'D30', 'D31', 'D32', 'D33', 'D34', 'D4', 'D5', 'D6', 'D7', 'D8', 'D9']","['D1', 'D10', 'D2', 'D21', 'D22', 'D23', 'D24', 'D25', 'D26', 'D27', 'D28', 'D29', 'D3', 'D30', 'D31', 'D32', 'D33', 'D34', 'D4', 'D5', 'D6', 'D7', 'D8', 'D9']"
3,B35,"['D35', 'D36', 'D37']",[],"['D1', 'D10', 'D2', 'D21', 'D22', 'D23', 'D24', 'D25', 'D26', 'D27', 'D28', 'D29', 'D3', 'D30', 'D31', 'D32', 'D33', 'D34', 'D4', 'D5', 'D6', 'D7', 'D8', 'D9']","['D1', 'D10', 'D2', 'D21', 'D22', 'D23', 'D24', 'D25', 'D26', 'D27', 'D28', 'D29', 'D3', 'D30', 'D31', 'D32', 'D33', 'D34', 'D35', 'D36', 'D37', 'D4', 'D5', 'D6', 'D7', 'D8', 'D9']"
3,B36,[],[],"['D1', 'D10', 'D2', 'D21', 'D22', 'D23', 'D24', 'D25', 'D26', 'D27', 'D28', 'D29', 'D3', 'D30', 'D31', 'D32', 'D33', 'D34', 'D35', 'D36', 'D37', 'D38', 'D4', 'D49', 'D5', 'D50', 'D51', 'D52', 'D53', 'D54', 'D55', 'D56', 'D57', 'D58', 'D59', 'D6', 'D60', 'D61', 'D7', 'D8', 'D9']","['D1', 'D10', 'D2', 'D21', 'D22', 'D23', 'D24', 'D25', 'D26', 'D27', 'D28', 'D29', 'D3', 'D30', 'D31', 'D32', 'D33', 'D34', 'D35', 'D36', 'D37', 'D38', 'D4', 'D49', 'D5', 'D50', 'D51', 'D52', 'D53', 'D54', 'D55', 'D56', 'D57', 'D58', 'D59', 'D6', 'D60', 'D61', 'D7', 'D8', 'D9']"
3,B37,['D38'],['D48'],"['D1', 'D10', 'D2', 'D21', 'D22', 'D23', 'D24', 'D25', 'D26', 'D27', 'D28', 'D29', 'D3', 'D30', 'D31', 'D32', 'D33', 'D34', 'D35', 'D36', 'D37', 'D38', 'D4', 'D49', 'D5', 'D50', 'D51', 'D52', 'D53', 'D54', 'D55', 'D56', 'D57', 'D58', 'D59', 'D6', 'D60', 'D61', 'D7', 'D8', 'D9']","['D1', 'D10', 'D2', 'D21', 'D22', 'D23', 'D24', 'D25', 'D26', 'D27', 'D28', 'D29', 'D3', 'D30', 'D31', 'D32', 'D33', 'D34', 'D35', 'D36', 'D37', 'D38', 'D4', 'D49', 'D5', 'D50', 'D51', 'D52', 'D53', 'D54', 'D55', 'D56', 'D57', 'D58', 'D59', 'D6', 'D60', 'D61', 'D7', 'D8', 'D9']"
3,B38,[],[],"['D1', 'D10', 'D2', 'D21', 'D22', 'D23', 'D24', 'D25', 'D26', 'D27', 'D28', 'D29', 'D3', 'D30', 'D31', 'D32', 'D33', 'D34', 'D35', 'D36', 'D37', 'D38', 'D39', 'D4', 'D40', 'D41', 'D42', 'D43', 'D44', 'D45', 'D46', 'D47', 'D48', 'D49', 'D5', 'D50', 'D51', 'D52', 'D53', 'D54', 'D55', 'D56', 'D57', 'D58', 'D59', 'D6', 'D60', 'D61', 'D7', 'D8', 'D9']","['D1', 'D10', 'D2', 'D21', 'D22', 'D23', 'D24', 'D25', 'D26', 'D27', 'D28', 'D29', 'D3', 'D30', 'D31', 'D32', 'D33', 'D34', 'D35', 'D36', 'D37', 'D38', 'D39', 'D4', 'D40', 'D41', 'D42', 'D43', 'D44', 'D45', 'D46', 'D47', 'D48', 'D49', 'D5', 'D50', 'D51', 'D52', 'D53', 'D54', 'D55', 'D56', 'D57', 'D58', 'D59', 'D6', 'D60', 'D61', 'D7', 'D8', 'D9']"
3,B39,"['D39', 'D40', 'D41', 'D42', 'D43', 'D44', 'D45', 'D46', 'D47', 'D48']",['D38'],"['D1', 'D10', 'D2', 'D21', 'D22', 'D23', 'D24', 'D25', 'D26', 'D27', 'D28', 'D29', 'D3', 'D30', 'D31', 'D32', 'D33', 'D34', 'D35', 'D36', 'D37', 'D38', 'D39', 'D4', 'D40', 'D41', 'D42', 'D43', 'D44', 'D45', 'D46', 'D47', 'D48', 'D49', 'D5', 'D50', 'D51', 'D52', 'D53', 'D54', 'D55', 'D56', 'D57', 'D58', 'D59', 'D6', 'D60', 'D61', 'D7', 'D8', 'D9']","['D1', 'D10', 'D2', 'D21', 'D22', 'D23', 'D24', 'D25', 'D26', 'D27', 'D28', 'D29', 'D3', 'D30', 'D31', 'D32', 'D33', 'D34', 'D35', 'D36', 'D37', 'D39', 'D4', 'D40', 'D41', 'D42', 'D43', 'D44', 'D45', 'D46', 'D47', 'D48', 'D49', 'D5', 'D50', 'D51', 'D52', 'D53', 'D54', 'D55', 'D56', 'D57', 'D58', 'D59', 'D6', 'D60', 'D61', 'D7', 'D8', 'D9']"
3,B40,"['D49', 'D50', 'D51', 'D52', 'D53', 'D54', 'D55', 'D56', 'D57']","['D58', 'D59']","['D1', 'D10', 'D2', 'D21', 'D22', 'D23', 'D24', 'D25', 'D26', 'D27', 'D28', 'D29', 'D3', 'D30', 'D31', 'D32', 'D33', 'D34', 'D35', 'D36', 'D37', 'D38', 'D39', 'D4', 'D40', 'D41', 'D42', 'D43', 'D44', 'D45', 'D46', 'D47', 'D48', 'D49', 'D5', 'D50', 'D51', 'D52', 'D53', 'D54', 'D55', 'D56', 'D57', 'D58', 'D59', 'D6', 'D60', 'D61', 'D7', 'D8', 'D9']","['D1', 'D10', 'D2', 'D21', 'D22', 'D23', 'D24', 'D25', 'D26', 'D27', 'D28', 'D29', 'D3', 'D30', 'D31', 'D32', 'D33', 'D34', 'D35', 'D36', 'D37', 'D38', 'D39', 'D4', 'D40', 'D41', 'D42', 'D43', 'D44', 'D45', 'D46', 'D47', 'D48', 'D49', 'D5', 'D50', 'D51', 'D52', 'D53', 'D54', 'D55', 'D56', 'D57', 'D6', 'D60', 'D61', 'D7', 'D8', 'D9']"
3,B41,[],[],"['D1', 'D10', 'D2', 'D21', 'D22', 'D23', 'D24', 'D25', 'D26', 'D27', 'D28', 'D29', 'D3', 'D30', 'D31', 'D32', 'D33', 'D34', 'D35', 'D36', 'D37', 'D38', 'D39', 'D4', 'D40', 'D41', 'D42', 'D43', 'D44', 'D45', 'D46', 'D47', 'D48', 'D49', 'D5', 'D50', 'D51', 'D52', 'D53', 'D54', 'D55', 'D56', 'D57', 'D6', 'D60', 'D61', 'D7', 'D8', 'D9']","['D1', 'D10', 'D2', 'D21', 'D22', 'D23', 'D24', 'D25', 'D26', 'D27', 'D28', 'D29', 'D3', 'D30', 'D31', 'D32', 'D33', 'D34', 'D35', 'D36', 'D37', 'D38', 'D39', 'D4', 'D40', 'D41', 'D42', 'D43', 'D44', 'D45', 'D46', 'D47', 'D48', 'D49', 'D5', 'D50', 'D51', 'D52', 'D53', 'D54', 'D55', 'D56', 'D57', 'D6', 'D60', 'D61', 'D7', 'D8', 'D9']"
3,B42,['D58'],['D56'],"['D1', 'D10', 'D2', 'D21', 'D22', 'D23', 'D24', 'D25', 'D26', 'D27', 'D28', 'D29', 'D3', 'D30', 'D31', 'D32', 'D33', 'D34', 'D35', 'D36', 'D37', 'D38', 'D39', 'D4', 'D40', 'D41', 'D42', 'D43', 'D44', 'D45', 'D46', 'D47', 'D48', 'D49', 'D5', 'D50', 'D51', 'D52', 'D53', 'D54', 'D55', 'D56', 'D57', 'D6', 'D60', 'D61', 'D7', 'D8', 'D9']","['D1', 'D10', 'D2', 'D21', 'D22', 'D23', 'D24', 'D25', 'D26', 'D27', 'D28', 'D29', 'D3', 'D30', 'D31', 'D32', 'D33', 'D34', 'D35', 'D36', 'D37', 'D38', 'D39', 'D4', 'D40', 'D41', 'D42', 'D43', 'D44', 'D45', 'D46', 'D47', 'D48', 'D49', 'D5', 'D50', 'D51', 'D52', 'D53', 'D54', 'D55', 'D57', 'D58', 'D6', 'D60', 'D61', 'D7', 'D8', 'D9']"
3,B43,[],[],"['D1', 'D10', 'D2', 'D21', 'D22', 'D23', 'D24', 'D25', 'D26', 'D27', 'D28', 'D29', 'D3', 'D30', 'D31', 'D32', 'D33', 'D34', 'D35', 'D36', 'D37', 'D38', 'D39', 'D4', 'D40', 'D41', 'D42', 'D43', 'D44', 'D45', 'D46', 'D47', 'D48', 'D49', 'D5', 'D50', 'D51', 'D52', 'D53', 'D54', 'D55', 'D56', 'D57', 'D58', 'D6', 'D60', 'D61', 'D7', 'D8', 'D9']","['D1', 'D10', 'D2', 'D21', 'D22', 'D23', 'D24', 'D25', 'D26', 'D27', 'D28', 'D29', 'D3', 'D30', 'D31', 'D32', 'D33', 'D34', 'D35', 'D36', 'D37', 'D38', 'D39', 'D4', 'D40', 'D41', 'D42', 'D43', 'D44', 'D45', 'D46', 'D47', 'D48', 'D49', 'D5', 'D50', 'D51', 'D52', 'D53', 'D54', 'D55', 'D56', 'D57', 'D58', 'D6', 'D60', 'D61', 'D7', 'D8', 'D9']"
3,B44,['D59'],['D57'],"['D1', 'D10', 'D2', 'D21', 'D22', 'D23', 'D24', 'D25', 'D26', 'D27', 'D28', 'D29', 'D3', 'D30', 'D31', 'D32', 'D33', 'D34', 'D35', 'D36', 'D37', 'D38', 'D39', 'D4', 'D40', 'D41', 'D42', 'D43', 'D44', 'D45', 'D46', 'D47', 'D48', 'D49', 'D5', 'D50', 'D51', 'D52', 'D53', 'D54', 'D55', 'D56', 'D57', 'D58', 'D6', 'D60', 'D61', 'D7', 'D8', 'D9']","['D1', 'D10', 'D2', 'D21', 'D22', 'D23', 'D24', 'D25', 'D26', 'D27', 'D28', 'D29', 'D3', 'D30', 'D31', 'D32', 'D33', 'D34', 'D35', 'D36', 'D37', 'D38', 'D39', 'D4', 'D40', 'D41', 'D42', 'D43', 'D44', 'D45', 'D46', 'D47', 'D48', 'D49', 'D5', 'D50', 'D51', 'D52', 'D53', 'D54', 'D55', 'D56', 'D58', 'D59', 'D6', 'D60', 'D61', 'D7', 'D8', 'D9']"
3,B45,"['D60', 'D61']",['D1'],"['D1', 'D10', 'D2', 'D21', 'D22', 'D23', 'D24', 'D25', 'D26', 'D27', 'D28', 'D29', 'D3', 'D30', 'D31', 'D32', 'D33', 'D34', 'D35', 'D36', 'D37', 'D38', 'D39', 'D4', 'D40', 'D41', 'D42', 'D43', 'D44', 'D45', 'D46', 'D47', 'D48', 'D49', 'D5', 'D50', 'D51', 'D52', 'D53', 'D54', 'D55', 'D56', 'D57', 'D58', 'D59', 'D6', 'D60', 'D61', 'D7', 'D8', 'D9']","['D10', 'D2', 'D21', 'D22', 'D23', 'D24', 'D25', 'D26', 'D27', 'D28', 'D29', 'D3', 'D30', 'D31', 'D32', 'D33', 'D34', 'D35', 'D36', 'D37', 'D38', 'D39', 'D4', 'D40', 'D41', 'D42', 'D43', 'D44', 'D45', 'D46', 'D47', 'D48', 'D49', 'D5', 'D50', 'D51', 'D52', 'D53', 'D54', 'D55', 'D56', 'D57', 'D58', 'D59', 'D6', 'D60', 'D61', 'D7', 'D8', 'D9']"
3,B46,[],[],"['D1', 'D10', 'D2', 'D21', 'D22', 'D23', 'D24', 'D25', 'D26', 'D27', 'D28', 'D29', 'D3', 'D30', 'D31', 'D32', 'D33', 'D34', 'D35', 'D36', 'D37', 'D38', 'D4', 'D49', 'D5', 'D50', 'D51', 'D52', 'D53', 'D54', 'D55', 'D56', 'D57', 'D58', 'D59', 'D6', 'D60', 'D61', 'D7', 'D8', 'D9']","['D1', 'D10', 'D2', 'D21', 'D22', 'D23', 'D24', 'D25', 'D26', 'D27', 'D28', 'D29', 'D3', 'D30', 'D31', 'D32', 'D33', 'D34', 'D35', 'D36', 'D37', 'D38', 'D4', 'D49', 'D5', 'D50', 'D51', 'D52', 'D53', 'D54', 'D55', 'D56', 'D57', 'D58', 'D59', 'D6', 'D60', 'D61', 'D7', 'D8', 'D9']"
3,B47,[],[],"['D1', 'D10', 'D2', 'D21', 'D22', 'D23', 'D24', 'D25', 'D26', 'D27', 'D28', 'D29', 'D3', 'D30', 'D31', 'D32', 'D33', 'D34', 'D35', 'D36', 'D37', 'D38', 'D4', 'D49', 'D5', 'D50', 'D51', 'D52', 'D53', 'D54', 'D55', 'D56', 'D57', 'D58', 'D59', 'D6', 'D60', 'D61', 'D62', 'D63', 'D7', 'D8', 'D9']","['D1', 'D10', 'D2', 'D21', 'D22', 'D23', 'D24', 'D25', 'D26', 'D27', 'D28', 'D29', 'D3', 'D30', 'D31', 'D32', 'D33', 'D34', 'D35', 'D36', 'D37', 'D38', 'D4', 'D49', 'D5', 'D50', 'D51', 'D52', 'D53', 'D54', 'D55', 'D56', 'D57', 'D58', 'D59', 'D6', 'D60', 'D61', 'D62', 'D63', 'D7', 'D8', 'D9']"
3,B48,[],[],"['D1', 'D10', 'D2', 'D21', 'D22', 'D23', 'D24', 'D25', 'D26', 'D27', 'D28', 'D29', 'D3', 'D30', 'D31', 'D32', 'D33', 'D34', 'D35', 'D36', 'D37', 'D38', 'D4', 'D49', 'D5', 'D50', 'D51', 'D52', 'D53', 'D54', 'D55', 'D56', 'D57', 'D58', 'D59', 'D6', 'D60', 'D61', 'D62', 'D63', 'D7', 'D8', 'D9']","['D1', 'D10', 'D2', 'D21', 'D22', 'D23', 'D24', 'D25', 'D26', 'D27', 'D28', 'D29', 'D3', 'D30', 'D31', 'D32', 'D33', 'D34', 'D35', 'D36', 'D37', 'D38', 'D4', 'D49', 'D5', 'D50', 'D51', 'D52', 'D53', 'D54', 'D55', 'D56', 'D57', 'D58', 'D59', 'D6', 'D60', 'D61', 'D62', 'D63', 'D7', 'D8', 'D9']"
3,B49,[],[],"['D1', 'D10', 'D2', 'D21', 'D22', 'D23', 'D24', 'D25', 'D26', 'D27', 'D28', 'D29', 'D3', 'D30', 'D31', 'D32', 'D33', 'D34', 'D35', 'D36', 'D37', 'D38', 'D4', 'D49', 'D5', 'D50', 'D51', 'D52', 'D53', 'D54', 'D55', 'D56', 'D57', 'D58', 'D59', 'D6', 'D60', 'D61', 'D62', 'D63', 'D7', 'D8', 'D9']","['D1', 'D10', 'D2', 'D21', 'D22', 'D23', 'D24', 'D25', 'D26', 'D27', 'D28', 'D29', 'D3', 'D30', 'D31', 'D32', 'D33', 'D34', 'D35', 'D36', 'D37', 'D38', 'D4', 'D49', 'D5', 'D50', 'D51', 'D52', 'D53', 'D54', 'D55', 'D56', 'D57', 'D58', 'D59', 'D6', 'D60', 'D61', 'D62', 'D63', 'D7', 'D8', 'D9']"
3,B50,"['D62', 'D63']",[],"['D1', 'D10', 'D2', 'D21', 'D22', 'D23', 'D24', 'D25', 'D26', 'D27', 'D28', 'D29', 'D3', 'D30', 'D31', 'D32', 'D33', 'D34', 'D35', 'D36', 'D37', 'D38', 'D4', 'D49', 'D5', 'D50', 'D51', 'D52', 'D53', 'D54', 'D55', 'D56', 'D57', 'D58', 'D59', 'D6', 'D60', 'D61', 'D62', 'D63', 'D7', 'D8', 'D9']","['D1', 'D10', 'D2', 'D21', 'D22', 'D23', 'D24', 'D25', 'D26', 'D27', 'D28', 'D29', 'D3', 'D30', 'D31', 'D32', 'D33', 'D34', 'D35', 'D36', 'D37', 'D38', 'D4', 'D49', 'D5', 'D50', 'D51', 'D52', 'D53', 'D54', 'D55', 'D56', 'D57', 'D58', 'D59', 'D6', 'D60', 'D61', 'D62', 'D63', 'D7', 'D8', 'D9']"
3,B51,[],[],"['D1', 'D10', 'D2', 'D21', 'D22', 'D23', 'D24', 'D25', 'D26', 'D27', 'D28', 'D29', 'D3', 'D30', 'D31', 'D32', 'D33', 'D34', 'D35', 'D36', 'D37', 'D38', 'D4', 'D49', 'D5', 'D50', 'D51', 'D52', 'D53', 'D54', 'D55', 'D56', 'D57', 'D58', 'D59', 'D6', 'D60', 'D61', 'D62', 'D63', 'D7', 'D8', 'D9']","['D1', 'D10', 'D2', 'D21', 'D22', 'D23', 'D24', 'D25', 'D26', 'D27', 'D28', 'D29', 'D3', 'D30', 'D31', 'D32', 'D33', 'D34', 'D35', 'D36', 'D37', 'D38', 'D4', 'D49', 'D5', 'D50', 'D51', 'D52', 'D53', 'D54', 'D55', 'D56', 'D57', 'D58', 'D59', 'D6', 'D60', 'D61', 'D62', 'D63', 'D7', 'D8', 'D9']"
3,B52,[],[],"['D1', 'D10', 'D2', 'D21', 'D22', 'D23', 'D24', 'D25', 'D26', 'D27', 'D28', 'D29', 'D3', 'D30', 'D31', 'D32', 'D33', 'D34', 'D35', 'D36', 'D37', 'D38', 'D4', 'D49', 'D5', 'D50', 'D51', 'D52', 'D53', 'D54', 'D55', 'D56', 'D57', 'D58', 'D59', 'D6', 'D60', 'D61', 'D62', 'D63', 'D7', 'D8', 'D9']","['D1', 'D10', 'D2', 'D21', 'D22', 'D23', 'D24', 'D25', 'D26', 'D27', 'D28', 'D29', 'D3', 'D30', 'D31', 'D32', 'D33', 'D34', 'D35', 'D36', 'D37', 'D38', 'D4', 'D49', 'D5', 'D50', 'D51', 'D52', 'D53', 'D54', 'D55', 'D56', 'D57', 'D58', 'D59', 'D6', 'D60', 'D61', 'D62', 'D63', 'D7', 'D8', 'D9']"
3,B53,[],[],"['D1', 'D10', 'D2', 'D21', 'D22', 'D23', 'D24', 'D25', 'D26', 'D27', 'D28', 'D29', 'D3', 'D30', 'D31', 'D32', 'D33', 'D34', 'D35', 'D36', 'D37', 'D38', 'D4', 'D49', 'D5', 'D50', 'D51', 'D52', 'D53', 'D54', 'D55', 'D56', 'D57', 'D58', 'D59', 'D6', 'D60', 'D61', 'D62', 'D63', 'D7', 'D8', 'D9']","['D1', 'D10', 'D2', 'D21', 'D22', 'D23', 'D24', 'D25', 'D26', 'D27', 'D28', 'D29', 'D3', 'D30', 'D31', 'D32', 'D33', 'D34', 'D35', 'D36', 'D37', 'D38', 'D4', 'D49', 'D5', 'D50', 'D51', 'D52', 'D53', 'D54', 'D55', 'D56', 'D57', 'D58', 'D59', 'D6', 'D60', 'D61', 'D62', 'D63', 'D7', 'D8', 'D9']"
3,B54,[],[],"['D1', 'D10', 'D2', 'D21', 'D22', 'D23', 'D24', 'D25', 'D26', 'D27', 'D28', 'D29', 'D3', 'D30', 'D31', 'D32', 'D33', 'D34', 'D35', 'D36', 'D37', 'D38', 'D4', 'D49', 'D5', 'D50', 'D51', 'D52', 'D53', 'D54', 'D55', 'D56', 'D57', 'D58', 'D59', 'D6', 'D60', 'D61', 'D62', 'D63', 'D7', 'D8', 'D9']","['D1', 'D10', 'D2', 'D21', 'D22', 'D23', 'D24', 'D25', 'D26', 'D27', 'D28', 'D29', 'D3', 'D30', 'D31', 'D32', 'D33', 'D34', 'D35', 'D36', 'D37', 'D38', 'D4', 'D49', 'D5', 'D50', 'D51', 'D52', 'D53', 'D54', 'D55', 'D56', 'D57', 'D58', 'D59', 'D6', 'D60', 'D61', 'D62', 'D63', 'D7', 'D8', 'D9']"
3,B55,[],[],"['D1', 'D10', 'D2', 'D21', 'D22', 'D23', 'D24', 'D25', 'D26', 'D27', 'D28', 'D29', 'D3', 'D30', 'D31', 'D32', 'D33', 'D34', 'D35', 'D36', 'D37', 'D38', 'D4', 'D49', 'D5', 'D50', 'D51', 'D52', 'D53', 'D54', 'D55', 'D56', 'D57', 'D58', 'D59', 'D6', 'D60', 'D61', 'D62', 'D63', 'D7', 'D8', 'D9']","['D1', 'D10', 'D2', 'D21', 'D22', 'D23', 'D24', 'D25', 'D26', 'D27', 'D28', 'D29', 'D3', 'D30', 'D31', 'D32', 'D33', 'D34', 'D35', 'D36', 'D37', 'D38', 'D4', 'D49', 'D5', 'D50', 'D51', 'D52', 'D53', 'D54', 'D55', 'D56', 'D57', 'D58', 'D59', 'D6', 'D60', 'D61', 'D62', 'D63', 'D7', 'D8', 'D9']"
3,B56,[],[],"['D1', 'D10', 'D2', 'D21', 'D22', 'D23', 'D24', 'D25', 'D26', 'D27', 'D28', 'D29', 'D3', 'D30', 'D31', 'D32', 'D33', 'D34', 'D35', 'D36', 'D37', 'D38', 'D4', 'D49', 'D5', 'D50', 'D51', 'D52', 'D53', 'D54', 'D55', 'D56', 'D57', 'D58', 'D59', 'D6', 'D60', 'D61', 'D62', 'D63', 'D7', 'D8', 'D9']","['D1', 'D10', 'D2', 'D21', 'D22', 'D23', 'D24', 'D25', 'D26', 'D27', 'D28', 'D29', 'D3', 'D30', 'D31', 'D32', 'D33', 'D34', 'D35', 'D36', 'D37', 'D38', 'D4', 'D49', 'D5', 'D50', 'D51', 'D52', 'D53', 'D54', 'D55', 'D56', 'D57', 'D58', 'D59', 'D6', 'D60', 'D61', 'D62', 'D63', 'D7', 'D8', 'D9']"
3,B57,[],[],"['D1', 'D10', 'D2', 'D21', 'D22', 'D23', 'D24', 'D25', 'D26', 'D27', 'D28', 'D29', 'D3', 'D30', 'D31', 'D32', 'D33', 'D34', 'D35', 'D36', 'D37', 'D38', 'D4', 'D49', 'D5', 'D50', 'D51', 'D52', 'D53', 'D54', 'D55', 'D56', 'D57', 'D58', 'D59', 'D6', 'D60', 'D61', 'D62', 'D63', 'D7', 'D8', 'D9']","['D1', 'D10', 'D2', 'D21', 'D22', 'D23', 'D24', 'D25', 'D26', 'D27', 'D28', 'D29', 'D3', 'D30', 'D31', 'D32', 'D33', 'D34', 'D35', 'D36', 'D37', 'D38', 'D4', 'D49', 'D5', 'D50', 'D51', 'D52', 'D53', 'D54', 'D55', 'D56', 'D57', 'D58', 'D59', 'D6', 'D60', 'D61', 'D62', 'D63', 'D7', 'D8', 'D9']"
3,B58,[],[],"['D1', 'D10', 'D2', 'D21', 'D22', 'D23', 'D24', 'D25', 'D26', 'D27', 'D28', 'D29', 'D3', 'D30', 'D31', 'D32', 'D33', 'D34', 'D35', 'D36', 'D37', 'D38', 'D4', 'D49', 'D5', 'D50', 'D51', 'D52', 'D53', 'D54', 'D55', 'D56', 'D57', 'D58', 'D59', 'D6', 'D60', 'D61', 'D62', 'D63', 'D7', 'D8', 'D9']","['D1', 'D10', 'D2', 'D21', 'D22', 'D23', 'D24', 'D25', 'D26', 'D27', 'D28', 'D29', 'D3', 'D30', 'D31', 'D32', 'D33', 'D34', 'D35', 'D36', 'D37', 'D38', 'D4', 'D49', 'D5', 'D50', 'D51', 'D52', 'D53', 'D54', 'D55', 'D56', 'D57', 'D58', 'D59', 'D6', 'D60', 'D61', 'D62', 'D63', 'D7', 'D8', 'D9']"
4,B0,"['D1', 'D2', 'D3']",['D61'],[],"['D1', 'D2', 'D3']"
4,B1,[],[],"['D1', 'D2', 'D3', 'D4', 'D5']","['D1', 'D2', 'D3', 'D4', 'D5']"
4,B2,[],[],"['D1', 'D2', 'D3', 'D4', 'D5']","['D1', 'D2', 'D3', 'D4', 'D5']"
4,B3,[],[],"['D1', 'D2', 'D3', 'D4', 'D5']","['D1', 'D2', 'D3', 'D4', 'D5']"
4,B4,"['D4', 'D5']",[],"['D1', 'D2', 'D3', 'D4', 'D5']","['D1', 'D2', 'D3', 'D4', 'D5']"
4,B5,[],[],"['D1', 'D2', 'D3', 'D4', 'D5']","['D1', 'D2', 'D3', 'D4', 'D5']"
4,B6,[],[],"['D1', 'D2', 'D3', 'D4', 'D5']","['D1', 'D2', 'D3', 'D4', 'D5']"
4,B7,[],[],"['D1', 'D2', 'D3', 'D4', 'D5']","['D1', 'D2', 'D3', 'D4', 'D5']"
4,B8,[],[],"['D1', 'D2', 'D3', 'D4', 'D5']","['D1', 'D2', 'D3', 'D4', 'D5']"
4,B9,[],[],"['D1', 'D2', 'D3', 'D4', 'D5']","['D1', 'D2', 'D3', 'D4', 'D5']"
4,B10,[],[],"['D1', 'D2', 'D3', 'D4', 'D5']","['D1', 'D2', 'D3', 'D4', 'D5']"
4,B11,[],[],"['D1', 'D2', 'D3', 'D4', 'D5']","['D1', 'D2', 'D3', 'D4', 'D5']"
4,B12,"['D6', 'D7', 'D8', 'D9']",[],"['D1', 'D2', 'D3', 'D4', 'D5']","['D1', 'D2', 'D3', 'D4', 'D5', 'D6', 'D7', 'D8', 'D9']"
4,B13,[],[],"['D1', 'D10', 'D2', 'D21', 'D22', 'D23', 'D24', 'D25', 'D26', 'D27', 'D28', 'D29', 'D3', 'D30', 'D31', 'D32', 'D4', 'D5', 'D6', 'D7', 'D8', 'D9']","['D1', 'D10', 'D2', 'D21', 'D22', 'D23', 'D24', 'D25', 'D26', 'D27', 'D28', 'D29', 'D3', 'D30', 'D31', 'D32', 'D4', 'D5', 'D6', 'D7', 'D8', 'D9']"
4,B14,['D10'],['D20'],"['D1', 'D10', 'D2', 'D21', 'D22', 'D23', 'D24', 'D25', 'D26', 'D27', 'D28', 'D29', 'D3', 'D30', 'D31', 'D32', 'D4', 'D5', 'D6', 'D7', 'D8', 'D9']","['D1', 'D10', 'D2', 'D21', 'D22', 'D23', 'D24', 'D25', 'D26', 'D27', 'D28', 'D29', 'D3', 'D30', 'D31', 'D32', 'D4', 'D5', 'D6', 'D7', 'D8', 'D9']"
4,B15,[],[],"['D1', 'D10', 'D11', 'D12', 'D13', 'D14', 'D15', 'D16', 'D17', 'D18', 'D19', 'D2', 'D20', 'D21', 'D22', 'D23', 'D24', 'D25', 'D26', 'D27', 'D28', 'D29', 'D3', 'D30', 'D31', 'D32', 'D4', 'D5', 'D6', 'D7', 'D8', 'D9']","['D1', 'D10', 'D11', 'D12', 'D13', 'D14', 'D15', 'D16', 'D17', 'D18', 'D19', 'D2', 'D20', 'D21', 'D22', 'D23', 'D24', 'D25', 'D26', 'D27', 'D28', 'D29', 'D3', 'D30', 'D31', 'D32', 'D4', 'D5', 'D6', 'D7', 'D8', 'D9']"
4,B16,"['D11', 'D12', 'D13', 'D14', 'D15', 'D16', 'D17', 'D18', 'D19', 'D20']",['D10'],"['D1', 'D10', 'D11', 'D12', 'D13', 'D14', 'D15', 'D16', 'D17', 'D18', 'D19', 'D2', 'D20', 'D21', 'D22', 'D23', 'D24', 'D25', 'D26', 'D27', 'D28', 'D29', 'D3', 'D30', 'D31', 'D32', 'D4', 'D5', 'D6', 'D7', 'D8', 'D9']","['D1', 'D11', 'D12', 'D13', 'D14', 'D15', 'D16', 'D17', 'D18', 'D19', 'D2', 'D20', 'D21', 'D22', 'D23', 'D24', 'D25', 'D26', 'D27', 'D28', 'D29', 'D3', 'D30', 'D31', 'D32', 'D4', 'D5', 'D6', 'D7', 'D8', 'D9']"
4,B17,"['D21', 'D22', 'D23', 'D24', 'D25', 'D26', 'D27', 'D28']","['D29', 'D30']","['D1', 'D10', 'D11', 'D12', 'D13', 'D14', 'D15', 'D16', 'D17', 'D18', 'D19', 'D2', 'D20', 'D21', 'D22', 'D23', 'D24', 'D25', 'D26', 'D27', 'D28', 'D29', 'D3', 'D30', 'D31', 'D32', 'D4', 'D5', 'D6', 'D7', 'D8', 'D9']","['D1', 'D10', 'D11', 'D12', 'D13', 'D14', 'D15', 'D16', 'D17', 'D18', 'D19', 'D2', 'D20', 'D21', 'D22', 'D23', 'D24', 'D25', 'D26', 'D27', 'D28', 'D3', 'D31', 'D32', 'D4', 'D5', 'D6', 'D7', 'D8', 'D9']"
4,B18,[],[],"['D1', 'D10', 'D11', 'D12', 'D13', 'D14', 'D15', 'D16', 'D17', 'D18', 'D19', 'D2', 'D20', 'D21', 'D22', 'D23', 'D24', 'D25', 'D26', 'D27', 'D28', 'D3', 'D31', 'D32', 'D4', 'D5', 'D6', 'D7', 'D8', 'D9']","['D1', 'D10', 'D11', 'D12', 'D13', 'D14', 'D15', 'D16', 'D17', 'D18', 'D19', 'D2', 'D20', 'D21', 'D22', 'D23', 'D24', 'D25', 'D26', 'D27', 'D28', 'D3', 'D31', 'D32', 'D4', 'D5', 'D6', 'D7', 'D8', 'D9']"
4,B19,['D29'],['D27'],"['D1', 'D10', 'D11', 'D12', 'D13', 'D14', 'D15', 'D16', 'D17', 'D18', 'D19', 'D2', 'D20', 'D21', 'D22', 'D23', 'D24', 'D25', 'D26', 'D27', 'D28', 'D3', 'D31', 'D32', 'D4', 'D5', 'D6', 'D7', 'D8', 'D9']","['D1', 'D10', 'D11', 'D12', 'D13', 'D14', 'D15', 'D16', 'D17', 'D18', 'D19', 'D2', 'D20', 'D21', 'D22', 'D23', 'D24', 'D25', 'D26', 'D28', 'D29', 'D3', 'D31', 'D32', 'D4', 'D5', 'D6', 'D7', 'D8', 'D9']"
4,B20,[],[],"['D1', 'D10', 'D11', 'D12', 'D13', 'D14', 'D15', 'D16', 'D17', 'D18', 'D19', 'D2', 'D20', 'D21', 'D22', 'D23', 'D24', 'D25', 'D26', 'D27', 'D28', 'D29', 'D3', 'D31', 'D32', 'D4', 'D5', 'D6', 'D7', 'D8', 'D9']","['D1', 'D10', 'D11', 'D12', 'D13', 'D14', 'D15', 'D16', 'D17', 'D18', 'D19', 'D2', 'D20', 'D21', 'D22', 'D23', 'D24', 'D25', 'D26', 'D27', 'D28', 'D29', 'D3', 'D31', 'D32', 'D4', 'D5', 'D6', 'D7', 'D8', 'D9']"
4,B21,['D30'],['D28'],"['D1', 'D10', 'D11', 'D12', 'D13', 'D14', 'D15', 'D16', 'D17', 'D18', 'D19', 'D2', 'D20', 'D21', 'D22', 'D23', 'D24', 'D25', 'D26', 'D27', 'D28', 'D29', 'D3', 'D31', 'D32', 'D4', 'D5', 'D6', 'D7', 'D8', 'D9']","['D1', 'D10', 'D11', 'D12', 'D13', 'D14', 'D15', 'D16', 'D17', 'D18', 'D19', 'D2', 'D20', 'D21', 'D22', 'D23', 'D24', 'D25', 'D26', 'D27', 'D29', 'D3', 'D30', 'D31', 'D32', 'D4', 'D5', 'D6', 'D7', 'D8', 'D9']"
4,B22,"['D31', 'D32']",[],"['D1', 'D10', 'D11', 'D12', 'D13', 'D14', 'D15', 'D16', 'D17', 'D18', 'D19', 'D2', 'D20', 'D21', 'D22', 'D23', 'D24', 'D25', 'D26', 'D27', 'D28', 'D29', 'D3', 'D30', 'D31', 'D32', 'D4', 'D5', 'D6', 'D7', 'D8', 'D9']","['D1', 'D10', 'D11', 'D12', 'D13', 'D14', 'D15', 'D16', 'D17', 'D18', 'D19', 'D2', 'D20', 'D21', 'D22', 'D23', 'D24', 'D25', 'D26', 'D27', 'D28', 'D29', 'D3', 'D30', 'D31', 'D32', 'D4', 'D5', 'D6', 'D7', 'D8', 'D9']"
4,B23,[],[],"['D1', 'D10', 'D2', 'D21', 'D22', 'D23', 'D24', 'D25', 'D26', 'D27', 'D28', 'D29', 'D3', 'D30', 'D31', 'D32', 'D4', 'D5', 'D6', 'D7', 'D8', 'D9']","['D1', 'D10', 'D2', 'D21', 'D22', 'D23', 'D24', 'D25', 'D26', 'D27', 'D28', 'D29', 'D3', 'D30', 'D31', 'D32', 'D4', 'D5', 'D6', 'D7', 'D8', 'D9']"
4,B24,[],[],"['D1', 'D10', 'D2', 'D21', 'D22', 'D23', 'D24', 'D25', 'D26', 'D27', 'D28', 'D29', 'D3', 'D30', 'D31', 'D32', 'D33', 'D34', 'D4', 'D5', 'D6', 'D7', 'D8', 'D9']","['D1', 'D10', 'D2', 'D21', 'D22', 'D23', 'D24', 'D25', 'D26', 'D27', 'D28', 'D29', 'D3', 'D30', 'D31', 'D32', 'D33', 'D34', 'D4', 'D5', 'D6', 'D7', 'D8', 'D9']"
4,B25,[],[],"['D1', 'D10', 'D2', 'D21', 'D22', 'D23', 'D24', 'D25', 'D26', 'D27', 'D28', 'D29', 'D3', 'D30', 'D31', 'D32', 'D33', 'D34', 'D4', 'D5', 'D6', 'D7', 'D8', 'D9']","['D1', 'D10', 'D2', 'D21', 'D22', 'D23', 'D24', 'D25', 'D26', 'D27', 'D28', 'D29', 'D3', 'D30', 'D31', 'D32', 'D33', 'D34', 'D4', 'D5', 'D6', 'D7', 'D8', 'D9']"
4,B26,[],[],"['D1', 'D10', 'D2', 'D21', 'D22', 'D23', 'D24', 'D25', 'D26', 'D27', 'D28', 'D29', 'D3', 'D30', 'D31', 'D32', 'D33', 'D34', 'D4', 'D5', 'D6', 'D7', 'D8', 'D9']","['D1', 'D10', 'D2', 'D21', 'D22', 'D23', 'D24', 'D25', 'D26', 'D27', 'D28', 'D29', 'D3', 'D30', 'D31', 'D32', 'D33', 'D34', 'D4', 'D5', 'D6', 'D7', 'D8', 'D9']"
4,B27,"['D33', 'D34']",[],"['D1', 'D10', 'D2', 'D21', 'D22', 'D23', 'D24', 'D25', 'D26', 'D27', 'D28', 'D29', 'D3', 'D30', 'D31', 'D32', 'D33', 'D34', 'D4', 'D5', 'D6', 'D7', 'D8', 'D9']","['D1', 'D10', 'D2', 'D21', 'D22', 'D23', 'D24', 'D25', 'D26', 'D27', 'D28', 'D29', 'D3', 'D30', 'D31', 'D32', 'D33', 'D34', 'D4', 'D5', 'D6', 'D7', 'D8', 'D9']"
4,B28,[],[],"['D1', 'D10', 'D2', 'D21', 'D22', 'D23', 'D24', 'D25', 'D26', 'D27', 'D28', 'D29', 'D3', 'D30', 'D31', 'D32', 'D33', 'D34', 'D4', 'D5', 'D6', 'D7', 'D8', 'D9']","['D1', 'D10', 'D2', 'D21', 'D22', 'D23', 'D24', 'D25', 'D26', 'D27', 'D28', 'D29', 'D3', 'D30', 'D31', 'D32', 'D33', 'D34', 'D4', 'D5', 'D6', 'D7', 'D8', 'D9']"
4,B29,[],[],"['D1', 'D10', 'D2', 'D21', 'D22', 'D23', 'D24', 'D25', 'D26', 'D27', 'D28', 'D29', 'D3', 'D30', 'D31', 'D32', 'D33', 'D34', 'D4', 'D5', 'D6', 'D7', 'D8', 'D9']","['D1', 'D10', 'D2', 'D21', 'D22', 'D23', 'D24', 'D25', 'D26', 'D27', 'D28', 'D29', 'D3', 'D30', 'D31', 'D32', 'D33', 'D34', 'D4', 'D5', 'D6', 'D7', 'D8', 'D9']"
4,B30,[],[],"['D1', 'D10', 'D2', 'D21', 'D22', 'D23', 'D24', 'D25', 'D26', 'D27', 'D28', 'D29', 'D3', 'D30', 'D31', 'D32', 'D33', 'D34', 'D4', 'D5', 'D6', 'D7', 'D8', 'D9']","['D1', 'D10', 'D2', 'D21', 'D22', 'D23', 'D24', 'D25', 'D26', 'D27', 'D28', 'D29', 'D3', 'D30', 'D31', 'D32', 'D33', 'D34', 'D4', 'D5', 'D6', 'D7', 'D8', 'D9']"
4,B31,[],[],"['D1', 'D10', 'D2', 'D21', 'D22', 'D23', 'D24', 'D25', 'D26', 'D27', 'D28', 'D29', 'D3', 'D30', 'D31', 'D32', 'D33', 'D34', 'D4', 'D5', 'D6', 'D7', 'D8', 'D9']","['D1', 'D10', 'D2', 'D21', 'D22', 'D23', 'D24', 'D25', 'D26', 'D27', 'D28', 'D29', 'D3', 'D30', 'D31', 'D32', 'D33', 'D34', 'D4', 'D5', 'D6', 'D7', 'D8', 'D9']"
4,B32,[],[],"['D1', 'D10', 'D2', 'D21', 'D22', 'D23', 'D24', 'D25', 'D26', 'D27', 'D28', 'D29', 'D3', 'D30', 'D31', 'D32', 'D33', 'D34', 'D4', 'D5', 'D6', 'D7', 'D8', 'D9']","['D1', 'D10', 'D2', 'D21', 'D22', 'D23', 'D24', 'D25', 'D26', 'D27', 'D28', 'D29', 'D3', 'D30', 'D31', 'D32', 'D33', 'D34', 'D4', 'D5', 'D6', 'D7', 'D8', 'D9']"
4,B33,[],[],"['D1', 'D10', 'D2', 'D21', 'D22', 'D23', 'D24', 'D25', 'D26', 'D27', 'D28', 'D29', 'D3', 'D30', 'D31', 'D32', 'D33', 'D34', 'D4', 'D5', 'D6', 'D7', 'D8', 'D9']","['D1', 'D10', 'D2', 'D21', 'D22', 'D23', 'D24', 'D25', 'D26', 'D27', 'D28', 'D29', 'D3', 'D30', 'D31', 'D32', 'D33', 'D34', 'D4', 'D5', 'D6', 'D7', 'D8', 'D9']"
4,B34,[],[],"['D1', 'D10', 'D2', 'D21', 'D22', 'D23', 'D24', 'D25', 'D26', 'D27', 'D28', 'D29', 'D3', 'D30', 'D31', 'D32', 'D33', 'D34', 'D4', 'D5', 'D6', 'D7', 'D8', 'D9']","['D1', 'D10', 'D2', 'D21', 'D22', 'D23', 'D24', 'D25', 'D26', 'D27', 'D28', 'D29', 'D3', 'D30', 'D31', 'D32', 'D33', 'D34', 'D4', 'D5', 'D6', 'D7', 'D8', 'D9']"
4,B35,"['D35', 'D36', 'D37']",[],"['D1', 'D10', 'D2', 'D21', 'D22', 'D23', 'D24', 'D25', 'D26', 'D27', 'D28', 'D29', 'D3', 'D30', 'D31', 'D32', 'D33', 'D34', 'D4', 'D5', 'D6', 'D7', 'D8', 'D9']","['D1', 'D10', 'D2', 'D21', 'D22', 'D23', 'D24', 'D25', 'D26', 'D27', 'D28', 'D29', 'D3', 'D30', 'D31', 'D32', 'D33', 'D34', 'D35', 'D36', 'D37', 'D4', 'D5', 'D6', 'D7', 'D8', 'D9']"
4,B36,[],[],"['D1', 'D10', 'D2', 'D21', 'D22', 'D23', 'D24', 'D25', 'D26', 'D27', 'D28', 'D29', 'D3', 'D30', 'D31', 'D32', 'D33', 'D34', 'D35', 'D36', 'D37', 'D38', 'D4', 'D49', 'D5', 'D50', 'D51', 'D52', 'D53', 'D54', 'D55', 'D56', 'D57', 'D58', 'D59', 'D6', 'D60', 'D61', 'D7', 'D8', 'D9']","['D1', 'D10', 'D2', 'D21', 'D22', 'D23', 'D24', 'D25', 'D26', 'D27', 'D28', 'D29', 'D3', 'D30', 'D31', 'D32', 'D33', 'D34', 'D35', 'D36', 'D37', 'D38', 'D4', 'D49', 'D5', 'D50', 'D51', 'D52', 'D53', 'D54', 'D55', 'D56', 'D57', 'D58', 'D59', 'D6', 'D60', 'D61', 'D7', 'D8', 'D9']"
4,B37,['D38'],['D48'],"['D1', 'D10', 'D2', 'D21', 'D22', 'D23', 'D24', 'D25', 'D26', 'D27', 'D28', 'D29', 'D3', 'D30', 'D31', 'D32', 'D33', 'D34', 'D35', 'D36', 'D37', 'D38', 'D4', 'D49', 'D5', 'D50', 'D51', 'D52', 'D53', 'D54', 'D55', 'D56', 'D57', 'D58', 'D59', 'D6', 'D60', 'D61', 'D7', 'D8', 'D9']","['D1', 'D10', 'D2', 'D21', 'D22', 'D23', 'D24', 'D25', 'D26', 'D27', 'D28', 'D29', 'D3', 'D30', 'D31', 'D32', 'D33', 'D34', 'D35', 'D36', 'D37', 'D38', 'D4', 'D49', 'D5', 'D50', 'D51', 'D52', 'D53', 'D54', 'D55', 'D56', 'D57', 'D58', 'D59', 'D6', 'D60', 'D61', 'D7', 'D8', 'D9']"
4,B38,[],[],"['D1', 'D10', 'D2', 'D21', 'D22', 'D23', 'D24', 'D25', 'D26', 'D27', 'D28', 'D29', 'D3', 'D30', 'D31', 'D32', 'D33', 'D34', 'D35', 'D36', 'D37', 'D38', 'D39', 'D4', 'D40', 'D41', 'D42', 'D43', 'D44', 'D45', 'D46', 'D47', 'D48', 'D49', 'D5', 'D50', 'D51', 'D52', 'D53', 'D54', 'D55', 'D56', 'D57', 'D58', 'D59', 'D6', 'D60', 'D61', 'D7', 'D8', 'D9']","['D1', 'D10', 'D2', 'D21', 'D22', 'D23', 'D24', 'D25', 'D26', 'D27', 'D28', 'D29', 'D3', 'D30', 'D31', 'D32', 'D33', 'D34', 'D35', 'D36', 'D37', 'D38', 'D39', 'D4', 'D40', 'D41', 'D42', 'D43', 'D44', 'D45', 'D46', 'D47', 'D48', 'D49', 'D5', 'D50', 'D51', 'D52', 'D53', 'D54', 'D55', 'D56', 'D57', 'D58', 'D59', 'D6', 'D60', 'D61', 'D7', 'D8', 'D9']"
4,B39,"['D39', 'D40', 'D41', 'D42', 'D43', 'D44', 'D45', 'D46', 'D47', 'D48']",['D38'],"['D1', 'D10', 'D2', 'D21', 'D22', 'D23', 'D24', 'D25', 'D26', 'D27', 'D28', 'D29', 'D3', 'D30', 'D31', 'D32', 'D33', 'D34', 'D35', 'D36', 'D37', 'D38', 'D39', 'D4', 'D40', 'D41', 'D42', 'D43', 'D44', 'D45', 'D46', 'D47', 'D48', 'D49', 'D5', 'D50', 'D51', 'D52', 'D53', 'D54', 'D55', 'D56', 'D57', 'D58', 'D59', 'D6', 'D60', 'D61', 'D7', 'D8', 'D9']","['D1', 'D10', 'D2', 'D21', 'D22', 'D23', 'D24', 'D25', 'D26', 'D27', 'D28', 'D29', 'D3', 'D30', 'D31', 'D32', 'D33', 'D34', 'D35', 'D36', 'D37', 'D39', 'D4', 'D40', 'D41', 'D42', 'D43', 'D44', 'D45', 'D46', 'D47', 'D48', 'D49', 'D5', 'D50', 'D51', 'D52', 'D53', 'D54', 'D55', 'D56', 'D57', 'D58', 'D59', 'D6', 'D60', 'D61', 'D7', 'D8', 'D9']"
4,B40,"['D49', 'D50', 'D51', 'D52', 'D53', 'D54', 'D55', 'D56', 'D57']","['D58', 'D59']","['D1', 'D10', 'D2', 'D21', 'D22', 'D23', 'D24', 'D25', 'D26', 'D27', 'D28', 'D29', 'D3', 'D30', 'D31', 'D32', 'D33', 'D34', 'D35', 'D36', 'D37', 'D38', 'D39', 'D4', 'D40', 'D41', 'D42', 'D43', 'D44', 'D45', 'D46', 'D47', 'D48', 'D49', 'D5', 'D50', 'D51', 'D52', 'D53', 'D54', 'D55', 'D56', 'D57', 'D58', 'D59', 'D6', 'D60', 'D61', 'D7', 'D8', 'D9']","['D1', 'D10', 'D2', 'D21', 'D22', 'D23', 'D24', 'D25', 'D26', 'D27', 'D28', 'D29', 'D3', 'D30', 'D31', 'D32', 'D33', 'D34', 'D35', 'D36', 'D37', 'D38', 'D39', 'D4', 'D40', 'D41', 'D42', 'D43', 'D44', 'D45', 'D46', 'D47', 'D48', 'D49', 'D5', 'D50', 'D51', 'D52', 'D53', 'D54', 'D55', 'D56', 'D57', 'D6', 'D60', 'D61', 'D7', 'D8', 'D9']"
4,B41,[],[],"['D1', 'D10', 'D2', 'D21', 'D22', 'D23', 'D24', 'D25', 'D26', 'D27', 'D28', 'D29', 'D3', 'D30', 'D31', 'D32', 'D33', 'D34', 'D35', 'D36', 'D37', 'D38', 'D39', 'D4', 'D40', 'D41', 'D42', 'D43', 'D44', 'D45', 'D46', 'D47', 'D48', 'D49', 'D5', 'D50', 'D51', 'D52', 'D53', 'D54', 'D55', 'D56', 'D57', 'D6', 'D60', 'D61', 'D7', 'D8', 'D9']","['D1', 'D10', 'D2', 'D21', 'D22', 'D23', 'D24', 'D25', 'D26', 'D27', 'D28', 'D29', 'D3', 'D30', 'D31', 'D32', 'D33', 'D34', 'D35', 'D36', 'D37', 'D38', 'D39', 'D4', 'D40', 'D41', 'D42', 'D43', 'D44', 'D45', 'D46', 'D47', 'D48', 'D49', 'D5', 'D50', 'D51', 'D52', 'D53', 'D54', 'D55', 'D56', 'D57', 'D6', 'D60', 'D61', 'D7', 'D8', 'D9']"
4,B42,['D58'],['D56'],"['D1', 'D10', 'D2', 'D21', 'D22', 'D23', 'D24', 'D25', 'D26', 'D27', 'D28', 'D29', 'D3', 'D30', 'D31', 'D32', 'D33', 'D34', 'D35', 'D36', 'D37', 'D38', 'D39', 'D4', 'D40', 'D41', 'D42', 'D43', 'D44', 'D45', 'D46', 'D47', 'D48', 'D49', 'D5', 'D50', 'D51', 'D52', 'D53', 'D54', 'D55', 'D56', 'D57', 'D6', 'D60', 'D61', 'D7', 'D8', 'D9']","['D1', 'D10', 'D2', 'D21', 'D22', 'D23', 'D24', 'D25', 'D26', 'D27', 'D28', 'D29', 'D3', 'D30', 'D31', 'D32', 'D33', 'D34', 'D35', 'D36', 'D37', 'D38', 'D39', 'D4', 'D40', 'D41', 'D42', 'D43', 'D44', 'D45', 'D46', 'D47', 'D48', 'D49', 'D5', 'D50', 'D51', 'D52', 'D53', 'D54', 'D55', 'D57', 'D58', 'D6', 'D60', 'D61', 'D7', 'D8', 'D9']"
4,B43,[],[],"['D1', 'D10', 'D2', 'D21', 'D22', 'D23', 'D24', 'D25', 'D26', 'D27', 'D28', 'D29', 'D3', 'D30', 'D31', 'D32', 'D33', 'D34', 'D35', 'D36', 'D37', 'D38', 'D39', 'D4', 'D40', 'D41', 'D42', 'D43', 'D44', 'D45', 'D46', 'D47', 'D48', 'D49', 'D5', 'D50', 'D51', 'D52', 'D53', 'D54', 'D55', 'D56', 'D57', 'D58', 'D6', 'D60', 'D61', 'D7', 'D8', 'D9']","['D1', 'D10', 'D2', 'D21', 'D22', 'D23', 'D24', 'D25', 'D26', 'D27', 'D28', 'D29', 'D3', 'D30', 'D31', 'D32', 'D33', 'D34', 'D35', 'D36', 'D37', 'D38', 'D39', 'D4', 'D40', 'D41', 'D42', 'D43', 'D44', 'D45', 'D46', 'D47', 'D48', 'D49', 'D5', 'D50', 'D51', 'D52', 'D53', 'D54', 'D55', 'D56', 'D57', 'D58', 'D6', 'D60', 'D61', 'D7', 'D8', 'D9']"
4,B44,['D59'],['D57'],"['D1', 'D10', 'D2', 'D21', 'D22', 'D23', 'D24', 'D25', 'D26', 'D27', 'D28', 'D29', 'D3', 'D30', 'D31', 'D32', 'D33', 'D34', 'D35', 'D36', 'D37', 'D38', 'D39', 'D4', 'D40', 'D41', 'D42', 'D43', 'D44', 'D45', 'D46', 'D47', 'D48', 'D49', 'D5', 'D50', 'D51', 'D52', 'D53', 'D54', 'D55', 'D56', 'D57', 'D58', 'D6', 'D60', 'D61', 'D7', 'D8', 'D9']","['D1', 'D10', 'D2', 'D21', 'D22', 'D23', 'D24', 'D25', 'D26', 'D27', 'D28', 'D29', 'D3', 'D30', 'D31', 'D32', 'D33', 'D34', 'D35', 'D36', 'D37', 'D38', 'D39', 'D4', 'D40', 'D41', 'D42', 'D43', 'D44', 'D45', 'D46', 'D47', 'D48', 'D49', 'D5', 'D50', 'D51', 'D52', 'D53', 'D54', 'D55', 'D56', 'D58', 'D59', 'D6', 'D60', 'D61', 'D7', 'D8', 'D9']"
4,B45,"['D60', 'D61']",['D1'],"['D1', 'D10', 'D2', 'D21', 'D22', 'D23', 'D24', 'D25', 'D26', 'D27', 'D28', 'D29', 'D3', 'D30', 'D31', 'D32', 'D33', 'D34', 'D35', 'D36', 'D37', 'D38', 'D39', 'D4', 'D40', 'D41', 'D42', 'D43', 'D44', 'D45', 'D46', 'D47', 'D48', 'D49', 'D5', 'D50', 'D51', 'D52', 'D53', 'D54', 'D55', 'D56', 'D57', 'D58', 'D59', 'D6', 'D60', 'D61', 'D7', 'D8', 'D9']","['D10', 'D2', 'D21', 'D22', 'D23', 'D24', 'D25', 'D26', 'D27', 'D28', 'D29', 'D3', 'D30', 'D31', 'D32', 'D33', 'D34', 'D35', 'D36', 'D37', 'D38', 'D39', 'D4', 'D40', 'D41', 'D42', 'D43', 'D44', 'D45', 'D46', 'D47', 'D48', 'D49', 'D5', 'D50', 'D51', 'D52', 'D53', 'D54', 'D55', 'D56', 'D57', 'D58', 'D59', 'D6', 'D60', 'D61', 'D7', 'D8', 'D9']"
4,B46,[],[],"['D1', 'D10', 'D2', 'D21', 'D22', 'D23', 'D24', 'D25', 'D26', 'D27', 'D28', 'D29', 'D3', 'D30', 'D31', 'D32', 'D33', 'D34', 'D35', 'D36', 'D37', 'D38', 'D4', 'D49', 'D5', 'D50', 'D51', 'D52', 'D53', 'D54', 'D55', 'D56', 'D57', 'D58', 'D59', 'D6', 'D60', 'D61', 'D7', 'D8', 'D9']","['D1', 'D10', 'D2', 'D21', 'D22', 'D23', 'D24', 'D25', 'D26', 'D27', 'D28', 'D29', 'D3', 'D30', 'D31', 'D32', 'D33', 'D34', 'D35', 'D36', 'D37', 'D38', 'D4', 'D49', 'D5', 'D50', 'D51', 'D52', 'D53', 'D54', 'D55', 'D56', 'D57', 'D58', 'D59', 'D6', 'D60', 'D61', 'D7', 'D8', 'D9']"
4,B47,[],[],"['D1', 'D10', 'D2', 'D21', 'D22', 'D23', 'D24', 'D25', 'D26', 'D27', 'D28', 'D29', 'D3', 'D30', 'D31', 'D32', 'D33', 'D34', 'D35', 'D36', 'D37', 'D38', 'D4', 'D49', 'D5', 'D50', 'D51', 'D52', 'D53', 'D54', 'D55', 'D56', 'D57', 'D58', 'D59', 'D6', 'D60', 'D61', 'D62', 'D63', 'D7', 'D8', 'D9']","['D1', 'D10', 'D2', 'D21', 'D22', 'D23', 'D24', 'D25', 'D26', 'D27', 'D28', 'D29', 'D3', 'D30', 'D31', 'D32', 'D33', 'D34', 'D35', 'D36', 'D37', 'D38', 'D4', 'D49', 'D5', 'D50', 'D51', 'D52', 'D53', 'D54', 'D55', 'D56', 'D57', 'D58', 'D59', 'D6', 'D60', 'D61', 'D62', 'D63', 'D7', 'D8', 'D9']"
4,B48,[],[],"['D1', 'D10', 'D2', 'D21', 'D22', 'D23', 'D24', 'D25', 'D26', 'D27', 'D28', 'D29', 'D3', 'D30', 'D31', 'D32', 'D33', 'D34', 'D35', 'D36', 'D37', 'D38', 'D4', 'D49', 'D5', 'D50', 'D51', 'D52', 'D53', 'D54', 'D55', 'D56', 'D57', 'D58', 'D59', 'D6', 'D60', 'D61', 'D62', 'D63', 'D7', 'D8', 'D9']","['D1', 'D10', 'D2', 'D21', 'D22', 'D23', 'D24', 'D25', 'D26', 'D27', 'D28', 'D29', 'D3', 'D30', 'D31', 'D32', 'D33', 'D34', 'D35', 'D36', 'D37', 'D38', 'D4', 'D49', 'D5', 'D50', 'D51', 'D52', 'D53', 'D54', 'D55', 'D56', 'D57', 'D58', 'D59', 'D6', 'D60', 'D61', 'D62', 'D63', 'D7', 'D8', 'D9']"
4,B49,[],[],"['D1', 'D10', 'D2', 'D21', 'D22', 'D23', 'D24', 'D25', 'D26', 'D27', 'D28', 'D29', 'D3', 'D30', 'D31', 'D32', 'D33', 'D34', 'D35', 'D36', 'D37', 'D38', 'D4', 'D49', 'D5', 'D50', 'D51', 'D52', 'D53', 'D54', 'D55', 'D56', 'D57', 'D58', 'D59', 'D6', 'D60', 'D61', 'D62', 'D63', 'D7', 'D8', 'D9']","['D1', 'D10', 'D2', 'D21', 'D22', 'D23', 'D24', 'D25', 'D26', 'D27', 'D28', 'D29', 'D3', 'D30', 'D31', 'D32', 'D33', 'D34', 'D35', 'D36', 'D37', 'D38', 'D4', 'D49', 'D5', 'D50', 'D51', 'D52', 'D53', 'D54', 'D55', 'D56', 'D57', 'D58', 'D59', 'D6', 'D60', 'D61', 'D62', 'D63', 'D7', 'D8', 'D9']"
4,B50,"['D62', 'D63']",[],"['D1', 'D10', 'D2', 'D21', 'D22', 'D23', 'D24', 'D25', 'D26', 'D27', 'D28', 'D29', 'D3', 'D30', 'D31', 'D32', 'D33', 'D34', 'D35', 'D36', 'D37', 'D38', 'D4', 'D49', 'D5', 'D50', 'D51', 'D52', 'D53', 'D54', 'D55', 'D56', 'D57', 'D58', 'D59', 'D6', 'D60', 'D61', 'D62', 'D63', 'D7', 'D8', 'D9']","['D1', 'D10', 'D2', 'D21', 'D22', 'D23', 'D24', 'D25', 'D26', 'D27', 'D28', 'D29', 'D3', 'D30', 'D31', 'D32', 'D33', 'D34', 'D35', 'D36', 'D37', 'D38', 'D4', 'D49', 'D5', 'D50', 'D51', 'D52', 'D53', 'D54', 'D55', 'D56', 'D57', 'D58', 'D59', 'D6', 'D60', 'D61', 'D62', 'D63', 'D7', 'D8', 'D9']"
4,B51,[],[],"['D1', 'D10', 'D2', 'D21', 'D22', 'D23', 'D24', 'D25', 'D26', 'D27', 'D28', 'D29', 'D3', 'D30', 'D31', 'D32', 'D33', 'D34', 'D35', 'D36', 'D37', 'D38', 'D4', 'D49', 'D5', 'D50', 'D51', 'D52', 'D53', 'D54', 'D55', 'D56', 'D57', 'D58', 'D59', 'D6', 'D60', 'D61', 'D62', 'D63', 'D7', 'D8', 'D9']","['D1', 'D10', 'D2', 'D21', 'D22', 'D23', 'D24', 'D25', 'D26', 'D27', 'D28', 'D29', 'D3', 'D30', 'D31', 'D32', 'D33', 'D34', 'D35', 'D36', 'D37', 'D38', 'D4', 'D49', 'D5', 'D50', 'D51', 'D52', 'D53', 'D54', 'D55', 'D56', 'D57', 'D58', 'D59', 'D6', 'D60', 'D61', 'D62', 'D63', 'D7', 'D8', 'D9']"
4,B52,[],[],"['D1', 'D10', 'D2', 'D21', 'D22', 'D23', 'D24', 'D25', 'D26', 'D27', 'D28', 'D29', 'D3', 'D30', 'D31', 'D32', 'D33', 'D34', 'D35', 'D36', 'D37', 'D38', 'D4', 'D49', 'D5', 'D50', 'D51', 'D52', 'D53', 'D54', 'D55', 'D56', 'D57', 'D58', 'D59', 'D6', 'D60', 'D61', 'D62', 'D63', 'D7', 'D8', 'D9']","['D1', 'D10', 'D2', 'D21', 'D22', 'D23', 'D24', 'D25', 'D26', 'D27', 'D28', 'D29', 'D3', 'D30', 'D31', 'D32', 'D33', 'D34', 'D35', 'D36', 'D37', 'D38', 'D4', 'D49', 'D5', 'D50', 'D51', 'D52', 'D53', 'D54', 'D55', 'D56', 'D57', 'D58', 'D59', 'D6', 'D60', 'D61', 'D62', 'D63', 'D7', 'D8', 'D9']"
4,B53,[],[],"['D1', 'D10', 'D2', 'D21', 'D22', 'D23', 'D24', 'D25', 'D26', 'D27', 'D28', 'D29', 'D3', 'D30', 'D31', 'D32', 'D33', 'D34', 'D35', 'D36', 'D37', 'D38', 'D4', 'D49', 'D5', 'D50', 'D51', 'D52', 'D53', 'D54', 'D55', 'D56', 'D57', 'D58', 'D59', 'D6', 'D60', 'D61', 'D62', 'D63', 'D7', 'D8', 'D9']","['D1', 'D10', 'D2', 'D21', 'D22', 'D23', 'D24', 'D25', 'D26', 'D27', 'D28', 'D29', 'D3', 'D30', 'D31', 'D32', 'D33', 'D34', 'D35', 'D36', 'D37', 'D38', 'D4', 'D49', 'D5', 'D50', 'D51', 'D52', 'D53', 'D54', 'D55', 'D56', 'D57', 'D58', 'D59', 'D6', 'D60', 'D61', 'D62', 'D63', 'D7', 'D8', 'D9']"
4,B54,[],[],"['D1', 'D10', 'D2', 'D21', 'D22', 'D23', 'D24', 'D25', 'D26', 'D27', 'D28', 'D29', 'D3', 'D30', 'D31', 'D32', 'D33', 'D34', 'D35', 'D36', 'D37', 'D38', 'D4', 'D49', 'D5', 'D50', 'D51', 'D52', 'D53', 'D54', 'D55', 'D56', 'D57', 'D58', 'D59', 'D6', 'D60', 'D61', 'D62', 'D63', 'D7', 'D8', 'D9']","['D1', 'D10', 'D2', 'D21', 'D22', 'D23', 'D24', 'D25', 'D26', 'D27', 'D28', 'D29', 'D3', 'D30', 'D31', 'D32', 'D33', 'D34', 'D35', 'D36', 'D37', 'D38', 'D4', 'D49', 'D5', 'D50', 'D51', 'D52', 'D53', 'D54', 'D55', 'D56', 'D57', 'D58', 'D59', 'D6', 'D60', 'D61', 'D62', 'D63', 'D7', 'D8', 'D9']"
4,B55,[],[],"['D1', 'D10', 'D2', 'D21', 'D22', 'D23', 'D24', 'D25', 'D26', 'D27', 'D28', 'D29', 'D3', 'D30', 'D31', 'D32', 'D33', 'D34', 'D35', 'D36', 'D37', 'D38', 'D4', 'D49', 'D5', 'D50', 'D51', 'D52', 'D53', 'D54', 'D55', 'D56', 'D57', 'D58', 'D59', 'D6', 'D60', 'D61', 'D62', 'D63', 'D7', 'D8', 'D9']","['D1', 'D10', 'D2', 'D21', 'D22', 'D23', 'D24', 'D25', 'D26', 'D27', 'D28', 'D29', 'D3', 'D30', 'D31', 'D32', 'D33', 'D34', 'D35', 'D36', 'D37', 'D38', 'D4', 'D49', 'D5', 'D50', 'D51', 'D52', 'D53', 'D54', 'D55', 'D56', 'D57', 'D58', 'D59', 'D6', 'D60', 'D61', 'D62', 'D63', 'D7', 'D8', 'D9']"
4,B56,[],[],"['D1', 'D10', 'D2', 'D21', 'D22', 'D23', 'D24', 'D25', 'D26', 'D27', 'D28', 'D29', 'D3', 'D30', 'D31', 'D32', 'D33', 'D34', 'D35', 'D36', 'D37', 'D38', 'D4', 'D49', 'D5', 'D50', 'D51', 'D52', 'D53', 'D54', 'D55', 'D56', 'D57', 'D58', 'D59', 'D6', 'D60', 'D61', 'D62', 'D63', 'D7', 'D8', 'D9']","['D1', 'D10', 'D2', 'D21', 'D22', 'D23', 'D24', 'D25', 'D26', 'D27', 'D28', 'D29', 'D3', 'D30', 'D31', 'D32', 'D33', 'D34', 'D35', 'D36', 'D37', 'D38', 'D4', 'D49', 'D5', 'D50', 'D51', 'D52', 'D53', 'D54', 'D55', 'D56', 'D57', 'D58', 'D59', 'D6', 'D60', 'D61', 'D62', 'D63', 'D7', 'D8', 'D9']"
4,B57,[],[],"['D1', 'D10', 'D2', 'D21', 'D22', 'D23', 'D24', 'D25', 'D26', 'D27', 'D28', 'D29', 'D3', 'D30', 'D31', 'D32', 'D33', 'D34', 'D35', 'D36', 'D37', 'D38', 'D4', 'D49', 'D5', 'D50', 'D51', 'D52', 'D53', 'D54', 'D55', 'D56', 'D57', 'D58', 'D59', 'D6', 'D60', 'D61', 'D62', 'D63', 'D7', 'D8', 'D9']","['D1', 'D10', 'D2', 'D21', 'D22', 'D23', 'D24', 'D25', 'D26', 'D27', 'D28', 'D29', 'D3', 'D30', 'D31', 'D32', 'D33', 'D34', 'D35', 'D36', 'D37', 'D38', 'D4', 'D49', 'D5', 'D50', 'D51', 'D52', 'D53', 'D54', 'D55', 'D56', 'D57', 'D58', 'D59', 'D6', 'D60', 'D61', 'D62', 'D63', 'D7', 'D8', 'D9']"
4,B58,[],[],"['D1', 'D10', 'D2', 'D21', 'D22', 'D23', 'D24', 'D25', 'D26', 'D27', 'D28', 'D29', 'D3', 'D30', 'D31', 'D32', 'D33', 'D34', 'D35', 'D36', 'D37', 'D38', 'D4', 'D49', 'D5', 'D50', 'D51', 'D52', 'D53', 'D54', 'D55', 'D56', 'D57', 'D58', 'D59', 'D6', 'D60', 'D61', 'D62', 'D63', 'D7', 'D8', 'D9']","['D1', 'D10', 'D2', 'D21', 'D22', 'D23', 'D24', 'D25', 'D26', 'D27', 'D28', 'D29', 'D3', 'D30', 'D31', 'D32', 'D33', 'D34', 'D35', 'D36', 'D37', 'D38', 'D4', 'D49', 'D5', 'D50', 'D51', 'D52', 'D53', 'D54', 'D55', 'D56', 'D57', 'D58', 'D59', 'D6', 'D60', 'D61', 'D62', 'D63', 'D7', 'D8', 'D9']"
5,B0,"['D1', 'D2', 'D3']",['D61'],[],"['D1', 'D2', 'D3']"
5,B1,[],[],"['D1', 'D2', 'D3', 'D4', 'D5']","['D1', 'D2', 'D3', 'D4', 'D5']"
5,B2,[],[],"['D1', 'D2', 'D3', 'D4', 'D5']","['D1', 'D2', 'D3', 'D4', 'D5']"
5,B3,[],[],"['D1', 'D2', 'D3', 'D4', 'D5']","['D1', 'D2', 'D3', 'D4', 'D5']"
5,B4,"['D4', 'D5']",[],"['D1', 'D2', 'D3', 'D4', 'D5']","['D1', 'D2', 'D3', 'D4', 'D5']"
5,B5,[],[],"['D1', 'D2', 'D3', 'D4', 'D5']","['D1', 'D2', 'D3', 'D4', 'D5']"
5,B6,[],[],"['D1', 'D2', 'D3', 'D4', 'D5']","['D1', 'D2', 'D3', 'D4', 'D5']"
5,B7,[],[],"['D1', 'D2', 'D3', 'D4', 'D5']","['D1', 'D2', 'D3', 'D4', 'D5']"
5,B8,[],[],"['D1', 'D2', 'D3', 'D4', 'D5']","['D1', 'D2', 'D3', 'D4', 'D5']"
5,B9,[],[],"['D1', 'D2', 'D3', 'D4', 'D5']","['D1', 'D2', 'D3', 'D4', 'D5']"
5,B10,[],[],"['D1', 'D2', 'D3', 'D4', 'D5']","['D1', 'D2', 'D3', 'D4', 'D5']"
5,B11,[],[],"['D1', 'D2', 'D3', 'D4', 'D5']","['D1', 'D2', 'D3', 'D4', 'D5']"
5,B12,"['D6', 'D7', 'D8', 'D9']",[],"['D1', 'D2', 'D3', 'D4', 'D5']","['D1', 'D2', 'D3', 'D4', 'D5', 'D6', 'D7', 'D8', 'D9']"
5,B13,[],[],"['D1', 'D10', 'D11', 'D12', 'D13', 'D14', 'D15', 'D16', 'D17', 'D18', 'D19', 'D2', 'D20', 'D21', 'D22', 'D23', 'D24', 'D25', 'D26', 'D27', 'D28', 'D29', 'D3', 'D30', 'D31', 'D32', 'D4', 'D5', 'D6', 'D7', 'D8', 'D9']","['D1', 'D10', 'D11', 'D12', 'D13', 'D14', 'D15', 'D16', 'D17', 'D18', 'D19', 'D2', 'D20', 'D21', 'D22', 'D23', 'D24', 'D25', 'D26', 'D27', 'D28', 'D29', 'D3', 'D30', 'D31', 'D32', 'D4', 'D5', 'D6', 'D7', 'D8', 'D9']"
5,B14,['D10'],['D20'],"['D1', 'D10', 'D11', 'D12', 'D13', 'D14', 'D15', 'D16', 'D17', 'D18', 'D19', 'D2', 'D20', 'D21', 'D22', 'D23', 'D24', 'D25', 'D26', 'D27', 'D28', 'D29', 'D3', 'D30', 'D31', 'D32', 'D4', 'D5', 'D6', 'D7', 'D8', 'D9']","['D1', 'D10', 'D11', 'D12', 'D13', 'D14', 'D15', 'D16', 'D17', 'D18', 'D19', 'D2', 'D21', 'D22', 'D23', 'D24', 'D25', 'D26', 'D27', 'D28', 'D29', 'D3', 'D30', 'D31', 'D32', 'D4', 'D5', 'D6', 'D7', 'D8', 'D9']"
5,B15,[],[],"['D1', 'D10', 'D11', 'D12', 'D13', 'D14', 'D15', 'D16', 'D17', 'D18', 'D19', 'D2', 'D20', 'D21', 'D22', 'D23', 'D24', 'D25', 'D26', 'D27', 'D28', 'D29', 'D3', 'D30', 'D31', 'D32', 'D4', 'D5', 'D6', 'D7', 'D8', 'D9']","['D1', 'D10', 'D11', 'D12', 'D13', 'D14', 'D15', 'D16', 'D17', 'D18', 'D19', 'D2', 'D20', 'D21', 'D22', 'D23', 'D24', 'D25', 'D26', 'D27', 'D28', 'D29', 'D3', 'D30', 'D31', 'D32', 'D4', 'D5', 'D6', 'D7', 'D8', 'D9']"
5,B16,"['D11', 'D12', 'D13', 'D14', 'D15', 'D16', 'D17', 'D18', 'D19', 'D20']",['D10'],"['D1', 'D10', 'D11', 'D12', 'D13', 'D14', 'D15', 'D16', 'D17', 'D18', 'D19', 'D2', 'D20', 'D21', 'D22', 'D23', 'D24', 'D25', 'D26', 'D27', 'D28', 'D29', 'D3', 'D30', 'D31', 'D32', 'D4', 'D5', 'D6', 'D7', 'D8', 'D9']","['D1', 'D11', 'D12', 'D13', 'D14', 'D15', 'D16', 'D17', 'D18', 'D19', 'D2', 'D20', 'D21', 'D22', 'D23', 'D24', 'D25', 'D26', 'D27', 'D28', 'D29', 'D3', 'D30', 'D31', 'D32', 'D4', 'D5', 'D6', 'D7', 'D8', 'D9']"
5,B17,"['D21', 'D22', 'D23', 'D24', 'D25', 'D26', 'D27', 'D28']","['D29', 'D30']","['D1', 'D10', 'D11', 'D12', 'D13', 'D14', 'D15', 'D16', 'D17', 'D18', 'D19', 'D2', 'D20', 'D21', 'D22', 'D23', 'D24', 'D25', 'D26', 'D27', 'D28', 'D29', 'D3', 'D30', 'D31', 'D32', 'D4', 'D5', 'D6', 'D7', 'D8', 'D9']","['D1', 'D10', 'D11', 'D12', 'D13', 'D14', 'D15', 'D16', 'D17', 'D18', 'D19', 'D2', 'D20', 'D21', 'D22', 'D23', 'D24', 'D25', 'D26', 'D27', 'D28', 'D3', 'D31', 'D32', 'D4', 'D5', 'D6', 'D7', 'D8', 'D9']"
5,B18,[],[],"['D1', 'D10', 'D11', 'D12', 'D13', 'D14', 'D15', 'D16', 'D17', 'D18', 'D19', 'D2', 'D20', 'D21', 'D22', 'D23', 'D24', 'D25', 'D26', 'D27', 'D28', 'D3', 'D31', 'D32', 'D4', 'D5', 'D6', 'D7', 'D8', 'D9']","['D1', 'D10', 'D11', 'D12', 'D13', 'D14', 'D15', 'D16', 'D17', 'D18', 'D19', 'D2', 'D20', 'D21', 'D22', 'D23', 'D24', 'D25', 'D26', 'D27', 'D28', 'D3', 'D31', 'D32', 'D4', 'D5', 'D6', 'D7', 'D8', 'D9']"
5,B19,['D29'],['D27'],"['D1', 'D10', 'D11', 'D12', 'D13', 'D14', 'D15', 'D16', 'D17', 'D18', 'D19', 'D2', 'D20', 'D21', 'D22', 'D23', 'D24', 'D25', 'D26', 'D27', 'D28', 'D3', 'D31', 'D32', 'D4', 'D5', 'D6', 'D7', 'D8', 'D9']","['D1', 'D10', 'D11', 'D12', 'D13', 'D14', 'D15', 'D16', 'D17', 'D18', 'D19', 'D2', 'D20', 'D21', 'D22', 'D23', 'D24', 'D25', 'D26', 'D28', 'D29', 'D3', 'D31', 'D32', 'D4', 'D5', 'D6', 'D7', 'D8', 'D9']"
5,B20,[],[],"['D1', 'D10', 'D11', 'D12', 'D13', 'D14', 'D15', 'D16', 'D17', 'D18', 'D19', 'D2', 'D20', 'D21', 'D22', 'D23', 'D24', 'D25', 'D26', 'D27', 'D28', 'D29', 'D3', 'D31', 'D32', 'D4', 'D5', 'D6', 'D7', 'D8', 'D9']","['D1', 'D10', 'D11', 'D12', 'D13', 'D14', 'D15', 'D16', 'D17', 'D18', 'D19', 'D2', 'D20', 'D21', 'D22', 'D23', 'D24', 'D25', 'D26', 'D27', 'D28', 'D29', 'D3', 'D31', 'D32', 'D4', 'D5', 'D6', 'D7', 'D8', 'D9']"
5,B21,['D30'],['D28'],"['D1', 'D10', 'D11', 'D12', 'D13', 'D14', 'D15', 'D16', 'D17', 'D18', 'D19', 'D2', 'D20', 'D21', 'D22', 'D23', 'D24', 'D25', 'D26', 'D27', 'D28', 'D29', 'D3', 'D31', 'D32', 'D4', 'D5', 'D6', 'D7', 'D8', 'D9']","['D1', 'D10', 'D11', 'D12', 'D13', 'D14', 'D15', 'D16', 'D17', 'D18', 'D19', 'D2', 'D20', 'D21', 'D22', 'D23', 'D24', 'D25', 'D26', 'D27', 'D29', 'D3', 'D30', 'D31', 'D32', 'D4', 'D5', 'D6', 'D7', 'D8', 'D9']"
5,B22,"['D31', 'D32']",[],"['D1', 'D10', 'D11', 'D12', 'D13', 'D14', 'D15', 'D16', 'D17', 'D18', 'D19', 'D2', 'D20', 'D21', 'D22', 'D23', 'D24', 'D25', 'D26', 'D27', 'D28', 'D29', 'D3', 'D30', 'D31', 'D32', 'D4', 'D5', 'D6', 'D7', 'D8', 'D9']","['D1', 'D10', 'D11', 'D12', 'D13', 'D14', 'D15', 'D16', 'D17', 'D18', 'D19', 'D2', 'D20', 'D21', 'D22', 'D23', 'D24', 'D25', 'D26', 'D27', 'D28', 'D29', 'D3', 'D30', 'D31', 'D32', 'D4', 'D5', 'D6', 'D7', 'D8', 'D9']"
5,B23,[],[],"['D1', 'D10', 'D11', 'D12', 'D13', 'D14', 'D15', 'D16', 'D17', 'D18', 'D19', 'D2', 'D20', 'D21', 'D22', 'D23', 'D24', 'D25', 'D26', 'D27', 'D28', 'D29', 'D3', 'D30', 'D31', 'D32', 'D4', 'D5', 'D6', 'D7', 'D8', 'D9']","['D1', 'D10', 'D11', 'D12', 'D13', 'D14', 'D15', 'D16', 'D17', 'D18', 'D19', 'D2', 'D20', 'D21', 'D22', 'D23', 'D24', 'D25', 'D26', 'D27', 'D28', 'D29', 'D3', 'D30', 'D31', 'D32', 'D4', 'D5', 'D6', 'D7', 'D8', 'D9']"
5,B24,[],[],"['D1', 'D10', 'D11', 'D12', 'D13', 'D14', 'D15', 'D16', 'D17', 'D18', 'D19', 'D2', 'D20', 'D21', 'D22', 'D23', 'D24', 'D25', 'D26', 'D27', 'D28', 'D29', 'D3', 'D30', 'D31', 'D32', 'D33', 'D34', 'D4', 'D5', 'D6', 'D7', 'D8', 'D9']","['D1', 'D10', 'D11', 'D12', 'D13', 'D14', 'D15', 'D16', 'D17', 'D18', 'D19', 'D2', 'D20', 'D21', 'D22', 'D23', 'D24', 'D25', 'D26', 'D27', 'D28', 'D29', 'D3', 'D30', 'D31', 'D32', 'D33', 'D34', 'D4', 'D5', 'D6', 'D7', 'D8', 'D9']"
5,B25,[],[],"['D1', 'D10', 'D11', 'D12', 'D13', 'D14', 'D15', 'D16', 'D17', 'D18', 'D19', 'D2', 'D20', 'D21', 'D22', 'D23', 'D24', 'D25', 'D26', 'D27', 'D28', 'D29', 'D3', 'D30', 'D31', 'D32', 'D33', 'D34', 'D4', 'D5', 'D6', 'D7', 'D8', 'D9']","['D1', 'D10', 'D11', 'D12', 'D13', 'D14', 'D15', 'D16', 'D17', 'D18', 'D19', 'D2', 'D20', 'D21', 'D22', 'D23', 'D24', 'D25', 'D26', 'D27', 'D28', 'D29', 'D3', 'D30', 'D31', 'D32', 'D33', 'D34', 'D4', 'D5', 'D6', 'D7', 'D8', 'D9']"
5,B26,[],[],"['D1', 'D10', 'D11', 'D12', 'D13', 'D14', 'D15', 'D16', 'D17', 'D18', 'D19', 'D2', 'D20', 'D21', 'D22', 'D23', 'D24', 'D25', 'D26', 'D27', 'D28', 'D29', 'D3', 'D30', 'D31', 'D32', 'D33', 'D34', 'D4', 'D5', 'D6', 'D7', 'D8', 'D9']","['D1', 'D10', 'D11', 'D12', 'D13', 'D14', 'D15', 'D16', 'D17', 'D18', 'D19', 'D2', 'D20', 'D21', 'D22', 'D23', 'D24', 'D25', 'D26', 'D27', 'D28', 'D29', 'D3', 'D30', 'D31', 'D32', 'D33', 'D34', 'D4', 'D5', 'D6', 'D7', 'D8', 'D9']"
5,B27,"['D33', 'D34']",[],"['D1', 'D10', 'D11', 'D12', 'D13', 'D14', 'D15', 'D16', 'D17', 'D18', 'D19', 'D2', 'D20', 'D21', 'D22', 'D23', 'D24', 'D25', 'D26', 'D27', 'D28', 'D29', 'D3', 'D30', 'D31', 'D32', 'D33', 'D34', 'D4', 'D5', 'D6', 'D7', 'D8', 'D9']","['D1', 'D10', 'D11', 'D12', 'D13', 'D14', 'D15', 'D16', 'D17', 'D18', 'D19', 'D2', 'D20', 'D21', 'D22', 'D23', 'D24', 'D25', 'D26', 'D27', 'D28', 'D29', 'D3', 'D30', 'D31', 'D32', 'D33', 'D34', 'D4', 'D5', 'D6', 'D7', 'D8', 'D9']"
5,B28,[],[],"['D1', 'D10', 'D11', 'D12', 'D13', 'D14', 'D15', 'D16', 'D17', 'D18', 'D19', 'D2', 'D20', 'D21', 'D22', 'D23', 'D24', 'D25', 'D26', 'D27', 'D28', 'D29', 'D3', 'D30', 'D31', 'D32', 'D33', 'D34', 'D4', 'D5', 'D6', 'D7', 'D8', 'D9']","['D1', 'D10', 'D11', 'D12', 'D13', 'D14', 'D15', 'D16', 'D17', 'D18', 'D19', 'D2', 'D20', 'D21', 'D22', 'D23', 'D24', 'D25', 'D26', 'D27', 'D28', 'D29', 'D3', 'D30', 'D31', 'D32', 'D33', 'D34', 'D4', 'D5', 'D6', 'D7', 'D8', 'D9']"
5,B29,[],[],"['D1', 'D10', 'D11', 'D12', 'D13', 'D14', 'D15', 'D16', 'D17', 'D18', 'D19', 'D2', 'D20', 'D21', 'D22', 'D23', 'D24', 'D25', 'D26', 'D27', 'D28', 'D29', 'D3', 'D30', 'D31', 'D32', 'D33', 'D34', 'D4', 'D5', 'D6', 'D7', 'D8', 'D9']","['D1', 'D10', 'D11', 'D12', 'D13', 'D14', 'D15', 'D16', 'D17', 'D18', 'D19', 'D2', 'D20', 'D21', 'D22', 'D23', 'D24', 'D25', 'D26', 'D27', 'D28', 'D29', 'D3', 'D30', 'D31', 'D32', 'D33', 'D34', 'D4', 'D5', 'D6', 'D7', 'D8', 'D9']"
5,B30,[],[],"['D1', 'D10', 'D11', 'D12', 'D13', 'D14', 'D15', 'D16', 'D17', 'D18', 'D19', 'D2', 'D20', 'D21', 'D22', 'D23', 'D24', 'D25', 'D26', 'D27', 'D28', 'D29', 'D3', 'D30', 'D31', 'D32', 'D33', 'D34', 'D4', 'D5', 'D6', 'D7', 'D8', 'D9']","['D1', 'D10', 'D11', 'D12', 'D13', 'D14', 'D15', 'D16', 'D17', 'D18', 'D19', 'D2', 'D20', 'D21', 'D22', 'D23', 'D24', 'D25', 'D26', 'D27', 'D28', 'D29', 'D3', 'D30', 'D31', 'D32', 'D33', 'D34', 'D4', 'D5', 'D6', 'D7', 'D8', 'D9']"
5,B31,[],[],"['D1', 'D10', 'D11', 'D12', 'D13', 'D14', 'D15', 'D16', 'D17', 'D18', 'D19', 'D2', 'D20', 'D21', 'D22', 'D23', 'D24', 'D25', 'D26', 'D27', 'D28', 'D29', 'D3', 'D30', 'D31', 'D32', 'D33', 'D34', 'D4', 'D5', 'D6', 'D7', 'D8', 'D9']","['D1', 'D10', 'D11', 'D12', 'D13', 'D14', 'D15', 'D16', 'D17', 'D18', 'D19', 'D2', 'D20', 'D21', 'D22', 'D23', 'D24', 'D25', 'D26', 'D27', 'D28', 'D29', 'D3', 'D30', 'D31', 'D32', 'D33', 'D34', 'D4', 'D5', 'D6', 'D7', 'D8', 'D9']"
5,B32,[],[],"['D1', 'D10', 'D11', 'D12', 'D13', 'D14', 'D15', 'D16', 'D17', 'D18', 'D19', 'D2', 'D20', 'D21', 'D22', 'D23', 'D24', 'D25', 'D26', 'D27', 'D28', 'D29', 'D3', 'D30', 'D31', 'D32', 'D33', 'D34', 'D4', 'D5', 'D6', 'D7', 'D8', 'D9']","['D1', 'D10', 'D11', 'D12', 'D13', 'D14', 'D15', 'D16', 'D17', 'D18', 'D19', 'D2', 'D20', 'D21', 'D22', 'D23', 'D24', 'D25', 'D26', 'D27', 'D28', 'D29', 'D3', 'D30', 'D31', 'D32', 'D33', 'D34', 'D4', 'D5', 'D6', 'D7', 'D8', 'D9']"
5,B33,[],[],"['D1', 'D10', 'D11', 'D12', 'D13', 'D14', 'D15', 'D16', 'D17', 'D18', 'D19', 'D2', 'D20', 'D21', 'D22', 'D23', 'D24', 'D25', 'D26', 'D27', 'D28', 'D29', 'D3', 'D30', 'D31', 'D32', 'D33', 'D34', 'D4', 'D5', 'D6', 'D7', 'D8', 'D9']","['D1', 'D10', 'D11', 'D12', 'D13', 'D14', 'D15', 'D16', 'D17', 'D18', 'D19', 'D2', 'D20', 'D21', 'D22', 'D23', 'D24', 'D25', 'D26', 'D27', 'D28', 'D29', 'D3', 'D30', 'D31', 'D32', 'D33', 'D34', 'D4', 'D5', 'D6', 'D7', 'D8', 'D9']"
5,B34,[],[],"['D1', 'D10', 'D11', 'D12', 'D13', 'D14', 'D15', 'D16', 'D17', 'D18', 'D19', 'D2', 'D20', 'D21', 'D22', 'D23', 'D24', 'D25', 'D26', 'D27', 'D28', 'D29', 'D3', 'D30', 'D31', 'D32', 'D33', 'D34', 'D4', 'D5', 'D6', 'D7', 'D8', 'D9']","['D1', 'D10', 'D11', 'D12', 'D13', 'D14', 'D15', 'D16', 'D17', 'D18', 'D19', 'D2', 'D20', 'D21', 'D22', 'D23', 'D24', 'D25', 'D26', 'D27', 'D28', 'D29', 'D3', 'D30', 'D31', 'D32', 'D33', 'D34', 'D4', 'D5', 'D6', 'D7', 'D8', 'D9']"
5,B35,"['D35', 'D36', 'D37']",[],"['D1', 'D10', 'D11', 'D12', 'D13', 'D14', 'D15', 'D16', 'D17', 'D18', 'D19', 'D2', 'D20', 'D21', 'D22', 'D23', 'D24', 'D25', 'D26', 'D27', 'D28', 'D29', 'D3', 'D30', 'D31', 'D32', 'D33', 'D34', 'D4', 'D5', 'D6', 'D7', 'D8', 'D9']","['D1', 'D10', 'D11', 'D12', 'D13', 'D14', 'D15', 'D16', 'D17', 'D18', 'D19', 'D2', 'D20', 'D21', 'D22', 'D23', 'D24', 'D25', 'D26', 'D27', 'D28', 'D29', 'D3', 'D30', 'D31', 'D32', 'D33', 'D34', 'D35', 'D36', 'D37', 'D4', 'D5', 'D6', 'D7', 'D8', 'D9']"
5,B36,[],[],"['D1', 'D10', 'D11', 'D12', 'D13', 'D14', 'D15', 'D16', 'D17', 'D18', 'D19', 'D2', 'D20', 'D21', 'D22', 'D23', 'D24', 'D25', 'D26', 'D27', 'D28', 'D29', 'D3', 'D30', 'D31', 'D32', 'D33', 'D34', 'D35', 'D36', 'D37', 'D38', 'D39', 'D4', 'D40', 'D41', 'D42', 'D43', 'D44', 'D45', 'D46', 'D47', 'D48', 'D49', 'D5', 'D50', 'D51', 'D52', 'D53', 'D54', 'D55', 'D56', 'D57', 'D58', 'D59', 'D6', 'D60', 'D61', 'D7', 'D8', 'D9']","['D1', 'D10', 'D11', 'D12', 'D13', 'D14', 'D15', 'D16', 'D17', 'D18', 'D19', 'D2', 'D20', 'D21', 'D22', 'D23', 'D24', 'D25', 'D26', 'D27', 'D28', 'D29', 'D3', 'D30', 'D31', 'D32', 'D33', 'D34', 'D35', 'D36', 'D37', 'D38', 'D39', 'D4', 'D40', 'D41', 'D42', 'D43', 'D44', 'D45', 'D46', 'D47', 'D48', 'D49', 'D5', 'D50', 'D51', 'D52', 'D53', 'D54', 'D55', 'D56', 'D57', 'D58', 'D59', 'D6', 'D60', 'D61', 'D7', 'D8', 'D9']"
5,B37,['D38'],['D48'],"['D1', 'D10', 'D11', 'D12', 'D13', 'D14', 'D15', 'D16', 'D17', 'D18', 'D19', 'D2', 'D20', 'D21', 'D22', 'D23', 'D24', 'D25', 'D26', 'D27', 'D28', 'D29', 'D3', 'D30', 'D31', 'D32', 'D33', 'D34', 'D35', 'D36', 'D37', 'D38', 'D39', 'D4', 'D40', 'D41', 'D42', 'D43', 'D44', 'D45', 'D46', 'D47', 'D48', 'D49', 'D5', 'D50', 'D51', 'D52', 'D53', 'D54', 'D55', 'D56', 'D57', 'D58', 'D59', 'D6', 'D60', 'D61', 'D7', 'D8', 'D9']","['D1', 'D10', 'D11', 'D12', 'D13', 'D14', 'D15', 'D16', 'D17', 'D18', 'D19', 'D2', 'D20', 'D21', 'D22', 'D23', 'D24', 'D25', 'D26', 'D27', 'D28', 'D29', 'D3', 'D30', 'D31', 'D32', 'D33', 'D34', 'D35', 'D36', 'D37', 'D38', 'D39', 'D4', 'D40', 'D41', 'D42', 'D43', 'D44', 'D45', 'D46', 'D47', 'D49', 'D5', 'D50', 'D51', 'D52', 'D53', 'D54', 'D55', 'D56', 'D57', 'D58', 'D59', 'D6', 'D60', 'D61', 'D7', 'D8', 'D9']"
5,B38,[],[],"['D1', 'D10', 'D11', 'D12', 'D13', 'D14', 'D15', 'D16', 'D17', 'D18', 'D19', 'D2', 'D20', 'D21', 'D22', 'D23', 'D24', 'D25', 'D26', 'D27', 'D28', 'D29', 'D3', 'D30', 'D31', 'D32', 'D33', 'D34', 'D35', 'D36', 'D37', 'D38', 'D39', 'D4', 'D40', 'D41', 'D42', 'D43', 'D44', 'D45', 'D46', 'D47', 'D48', 'D49', 'D5', 'D50', 'D51', 'D52', 'D53', 'D54', 'D55', 'D56', 'D57', 'D58', 'D59', 'D6', 'D60', 'D61', 'D7', 'D8', 'D9']","['D1', 'D10', 'D11', 'D12', 'D13', 'D14', 'D15', 'D16', 'D17', 'D18', 'D19', 'D2', 'D20', 'D21', 'D22', 'D23', 'D24', 'D25', 'D26', 'D27', 'D28', 'D29', 'D3', 'D30', 'D31', 'D32', 'D33', 'D34', 'D35', 'D36', 'D37', 'D38', 'D39', 'D4', 'D40', 'D41', 'D42', 'D43', 'D44', 'D45', 'D46', 'D47', 'D48', 'D49', 'D5', 'D50', 'D51', 'D52', 'D53', 'D54', 'D55', 'D56', 'D57', 'D58', 'D59', 'D6', 'D60', 'D61', 'D7', 'D8', 'D9']"
5,B39,"['D39', 'D40', 'D41', 'D42', 'D43', 'D44', 'D45', 'D46', 'D47', 'D48']",['D38'],"['D1', 'D10', 'D11', 'D12', 'D13', 'D14', 'D15', 'D16', 'D17', 'D18', 'D19', 'D2', 'D20', 'D21', 'D22', 'D23', 'D24', 'D25', 'D26', 'D27', 'D28', 'D29', 'D3', 'D30', 'D31', 'D32', 'D33', 'D34', 'D35', 'D36', 'D37', 'D38', 'D39', 'D4', 'D40', 'D41', 'D42', 'D43', 'D44', 'D45', 'D46', 'D47', 'D48', 'D49', 'D5', 'D50', 'D51', 'D52', 'D53', 'D54', 'D55', 'D56', 'D57', 'D58', 'D59', 'D6', 'D60', 'D61', 'D7', 'D8', 'D9']","['D1', 'D10', 'D11', 'D12', 'D13', 'D14', 'D15', 'D16', 'D17', 'D18', 'D19', 'D2', 'D20', 'D21', 'D22', 'D23', 'D24', 'D25', 'D26', 'D27', 'D28', 'D29', 'D3', 'D30', 'D31', 'D32', 'D33', 'D34', 'D35', 'D36', 'D37', 'D39', 'D4', 'D40', 'D41', 'D42', 'D43', 'D44', 'D45', 'D46', 'D47', 'D48', 'D49', 'D5', 'D50', 'D51', 'D52', 'D53', 'D54', 'D55', 'D56', 'D57', 'D58', 'D59', 'D6', 'D60', 'D61', 'D7', 'D8', 'D9']"
5,B40,"['D49', 'D50', 'D51', 'D52', 'D53', 'D54', 'D55', 'D56', 'D57']","['D58', 'D59']","['D1', 'D10', 'D11', 'D12', 'D13', 'D14', 'D15', 'D16', 'D17', 'D18', 'D19', 'D2', 'D20', 'D21', 'D22', 'D23', 'D24', 'D25', 'D26', 'D27', 'D28', 'D29', 'D3', 'D30', 'D31', 'D32', 'D33', 'D34', 'D35', 'D36', 'D37', 'D38', 'D39', 'D4', 'D40', 'D41', 'D42', 'D43', 'D44', 'D45', 'D46', 'D47', 'D48', 'D49', 'D5', 'D50', 'D51', 'D52', 'D53', 'D54', 'D55', 'D56', 'D57', 'D58', 'D59', 'D6', 'D60', 'D61', 'D7', 'D8', 'D9']","['D1', 'D10', 'D11', 'D12', 'D13', 'D14', 'D15', 'D16', 'D17', 'D18', 'D19', 'D2', 'D20', 'D21', 'D22', 'D23', 'D24', 'D25', 'D26', 'D27', 'D28', 'D29', 'D3', 'D30', 'D31', 'D32', 'D33', 'D34', 'D35', 'D36', 'D37', 'D38', 'D39', 'D4', 'D40', 'D41', 'D42', 'D43', 'D44', 'D45', 'D46', 'D47', 'D48', 'D49', 'D5', 'D50', 'D51', 'D52', 'D53', 'D54', 'D55', 'D56', 'D57', 'D6', 'D60', 'D61', 'D7', 'D8', 'D9']"
5,B41,[],[],"['D1', 'D10', 'D11', 'D12', 'D13', 'D14', 'D15', 'D16', 'D17', 'D18', 'D19', 'D2', 'D20', 'D21', 'D22', 'D23', 'D24', 'D25', 'D26', 'D27', 'D28', 'D29', 'D3', 'D30', 'D31', 'D32', 'D33', 'D34', 'D35', 'D36', 'D37', 'D38', 'D39', 'D4', 'D40', 'D41', 'D42', 'D43', 'D44', 'D45', 'D46', 'D47', 'D48', 'D49', 'D5', 'D50', 'D51', 'D52', 'D53', 'D54', 'D55', 'D56', 'D57', 'D6', 'D60', 'D61', 'D7', 'D8', 'D9']","['D1', 'D10', 'D11', 'D12', 'D13', 'D14', 'D15', 'D16', 'D17', 'D18', 'D19', 'D2', 'D20', 'D21', 'D22', 'D23', 'D24', 'D25', 'D26', 'D27', 'D28', 'D29', 'D3', 'D30', 'D31', 'D32', 'D33', 'D34', 'D35', 'D36', 'D37', 'D38', 'D39', 'D4', 'D40', 'D41', 'D42', 'D43', 'D44', 'D45', 'D46', 'D47', 'D48', 'D49', 'D5', 'D50', 'D51', 'D52', 'D53', 'D54', 'D55', 'D56', 'D57', 'D6', 'D60', 'D61', 'D7', 'D8', 'D9']"
5,B42,['D58'],['D56'],"['D1', 'D10', 'D11', 'D12', 'D13', 'D14', 'D15', 'D16', 'D17', 'D18', 'D19', 'D2', 'D20', 'D21', 'D22', 'D23', 'D24', 'D25', 'D26', 'D27', 'D28', 'D29', 'D3', 'D30', 'D31', 'D32', 'D33', 'D34', 'D35', 'D36', 'D37', 'D38', 'D39', 'D4', 'D40', 'D41', 'D42', 'D43', 'D44', 'D45', 'D46', 'D47', 'D48', 'D49', 'D5', 'D50', 'D51', 'D52', 'D53', 'D54', 'D55', 'D56', 'D57', 'D6', 'D60', 'D61', 'D7', 'D8', 'D9']","['D1', 'D10', 'D11', 'D12', 'D13', 'D14', 'D15', 'D16', 'D17', 'D18', 'D19', 'D2', 'D20', 'D21', 'D22', 'D23', 'D24', 'D25', 'D26', 'D27', 'D28', 'D29', 'D3', 'D30', 'D31', 'D32', 'D33', 'D34', 'D35', 'D36', 'D37', 'D38', 'D39', 'D4', 'D40', 'D41', 'D42', 'D43', 'D44', 'D45', 'D46', 'D47', 'D48', 'D49', 'D5', 'D50', 'D51', 'D52', 'D53', 'D54', 'D55', 'D57', 'D58', 'D6', 'D60', 'D61', 'D7', 'D8', 'D9']"
5,B43,[],[],"['D1', 'D10', 'D11', 'D12', 'D13', 'D14', 'D15', 'D16', 'D17', 'D18', 'D19', 'D2', 'D20', 'D21', 'D22', 'D23', 'D24', 'D25', 'D26', 'D27', 'D28', 'D29', 'D3', 'D30', 'D31', 'D32', 'D33', 'D34', 'D35', 'D36', 'D37', 'D38', 'D39', 'D4', 'D40', 'D41', 'D42', 'D43', 'D44', 'D45', 'D46', 'D47', 'D48', 'D49', 'D5', 'D50', 'D51', 'D52', 'D53', 'D54', 'D55', 'D56', 'D57', 'D58', 'D6', 'D60', 'D61', 'D7', 'D8', 'D9']","['D1', 'D10', 'D11', 'D12', 'D13', 'D14', 'D15', 'D16', 'D17', 'D18', 'D19', 'D2', 'D20', 'D21', 'D22', 'D23', 'D24', 'D25', 'D26', 'D27', 'D28', 'D29', 'D3', 'D30', 'D31', 'D32', 'D33', 'D34', 'D35', 'D36', 'D37', 'D38', 'D39', 'D4', 'D40', 'D41', 'D42', 'D43', 'D44', 'D45', 'D46', 'D47', 'D48', 'D49', 'D5', 'D50', 'D51', 'D52', 'D53', 'D54', 'D55', 'D56', 'D57', 'D58', 'D6', 'D60', 'D61', 'D7', 'D8', 'D9']"
5,B44,['D59'],['D57'],"['D1', 'D10', 'D11', 'D12', 'D13', 'D14', 'D15', 'D16', 'D17', 'D18', 'D19', 'D2', 'D20', 'D21', 'D22', 'D23', 'D24', 'D25', 'D26', 'D27', 'D28', 'D29', 'D3', 'D30', 'D31', 'D32', 'D33', 'D34', 'D35', 'D36', 'D37', 'D38', 'D39', 'D4', 'D40', 'D41', 'D42', 'D43', 'D44', 'D45', 'D46', 'D47', 'D48', 'D49', 'D5', 'D50', 'D51', 'D52', 'D53', 'D54', 'D55', 'D56', 'D57', 'D58', 'D6', 'D60', 'D61', 'D7', 'D8', 'D9']","['D1', 'D10', 'D11', 'D12', 'D13', 'D14', 'D15', 'D16', 'D17', 'D18', 'D19', 'D2', 'D20', 'D21', 'D22', 'D23', 'D24', 'D25', 'D26', 'D27', 'D28', 'D29', 'D3', 'D30', 'D31', 'D32', 'D33', 'D34', 'D35', 'D36', 'D37', 'D38', 'D39', 'D4', 'D40', 'D41', 'D42', 'D43', 'D44', 'D45', 'D46', 'D47', 'D48', 'D49', 'D5', 'D50', 'D51', 'D52', 'D53', 'D54', 'D55', 'D56', 'D58', 'D59', 'D6', 'D60', 'D61', 'D7', 'D8', 'D9']"
5,B45,"['D60', 'D61']",['D1'],"['D1', 'D10', 'D11', 'D12', 'D13', 'D14', 'D15', 'D16', 'D17', 'D18', 'D19', 'D2', 'D20', 'D21', 'D22', 'D23', 'D24', 'D25', 'D26', 'D27', 'D28', 'D29', 'D3', 'D30', 'D31', 'D32', 'D33', 'D34', 'D35', 'D36', 'D37', 'D38', 'D39', 'D4', 'D40', 'D41', 'D42', 'D43', 'D44', 'D45', 'D46', 'D47', 'D48', 'D49', 'D5', 'D50', 'D51', 'D52', 'D53', 'D54', 'D55', 'D56', 'D57', 'D58', 'D59', 'D6', 'D60', 'D61', 'D7', 'D8', 'D9']","['D10', 'D11', 'D12', 'D13', 'D14', 'D15', 'D16', 'D17', 'D18', 'D19', 'D2', 'D20', 'D21', 'D22', 'D23', 'D24', 'D25', 'D26', 'D27', 'D28', 'D29', 'D3', 'D30', 'D31', 'D32', 'D33', 'D34', 'D35', 'D36', 'D37', 'D38', 'D39', 'D4', 'D40', 'D41', 'D42', 'D43', 'D44', 'D45', 'D46', 'D47', 'D48', 'D49', 'D5', 'D50', 'D51', 'D52', 'D53', 'D54', 'D55', 'D56', 'D57', 'D58', 'D59', 'D6', 'D60', 'D61', 'D7', 'D8', 'D9']"
5,B46,[],[],"['D1', 'D10', 'D11', 'D12', 'D13', 'D14', 'D15', 'D16', 'D17', 'D18', 'D19', 'D2', 'D20', 'D21', 'D22', 'D23', 'D24', 'D25', 'D26', 'D27', 'D28', 'D29', 'D3', 'D30', 'D31', 'D32', 'D33', 'D34', 'D35', 'D36', 'D37', 'D38', 'D39', 'D4', 'D40', 'D41', 'D42', 'D43', 'D44', 'D45', 'D46', 'D47', 'D48', 'D49', 'D5', 'D50', 'D51', 'D52', 'D53', 'D54', 'D55', 'D56', 'D57', 'D58', 'D59', 'D6', 'D60', 'D61', 'D7', 'D8', 'D9']","['D1', 'D10', 'D11', 'D12', 'D13', 'D14', 'D15', 'D16', 'D17', 'D18', 'D19', 'D2', 'D20', 'D21', 'D22', 'D23', 'D24', 'D25', 'D26', 'D27', 'D28', 'D29', 'D3', 'D30', 'D31', 'D32', 'D33', 'D34', 'D35', 'D36', 'D37', 'D38', 'D39', 'D4', 'D40', 'D41', 'D42', 'D43', 'D44', 'D45', 'D46', 'D47', 'D48', 'D49', 'D5', 'D50', 'D51', 'D52', 'D53', 'D54', 'D55', 'D56', 'D57', 'D58', 'D59', 'D6', 'D60', 'D61', 'D7', 'D8', 'D9']"
5,B47,[],[],"['D1', 'D10', 'D11', 'D12', 'D13', 'D14', 'D15', 'D16', 'D17', 'D18', 'D19', 'D2', 'D20', 'D21', 'D22', 'D23', 'D24', 'D25', 'D26', 'D27', 'D28', 'D29', 'D3', 'D30', 'D31', 'D32', 'D33', 'D34', 'D35', 'D36', 'D37', 'D38', 'D39', 'D4', 'D40', 'D41', 'D42', 'D43', 'D44', 'D45', 'D46', 'D47', 'D48', 'D49', 'D5', 'D50', 'D51', 'D52', 'D53', 'D54', 'D55', 'D56', 'D57', 'D58', 'D59', 'D6', 'D60', 'D61', 'D62', 'D63', 'D7', 'D8', 'D9']","['D1', 'D10', 'D11', 'D12', 'D13', 'D14', 'D15', 'D16', 'D17', 'D18', 'D19', 'D2', 'D20', 'D21', 'D22', 'D23', 'D24', 'D25', 'D26', 'D27', 'D28', 'D29', 'D3', 'D30', 'D31', 'D32', 'D33', 'D34', 'D35', 'D36', 'D37', 'D38', 'D39', 'D4', 'D40', 'D41', 'D42', 'D43', 'D44', 'D45', 'D46', 'D47', 'D48', 'D49', 'D5', 'D50', 'D51', 'D52', 'D53', 'D54', 'D55', 'D56', 'D57', 'D58', 'D59', 'D6', 'D60', 'D61', 'D62', 'D63', 'D7', 'D8', 'D9']"
5,B48,[],[],"['D1', 'D10', 'D11', 'D12', 'D13', 'D14', 'D15', 'D16', 'D17', 'D18', 'D19', 'D2', 'D20', 'D21', 'D22', 'D23', 'D24', 'D25', 'D26', 'D27', 'D28', 'D29', 'D3', 'D30', 'D31', 'D32', 'D33', 'D34', 'D35', 'D36', 'D37', 'D38', 'D39', 'D4', 'D40', 'D41', 'D42', 'D43', 'D44', 'D45', 'D46', 'D47', 'D48', 'D49', 'D5', 'D50', 'D51', 'D52', 'D53', 'D54', 'D55', 'D56', 'D57', 'D58', 'D59', 'D6', 'D60', 'D61', 'D62', 'D63', 'D7', 'D8', 'D9']","['D1', 'D10', 'D11', 'D12', 'D13', 'D14', 'D15', 'D16', 'D17', 'D18', 'D19', 'D2', 'D20', 'D21', 'D22', 'D23', 'D24', 'D25', 'D26', 'D27', 'D28', 'D29', 'D3', 'D30', 'D31', 'D32', 'D33', 'D34', 'D35', 'D36', 'D37', 'D38', 'D39', 'D4', 'D40', 'D41', 'D42', 'D43', 'D44', 'D45', 'D46', 'D47', 'D48', 'D49', 'D5', 'D50', 'D51', 'D52', 'D53', 'D54', 'D55', 'D56', 'D57', 'D58', 'D59', 'D6', 'D60', 'D61', 'D62', 'D63', 'D7', 'D8', 'D9']"
5,B49,[],[],"['D1', 'D10', 'D11', 'D12', 'D13', 'D14', 'D15', 'D16', 'D17', 'D18', 'D19', 'D2', 'D20', 'D21', 'D22', 'D23', 'D24', 'D25', 'D26', 'D27', 'D28', 'D29', 'D3', 'D30', 'D31', 'D32', 'D33', 'D34', 'D35', 'D36', 'D37', 'D38', 'D39', 'D4', 'D40', 'D41', 'D42', 'D43', 'D44', 'D45', 'D46', 'D47', 'D48', 'D49', 'D5', 'D50', 'D51', 'D52', 'D53', 'D54', 'D55', 'D56', 'D57', 'D58', 'D59', 'D6', 'D60', 'D61', 'D62', 'D63', 'D7', 'D8', 'D9']","['D1', 'D10', 'D11', 'D12', 'D13', 'D14', 'D15', 'D16', 'D17', 'D18', 'D19', 'D2', 'D20', 'D21', 'D22', 'D23', 'D24', 'D25', 'D26', 'D27', 'D28', 'D29', 'D3', 'D30', 'D31', 'D32', 'D33', 'D34', 'D35', 'D36', 'D37', 'D38', 'D39', 'D4', 'D40', 'D41', 'D42', 'D43', 'D44', 'D45', 'D46', 'D47', 'D48', 'D49', 'D5', 'D50', 'D51', 'D52', 'D53', 'D54', 'D55', 'D56', 'D57', 'D58', 'D59', 'D6', 'D60', 'D61', 'D62', 'D63', 'D7', 'D8', 'D9']"
5,B50,"['D62', 'D63']",[],"['D1', 'D10', 'D11', 'D12', 'D13', 'D14', 'D15', 'D16', 'D17', 'D18', 'D19', 'D2', 'D20', 'D21', 'D22', 'D23', 'D24', 'D25', 'D26', 'D27', 'D28', 'D29', 'D3', 'D30', 'D31', 'D32', 'D33', 'D34', 'D35', 'D36', 'D37', 'D38', 'D39', 'D4', 'D40', 'D41', 'D42', 'D43', 'D44', 'D45', 'D46', 'D47', 'D48', 'D49', 'D5', 'D50', 'D51', 'D52', 'D53', 'D54', 'D55', 'D56', 'D57', 'D58', 'D59', 'D6', 'D60', 'D61', 'D62', 'D63', 'D7', 'D8', 'D9']","['D1', 'D10', 'D11', 'D12', 'D13', 'D14', 'D15', 'D16', 'D17', 'D18', 'D19', 'D2', 'D20', 'D21', 'D22', 'D23', 'D24', 'D25', 'D26', 'D27', 'D28', 'D29', 'D3', 'D30', 'D31', 'D32', 'D33', 'D34', 'D35', 'D36', 'D37', 'D38', 'D39', 'D4', 'D40', 'D41', 'D42', 'D43', 'D44', 'D45', 'D46', 'D47', 'D48', 'D49', 'D5', 'D50', 'D51', 'D52', 'D53', 'D54', 'D55', 'D56', 'D57', 'D58', 'D59', 'D6', 'D60', 'D61', 'D62', 'D63', 'D7', 'D8', 'D9']"
5,B51,[],[],"['D1', 'D10', 'D11', 'D12', 'D13', 'D14', 'D15', 'D16', 'D17', 'D18', 'D19', 'D2', 'D20', 'D21', 'D22', 'D23', 'D24', 'D25', 'D26', 'D27', 'D28', 'D29', 'D3', 'D30', 'D31', 'D32', 'D33', 'D34', 'D35', 'D36', 'D37', 'D38', 'D39', 'D4', 'D40', 'D41', 'D42', 'D43', 'D44', 'D45', 'D46', 'D47', 'D48', 'D49', 'D5', 'D50', 'D51', 'D52', 'D53', 'D54', 'D55', 'D56', 'D57', 'D58', 'D59', 'D6', 'D60', 'D61', 'D62', 'D63', 'D7', 'D8', 'D9']","['D1', 'D10', 'D11', 'D12', 'D13', 'D14', 'D15', 'D16', 'D17', 'D18', 'D19', 'D2', 'D20', 'D21', 'D22', 'D23', 'D24', 'D25', 'D26', 'D27', 'D28', 'D29', 'D3', 'D30', 'D31', 'D32', 'D33', 'D34', 'D35', 'D36', 'D37', 'D38', 'D39', 'D4', 'D40', 'D41', 'D42', 'D43', 'D44', 'D45', 'D46', 'D47', 'D48', 'D49', 'D5', 'D50', 'D51', 'D52', 'D53', 'D54', 'D55', 'D56', 'D57', 'D58', 'D59', 'D6', 'D60', 'D61', 'D62', 'D63', 'D7', 'D8', 'D9']"
5,B52,[],[],"['D1', 'D10', 'D11', 'D12', 'D13', 'D14', 'D15', 'D16', 'D17', 'D18', 'D19', 'D2', 'D20', 'D21', 'D22', 'D23', 'D24', 'D25', 'D26', 'D27', 'D28', 'D29', 'D3', 'D30', 'D31', 'D32', 'D33', 'D34', 'D35', 'D36', 'D37', 'D38', 'D39', 'D4', 'D40', 'D41', 'D42', 'D43', 'D44', 'D45', 'D46', 'D47', 'D48', 'D49', 'D5', 'D50', 'D51', 'D52', 'D53', 'D54', 'D55', 'D56', 'D57', 'D58', 'D59', 'D6', 'D60', 'D61', 'D62', 'D63', 'D7', 'D8', 'D9']","['D1', 'D10', 'D11', 'D12', 'D13', 'D14', 'D15', 'D16', 'D17', 'D18', 'D19', 'D2', 'D20', 'D21', 'D22', 'D23', 'D24', 'D25', 'D26', 'D27', 'D28', 'D29', 'D3', 'D30', 'D31', 'D32', 'D33', 'D34', 'D35', 'D36', 'D37', 'D38', 'D39', 'D4', 'D40', 'D41', 'D42', 'D43', 'D44', 'D45', 'D46', 'D47', 'D48', 'D49', 'D5', 'D50', 'D51', 'D52', 'D53', 'D54', 'D55', 'D56', 'D57', 'D58', 'D59', 'D6', 'D60', 'D61', 'D62', 'D63', 'D7', 'D8', 'D9']"
5,B53,[],[],"['D1', 'D10', 'D11', 'D12', 'D13', 'D14', 'D15', 'D16', 'D17', 'D18', 'D19', 'D2', 'D20', 'D21', 'D22', 'D23', 'D24', 'D25', 'D26', 'D27', 'D28', 'D29', 'D3', 'D30', 'D31', 'D32', 'D33', 'D34', 'D35', 'D36', 'D37', 'D38', 'D39', 'D4', 'D40', 'D41', 'D42', 'D43', 'D44', 'D45', 'D46', 'D47', 'D48', 'D49', 'D5', 'D50', 'D51', 'D52', 'D53', 'D54', 'D55', 'D56', 'D57', 'D58', 'D59', 'D6', 'D60', 'D61', 'D62', 'D63', 'D7', 'D8', 'D9']","['D1', 'D10', 'D11', 'D12', 'D13', 'D14', 'D15', 'D16', 'D17', 'D18', 'D19', 'D2', 'D20', 'D21', 'D22', 'D23', 'D24', 'D25', 'D26', 'D27', 'D28', 'D29', 'D3', 'D30', 'D31', 'D32', 'D33', 'D34', 'D35', 'D36', 'D37', 'D38', 'D39', 'D4', 'D40', 'D41', 'D42', 'D43', 'D44', 'D45', 'D46', 'D47', 'D48', 'D49', 'D5', 'D50', 'D51', 'D52', 'D53', 'D54', 'D55', 'D56', 'D57', 'D58', 'D59', 'D6', 'D60', 'D61', 'D62', 'D63', 'D7', 'D8', 'D9']"
5,B54,[],[],"['D1', 'D10', 'D11', 'D12', 'D13', 'D14', 'D15', 'D16', 'D17', 'D18', 'D19', 'D2', 'D20', 'D21', 'D22', 'D23', 'D24', 'D25', 'D26', 'D27', 'D28', 'D29', 'D3', 'D30', 'D31', 'D32', 'D33', 'D34', 'D35', 'D36', 'D37', 'D38', 'D39', 'D4', 'D40', 'D41', 'D42', 'D43', 'D44', 'D45', 'D46', 'D47', 'D48', 'D49', 'D5', 'D50', 'D51', 'D52', 'D53', 'D54', 'D55', 'D56', 'D57', 'D58', 'D59', 'D6', 'D60', 'D61', 'D62', 'D63', 'D7', 'D8', 'D9']","['D1', 'D10', 'D11', 'D12', 'D13', 'D14', 'D15', 'D16', 'D17', 'D18', 'D19', 'D2', 'D20', 'D21', 'D22', 'D23', 'D24', 'D25', 'D26', 'D27', 'D28', 'D29', 'D3', 'D30', 'D31', 'D32', 'D33', 'D34', 'D35', 'D36', 'D37', 'D38', 'D39', 'D4', 'D40', 'D41', 'D42', 'D43', 'D44', 'D45', 'D46', 'D47', 'D48', 'D49', 'D5', 'D50', 'D51', 'D52', 'D53', 'D54', 'D55', 'D56', 'D57', 'D58', 'D59', 'D6', 'D60', 'D61', 'D62', 'D63', 'D7', 'D8', 'D9']"
5,B55,[],[],"['D1', 'D10', 'D11', 'D12', 'D13', 'D14', 'D15', 'D16', 'D17', 'D18', 'D19', 'D2', 'D20', 'D21', 'D22', 'D23', 'D24', 'D25', 'D26', 'D27', 'D28', 'D29', 'D3', 'D30', 'D31', 'D32', 'D33', 'D34', 'D35', 'D36', 'D37', 'D38', 'D39', 'D4', 'D40', 'D41', 'D42', 'D43', 'D44', 'D45', 'D46', 'D47', 'D48', 'D49', 'D5', 'D50', 'D51', 'D52', 'D53', 'D54', 'D55', 'D56', 'D57', 'D58', 'D59', 'D6', 'D60', 'D61', 'D62', 'D63', 'D7', 'D8', 'D9']","['D1', 'D10', 'D11', 'D12', 'D13', 'D14', 'D15', 'D16', 'D17', 'D18', 'D19', 'D2', 'D20', 'D21', 'D22', 'D23', 'D24', 'D25', 'D26', 'D27', 'D28', 'D29', 'D3', 'D30', 'D31', 'D32', 'D33', 'D34', 'D35', 'D36', 'D37', 'D38', 'D39', 'D4', 'D40', 'D41', 'D42', 'D43', 'D44', 'D45', 'D46', 'D47', 'D48', 'D49', 'D5', 'D50', 'D51', 'D52', 'D53', 'D54', 'D55', 'D56', 'D57', 'D58', 'D59', 'D6', 'D60', 'D61', 'D62', 'D63', 'D7', 'D8', 'D9']"
5,B56,[],[],"['D1', 'D10', 'D11', 'D12', 'D13', 'D14', 'D15', 'D16', 'D17', 'D18', 'D19', 'D2', 'D20', 'D21', 'D22', 'D23', 'D24', 'D25', 'D26', 'D27', 'D28', 'D29', 'D3', 'D30', 'D31', 'D32', 'D33', 'D34', 'D35', 'D36', 'D37', 'D38', 'D39', 'D4', 'D40', 'D41', 'D42', 'D43', 'D44', 'D45', 'D46', 'D47', 'D48', 'D49', 'D5', 'D50', 'D51', 'D52', 'D53', 'D54', 'D55', 'D56', 'D57', 'D58', 'D59', 'D6', 'D60', 'D61', 'D62', 'D63', 'D7', 'D8', 'D9']","['D1', 'D10', 'D11', 'D12', 'D13', 'D14', 'D15', 'D16', 'D17', 'D18', 'D19', 'D2', 'D20', 'D21', 'D22', 'D23', 'D24', 'D25', 'D26', 'D27', 'D28', 'D29', 'D3', 'D30', 'D31', 'D32', 'D33', 'D34', 'D35', 'D36', 'D37', 'D38', 'D39', 'D4', 'D40', 'D41', 'D42', 'D43', 'D44', 'D45', 'D46', 'D47', 'D48', 'D49', 'D5', 'D50', 'D51', 'D52', 'D53', 'D54', 'D55', 'D56', 'D57', 'D58', 'D59', 'D6', 'D60', 'D61', 'D62', 'D63', 'D7', 'D8', 'D9']"
5,B57,[],[],"['D1', 'D10', 'D11', 'D12', 'D13', 'D14', 'D15', 'D16', 'D17', 'D18', 'D19', 'D2', 'D20', 'D21', 'D22', 'D23', 'D24', 'D25', 'D26', 'D27', 'D28', 'D29', 'D3', 'D30', 'D31', 'D32', 'D33', 'D34', 'D35', 'D36', 'D37', 'D38', 'D39', 'D4', 'D40', 'D41', 'D42', 'D43', 'D44', 'D45', 'D46', 'D47', 'D48', 'D49', 'D5', 'D50', 'D51', 'D52', 'D53', 'D54', 'D55', 'D56', 'D57', 'D58', 'D59', 'D6', 'D60', 'D61', 'D62', 'D63', 'D7', 'D8', 'D9']","['D1', 'D10', 'D11', 'D12', 'D13', 'D14', 'D15', 'D16', 'D17', 'D18', 'D19', 'D2', 'D20', 'D21', 'D22', 'D23', 'D24', 'D25', 'D26', 'D27', 'D28', 'D29', 'D3', 'D30', 'D31', 'D32', 'D33', 'D34', 'D35', 'D36', 'D37', 'D38', 'D39', 'D4', 'D40', 'D41', 'D42', 'D43', 'D44', 'D45', 'D46', 'D47', 'D48', 'D49', 'D5', 'D50', 'D51', 'D52', 'D53', 'D54', 'D55', 'D56', 'D57', 'D58', 'D59', 'D6', 'D60', 'D61', 'D62', 'D63', 'D7', 'D8', 'D9']"
5,B58,[],[],"['D1', 'D10', 'D11', 'D12', 'D13', 'D14', 'D15', 'D16', 'D17', 'D18', 'D19', 'D2', 'D20', 'D21', 'D22', 'D23', 'D24', 'D25', 'D26', 'D27', 'D28', 'D29', 'D3', 'D30', 'D31', 'D32', 'D33', 'D34', 'D35', 'D36', 'D37', 'D38', 'D39', 'D4', 'D40', 'D41', 'D42', 'D43', 'D44', 'D45', 'D46', 'D47', 'D48', 'D49', 'D5', 'D50', 'D51', 'D52', 'D53', 'D54', 'D55', 'D56', 'D57', 'D58', 'D59', 'D6', 'D60', 'D61', 'D62', 'D63', 'D7', 'D8', 'D9']","['D1', 'D10', 'D11', 'D12', 'D13', 'D14', 'D15', 'D16', 'D17', 'D18', 'D19', 'D2', 'D20', 'D21', 'D22', 'D23', 'D24', 'D25', 'D26', 'D27', 'D28', 'D29', 'D3', 'D30', 'D31', 'D32', 'D33', 'D34', 'D35', 'D36', 'D37', 'D38', 'D39', 'D4', 'D40', 'D41', 'D42', 'D43', 'D44', 'D45', 'D46', 'D47', 'D48', 'D49', 'D5', 'D50', 'D51', 'D52', 'D53', 'D54', 'D55', 'D56', 'D57', 'D58', 'D59', 'D6', 'D60', 'D61', 'D62', 'D63', 'D7', 'D8', 'D9']"
6,B0,"['D1', 'D2', 'D3']",['D61'],[],"['D1', 'D2', 'D3']"
6,B1,[],[],"['D1', 'D2', 'D3', 'D4', 'D5']","['D1', 'D2', 'D3', 'D4', 'D5']"
6,B2,[],[],"['D1', 'D2', 'D3', 'D4', 'D5']","['D1', 'D2', 'D3', 'D4', 'D5']"
6,B3,[],[],"['D1', 'D2', 'D3', 'D4', 'D5']","['D1', 'D2', 'D3', 'D4', 'D5']"
6,B4,"['D4', 'D5']",[],"['D1', 'D2', 'D3', 'D4', 'D5']","['D1', 'D2', 'D3', 'D4', 'D5']"
6,B5,[],[],"['D1', 'D2', 'D3', 'D4', 'D5']","['D1', 'D2', 'D3', 'D4', 'D5']"
6,B6,[],[],"['D1', 'D2', 'D3', 'D4', 'D5']","['D1', 'D2', 'D3', 'D4', 'D5']"
6,B7,[],[],"['D1', 'D2', 'D3', 'D4', 'D5']","['D1', 'D2', 'D3', 'D4', 'D5']"
6,B8,[],[],"['D1', 'D2', 'D3', 'D4', 'D5']","['D1', 'D2', 'D3', 'D4', 'D5']"
6,B9,[],[],"['D1', 'D2', 'D3', 'D4', 'D5']","['D1', 'D2', 'D3', 'D4', 'D5']"
6,B10,[],[],"['D1', 'D2', 'D3', 'D4', 'D5']","['D1', 'D2', 'D3', 'D4', 'D5']"
6,B11,[],[],"['D1', 'D2', 'D3', 'D4', 'D5']","['D1', 'D2', 'D3', 'D4', 'D5']"
6,B12,"['D6', 'D7', 'D8', 'D9']",[],"['D1', 'D2', 'D3', 'D4', 'D5']","['D1', 'D2', 'D3', 'D4', 'D5', 'D6', 'D7', 'D8', 'D9']"
6,B13,[],[],"['D1', 'D10', 'D11', 'D12', 'D13', 'D14', 'D15', 'D16', 'D17', 'D18', 'D19', 'D2', 'D20', 'D21', 'D22', 'D23', 'D24', 'D25', 'D26', 'D27', 'D28', 'D29', 'D3', 'D30', 'D31', 'D32', 'D4', 'D5', 'D6', 'D7', 'D8', 'D9']","['D1', 'D10', 'D11', 'D12', 'D13', 'D14', 'D15', 'D16', 'D17', 'D18', 'D19', 'D2', 'D20', 'D21', 'D22', 'D23', 'D24', 'D25', 'D26', 'D27', 'D28', 'D29', 'D3', 'D30', 'D31', 'D32', 'D4', 'D5', 'D6', 'D7', 'D8', 'D9']"
6,B14,['D10'],['D20'],"['D1', 'D10', 'D11', 'D12', 'D13', 'D14', 'D15', 'D16', 'D17', 'D18', 'D19', 'D2', 'D20', 'D21', 'D22', 'D23', 'D24', 'D25', 'D26', 'D27', 'D28', 'D29', 'D3', 'D30', 'D31', 'D32', 'D4', 'D5', 'D6', 'D7', 'D8', 'D9']","['D1', 'D10', 'D11', 'D12', 'D13', 'D14', 'D15', 'D16', 'D17', 'D18', 'D19', 'D2', 'D21', 'D22', 'D23', 'D24', 'D25', 'D26', 'D27', 'D28', 'D29', 'D3', 'D30', 'D31', 'D32', 'D4', 'D5', 'D6', 'D7', 'D8', 'D9']"
6,B15,[],[],"['D1', 'D10', 'D11', 'D12', 'D13', 'D14', 'D15', 'D16', 'D17', 'D18', 'D19', 'D2', 'D20', 'D21', 'D22', 'D23', 'D24', 'D25', 'D26', 'D27', 'D28', 'D29', 'D3', 'D30', 'D31', 'D32', 'D4', 'D5', 'D6', 'D7', 'D8', 'D9']","['D1', 'D10', 'D11', 'D12', 'D13', 'D14', 'D15', 'D16', 'D17', 'D18', 'D19', 'D2', 'D20', 'D21', 'D22', 'D23', 'D24', 'D25', 'D26', 'D27', 'D28', 'D29', 'D3', 'D30', 'D31', 'D32', 'D4', 'D5', 'D6', 'D7', 'D8', 'D9']"
6,B16,"['D11', 'D12', 'D13', 'D14', 'D15', 'D16', 'D17', 'D18', 'D19', 'D20']",['D10'],"['D1', 'D10', 'D11', 'D12', 'D13', 'D14', 'D15', 'D16', 'D17', 'D18', 'D19', 'D2', 'D20', 'D21', 'D22', 'D23', 'D24', 'D25', 'D26', 'D27', 'D28', 'D29', 'D3', 'D30', 'D31', 'D32', 'D4', 'D5', 'D6', 'D7', 'D8', 'D9']","['D1', 'D11', 'D12', 'D13', 'D14', 'D15', 'D16', 'D17', 'D18', 'D19', 'D2', 'D20', 'D21', 'D22', 'D23', 'D24', 'D25', 'D26', 'D27', 'D28', 'D29', 'D3', 'D30', 'D31', 'D32', 'D4', 'D5', 'D6', 'D7', 'D8', 'D9']"
6,B17,"['D21', 'D22', 'D23', 'D24', 'D25', 'D26', 'D27', 'D28']","['D29', 'D30']","['D1', 'D10', 'D11', 'D12', 'D13', 'D14', 'D15', 'D16', 'D17', 'D18', 'D19', 'D2', 'D20', 'D21', 'D22', 'D23', 'D24', 'D25', 'D26', 'D27', 'D28', 'D29', 'D3', 'D30', 'D31', 'D32', 'D4', 'D5', 'D6', 'D7', 'D8', 'D9']","['D1', 'D10', 'D11', 'D12', 'D13', 'D14', 'D15', 'D16', 'D17', 'D18', 'D19', 'D2', 'D20', 'D21', 'D22', 'D23', 'D24', 'D25', 'D26', 'D27', 'D28', 'D3', 'D31', 'D32', 'D4', 'D5', 'D6', 'D7', 'D8', 'D9']"
6,B18,[],[],"['D1', 'D10', 'D11', 'D12', 'D13', 'D14', 'D15', 'D16', 'D17', 'D18', 'D19', 'D2', 'D20', 'D21', 'D22', 'D23', 'D24', 'D25', 'D26', 'D27', 'D28', 'D3', 'D31', 'D32', 'D4', 'D5', 'D6', 'D7', 'D8', 'D9']","['D1', 'D10', 'D11', 'D12', 'D13', 'D14', 'D15', 'D16', 'D17', 'D18', 'D19', 'D2', 'D20', 'D21', 'D22', 'D23', 'D24', 'D25', 'D26', 'D27', 'D28', 'D3', 'D31', 'D32', 'D4', 'D5', 'D6', 'D7', 'D8', 'D9']"
6,B19,['D29'],['D27'],"['D1', 'D10', 'D11', 'D12', 'D13', 'D14', 'D15', 'D16', 'D17', 'D18', 'D19', 'D2', 'D20', 'D21', 'D22', 'D23', 'D24', 'D25', 'D26', 'D27', 'D28', 'D3', 'D31', 'D32', 'D4', 'D5', 'D6', 'D7', 'D8', 'D9']","['D1', 'D10', 'D11', 'D12', 'D13', 'D14', 'D15', 'D16', 'D17', 'D18', 'D19', 'D2', 'D20', 'D21', 'D22', 'D23', 'D24', 'D25', 'D26', 'D28', 'D29', 'D3', 'D31', 'D32', 'D4', 'D5', 'D6', 'D7', 'D8', 'D9']"
6,B20,[],[],"['D1', 'D10', 'D11', 'D12', 'D13', 'D14', 'D15', 'D16', 'D17', 'D18', 'D19', 'D2', 'D20', 'D21', 'D22', 'D23', 'D24', 'D25', 'D26', 'D27', 'D28', 'D29', 'D3', 'D31', 'D32', 'D4', 'D5', 'D6', 'D7', 'D8', 'D9']","['D1', 'D10', 'D11', 'D12', 'D13', 'D14', 'D15', 'D16', 'D17', 'D18', 'D19', 'D2', 'D20', 'D21', 'D22', 'D23', 'D24', 'D25', 'D26', 'D27', 'D28', 'D29', 'D3', 'D31', 'D32', 'D4', 'D5', 'D6', 'D7', 'D8', 'D9']"
6,B21,['D30'],['D28'],"['D1', 'D10', 'D11', 'D12', 'D13', 'D14', 'D15', 'D16', 'D17', 'D18', 'D19', 'D2', 'D20', 'D21', 'D22', 'D23', 'D24', 'D25', 'D26', 'D27', 'D28', 'D29', 'D3', 'D31', 'D32', 'D4', 'D5', 'D6', 'D7', 'D8', 'D9']","['D1', 'D10', 'D11', 'D12', 'D13', 'D14', 'D15', 'D16', 'D17', 'D18', 'D19', 'D2', 'D20', 'D21', 'D22', 'D23', 'D24', 'D25', 'D26', 'D27', 'D29', 'D3', 'D30', 'D31', 'D32', 'D4', 'D5', 'D6', 'D7', 'D8', 'D9']"
6,B22,"['D31', 'D32']",[],"['D1', 'D10', 'D11', 'D12', 'D13', 'D14', 'D15', 'D16', 'D17', 'D18', 'D19', 'D2', 'D20', 'D21', 'D22', 'D23', 'D24', 'D25', 'D26', 'D27', 'D28', 'D29', 'D3', 'D30', 'D31', 'D32', 'D4', 'D5', 'D6', 'D7', 'D8', 'D9']","['D1', 'D10', 'D11', 'D12', 'D13', 'D14', 'D15', 'D16', 'D17', 'D18', 'D19', 'D2', 'D20', 'D21', 'D22', 'D23', 'D24', 'D25', 'D26', 'D27', 'D28', 'D29', 'D3', 'D30', 'D31', 'D32', 'D4', 'D5', 'D6', 'D7', 'D8', 'D9']"
6,B23,[],[],"['D1', 'D10', 'D11', 'D12', 'D13', 'D14', 'D15', 'D16', 'D17', 'D18', 'D19', 'D2', 'D20', 'D21', 'D22', 'D23', 'D24', 'D25', 'D26', 'D27', 'D28', 'D29', 'D3', 'D30', 'D31', 'D32', 'D4', 'D5', 'D6', 'D7', 'D8', 'D9']","['D1', 'D10', 'D11', 'D12', 'D13', 'D14', 'D15', 'D16', 'D17', 'D18', 'D19', 'D2', 'D20', 'D21', 'D22', 'D23', 'D24', 'D25', 'D26', 'D27', 'D28', 'D29', 'D3', 'D30', 'D31', 'D32', 'D4', 'D5', 'D6', 'D7', 'D8', 'D9']"
6,B24,[],[],"['D1', 'D10', 'D11', 'D12', 'D13', 'D14', 'D15', 'D16', 'D17', 'D18', 'D19', 'D2', 'D20', 'D21', 'D22', 'D23', 'D24', 'D25', 'D26', 'D27', 'D28', 'D29', 'D3', 'D30', 'D31', 'D32', 'D33', 'D34', 'D4', 'D5', 'D6', 'D7', 'D8', 'D9']","['D1', 'D10', 'D11', 'D12', 'D13', 'D14', 'D15', 'D16', 'D17', 'D18', 'D19', 'D2', 'D20', 'D21', 'D22', 'D23', 'D24', 'D25', 'D26', 'D27', 'D28', 'D29', 'D3', 'D30', 'D31', 'D32', 'D33', 'D34', 'D4', 'D5', 'D6', 'D7', 'D8', 'D9']"
6,B25,[],[],"['D1', 'D10', 'D11', 'D12', 'D13', 'D14', 'D15', 'D16', 'D17', 'D18', 'D19', 'D2', 'D20', 'D21', 'D22', 'D23', 'D24', 'D25', 'D26', 'D27', 'D28', 'D29', 'D3', 'D30', 'D31', 'D32', 'D33', 'D34', 'D4', 'D5', 'D6', 'D7', 'D8', 'D9']","['D1', 'D10', 'D11', 'D12', 'D13', 'D14', 'D15', 'D16', 'D17', 'D18', 'D19', 'D2', 'D20', 'D21', 'D22', 'D23', 'D24', 'D25', 'D26', 'D27', 'D28', 'D29', 'D3', 'D30', 'D31', 'D32', 'D33', 'D34', 'D4', 'D5', 'D6', 'D7', 'D8', 'D9']"
6,B26,[],[],"['D1', 'D10', 'D11', 'D12', 'D13', 'D14', 'D15', 'D16', 'D17', 'D18', 'D19', 'D2', 'D20', 'D21', 'D22', 'D23', 'D24', 'D25', 'D26', 'D27', 'D28', 'D29', 'D3', 'D30', 'D31', 'D32', 'D33', 'D34', 'D4', 'D5', 'D6', 'D7', 'D8', 'D9']","['D1', 'D10', 'D11', 'D12', 'D13', 'D14', 'D15', 'D16', 'D17', 'D18', 'D19', 'D2', 'D20', 'D21', 'D22', 'D23', 'D24', 'D25', 'D26', 'D27', 'D28', 'D29', 'D3', 'D30', 'D31', 'D32', 'D33', 'D34', 'D4', 'D5', 'D6', 'D7', 'D8', 'D9']"
6,B27,"['D33', 'D34']",[],"['D1', 'D10', 'D11', 'D12', 'D13', 'D14', 'D15', 'D16', 'D17', 'D18', 'D19', 'D2', 'D20', 'D21', 'D22', 'D23', 'D24', 'D25', 'D26', 'D27', 'D28', 'D29', 'D3', 'D30', 'D31', 'D32', 'D33', 'D34', 'D4', 'D5', 'D6', 'D7', 'D8', 'D9']","['D1', 'D10', 'D11', 'D12', 'D13', 'D14', 'D15', 'D16', 'D17', 'D18', 'D19', 'D2', 'D20', 'D21', 'D22', 'D23', 'D24', 'D25', 'D26', 'D27', 'D28', 'D29', 'D3', 'D30', 'D31', 'D32', 'D33', 'D34', 'D4', 'D5', 'D6', 'D7', 'D8', 'D9']"
6,B28,[],[],"['D1', 'D10', 'D11', 'D12', 'D13', 'D14', 'D15', 'D16', 'D17', 'D18', 'D19', 'D2', 'D20', 'D21', 'D22', 'D23', 'D24', 'D25', 'D26', 'D27', 'D28', 'D29', 'D3', 'D30', 'D31', 'D32', 'D33', 'D34', 'D4', 'D5', 'D6', 'D7', 'D8', 'D9']","['D1', 'D10', 'D11', 'D12', 'D13', 'D14', 'D15', 'D16', 'D17', 'D18', 'D19', 'D2', 'D20', 'D21', 'D22', 'D23', 'D24', 'D25', 'D26', 'D27', 'D28', 'D29', 'D3', 'D30', 'D31', 'D32', 'D33', 'D34', 'D4', 'D5', 'D6', 'D7', 'D8', 'D9']"
6,B29,[],[],"['D1', 'D10', 'D11', 'D12', 'D13', 'D14', 'D15', 'D16', 'D17', 'D18', 'D19', 'D2', 'D20', 'D21', 'D22', 'D23', 'D24', 'D25', 'D26', 'D27', 'D28', 'D29', 'D3', 'D30', 'D31', 'D32', 'D33', 'D34', 'D4', 'D5', 'D6', 'D7', 'D8', 'D9']","['D1', 'D10', 'D11', 'D12', 'D13', 'D14', 'D15', 'D16', 'D17', 'D18', 'D19', 'D2', 'D20', 'D21', 'D22', 'D23', 'D24', 'D25', 'D26', 'D27', 'D28', 'D29', 'D3', 'D30', 'D31', 'D32', 'D33', 'D34', 'D4', 'D5', 'D6', 'D7', 'D8', 'D9']"
6,B30,[],[],"['D1', 'D10', 'D11', 'D12', 'D13', 'D14', 'D15', 'D16', 'D17', 'D18', 'D19', 'D2', 'D20', 'D21', 'D22', 'D23', 'D24', 'D25', 'D26', 'D27', 'D28', 'D29', 'D3', 'D30', 'D31', 'D32', 'D33', 'D34', 'D4', 'D5', 'D6', 'D7', 'D8', 'D9']","['D1', 'D10', 'D11', 'D12', 'D13', 'D14', 'D15', 'D16', 'D17', 'D18', 'D19', 'D2', 'D20', 'D21', 'D22', 'D23', 'D24', 'D25', 'D26', 'D27', 'D28', 'D29', 'D3', 'D30', 'D31', 'D32', 'D33', 'D34', 'D4', 'D5', 'D6', 'D7', 'D8', 'D9']"
6,B31,[],[],"['D1', 'D10', 'D11', 'D12', 'D13', 'D14', 'D15', 'D16', 'D17', 'D18', 'D19', 'D2', 'D20', 'D21', 'D22', 'D23', 'D24', 'D25', 'D26', 'D27', 'D28', 'D29', 'D3', 'D30', 'D31', 'D32', 'D33', 'D34', 'D4', 'D5', 'D6', 'D7', 'D8', 'D9']","['D1', 'D10', 'D11', 'D12', 'D13', 'D14', 'D15', 'D16', 'D17', 'D18', 'D19', 'D2', 'D20', 'D21', 'D22', 'D23', 'D24', 'D25', 'D26', 'D27', 'D28', 'D29', 'D3', 'D30', 'D31', 'D32', 'D33', 'D34', 'D4', 'D5', 'D6', 'D7', 'D8', 'D9']"
6,B32,[],[],"['D1', 'D10', 'D11', 'D12', 'D13', 'D14', 'D15', 'D16', 'D17', 'D18', 'D19', 'D2', 'D20', 'D21', 'D22', 'D23', 'D24', 'D25', 'D26', 'D27', 'D28', 'D29', 'D3', 'D30', 'D31', 'D32', 'D33', 'D34', 'D4', 'D5', 'D6', 'D7', 'D8', 'D9']","['D1', 'D10', 'D11', 'D12', 'D13', 'D14', 'D15', 'D16', 'D17', 'D18', 'D19', 'D2', 'D20', 'D21', 'D22', 'D23', 'D24', 'D25', 'D26', 'D27', 'D28', 'D29', 'D3', 'D30', 'D31', 'D32', 'D33', 'D34', 'D4', 'D5', 'D6', 'D7', 'D8', 'D9']"
6,B33,[],[],"['D1', 'D10', 'D11', 'D12', 'D13', 'D14', 'D15', 'D16', 'D17', 'D18', 'D19', 'D2', 'D20', 'D21', 'D22', 'D23', 'D24', 'D25', 'D26', 'D27', 'D28', 'D29', 'D3', 'D30', 'D31', 'D32', 'D33', 'D34', 'D4', 'D5', 'D6', 'D7', 'D8', 'D9']","['D1', 'D10', 'D11', 'D12', 'D13', 'D14', 'D15', 'D16', 'D17', 'D18', 'D19', 'D2', 'D20', 'D21', 'D22', 'D23', 'D24', 'D25', 'D26', 'D27', 'D28', 'D29', 'D3', 'D30', 'D31', 'D32', 'D33', 'D34', 'D4', 'D5', 'D6', 'D7', 'D8', 'D9']"
6,B34,[],[],"['D1', 'D10', 'D11', 'D12', 'D13', 'D14', 'D15', 'D16', 'D17', 'D18', 'D19', 'D2', 'D20', 'D21', 'D22', 'D23', 'D24', 'D25', 'D26', 'D27', 'D28', 'D29', 'D3', 'D30', 'D31', 'D32', 'D33', 'D34', 'D4', 'D5', 'D6', 'D7', 'D8', 'D9']","['D1', 'D10', 'D11', 'D12', 'D13', 'D14', 'D15', 'D16', 'D17', 'D18', 'D19', 'D2', 'D20', 'D21', 'D22', 'D23', 'D24', 'D25', 'D26', 'D27', 'D28', 'D29', 'D3', 'D30', 'D31', 'D32', 'D33', 'D34', 'D4', 'D5', 'D6', 'D7', 'D8', 'D9']"
6,B35,"['D35', 'D36', 'D37']",[],"['D1', 'D10', 'D11', 'D12', 'D13', 'D14', 'D15', 'D16', 'D17', 'D18', 'D19', 'D2', 'D20', 'D21', 'D22', 'D23', 'D24', 'D25', 'D26', 'D27', 'D28', 'D29', 'D3', 'D30', 'D31', 'D32', 'D33', 'D34', 'D4', 'D5', 'D6', 'D7', 'D8', 'D9']","['D1', 'D10', 'D11', 'D12', 'D13', 'D14', 'D15', 'D16', 'D17', 'D18', 'D19', 'D2', 'D20', 'D21', 'D22', 'D23', 'D24', 'D25', 'D26', 'D27', 'D28', 'D29', 'D3', 'D30', 'D31', 'D32', 'D33', 'D34', 'D35', 'D36', 'D37', 'D4', 'D5', 'D6', 'D7', 'D8', 'D9']"
6,B36,[],[],"['D1', 'D10', 'D11', 'D12', 'D13', 'D14', 'D15', 'D16', 'D17', 'D18', 'D19', 'D2', 'D20', 'D21', 'D22', 'D23', 'D24', 'D25', 'D26', 'D27', 'D28', 'D29', 'D3', 'D30', 'D31', 'D32', 'D33', 'D34', 'D35', 'D36', 'D37', 'D38', 'D39', 'D4', 'D40', 'D41', 'D42', 'D43', 'D44', 'D45', 'D46', 'D47', 'D48', 'D49', 'D5', 'D50', 'D51', 'D52', 'D53', 'D54', 'D55', 'D56', 'D57', 'D58', 'D59', 'D6', 'D60', 'D61', 'D7', 'D8', 'D9']","['D1', 'D10', 'D11', 'D12', 'D13', 'D14', 'D15', 'D16', 'D17', 'D18', 'D19', 'D2', 'D20', 'D21', 'D22', 'D23', 'D24', 'D25', 'D26', 'D27', 'D28', 'D29', 'D3', 'D30', 'D31', 'D32', 'D33', 'D34', 'D35', 'D36', 'D37', 'D38', 'D39', 'D4', 'D40', 'D41', 'D42', 'D43', 'D44', 'D45', 'D46', 'D47', 'D48', 'D49', 'D5', 'D50', 'D51', 'D52', 'D53', 'D54', 'D55', 'D56', 'D57', 'D58', 'D59', 'D6', 'D60', 'D61', 'D7', 'D8', 'D9']"
6,B37,['D38'],['D48'],"['D1', 'D10', 'D11', 'D12', 'D13', 'D14', 'D15', 'D16', 'D17', 'D18', 'D19', 'D2', 'D20', 'D21', 'D22', 'D23', 'D24', 'D25', 'D26', 'D27', 'D28', 'D29', 'D3', 'D30', 'D31', 'D32', 'D33', 'D34', 'D35', 'D36', 'D37', 'D38', 'D39', 'D4', 'D40', 'D41', 'D42', 'D43', 'D44', 'D45', 'D46', 'D47', 'D48', 'D49', 'D5', 'D50', 'D51', 'D52', 'D53', 'D54', 'D55', 'D56', 'D57', 'D58', 'D59', 'D6', 'D60', 'D61', 'D7', 'D8', 'D9']","['D1', 'D10', 'D11', 'D12', 'D13', 'D14', 'D15', 'D16', 'D17', 'D18', 'D19', 'D2', 'D20', 'D21', 'D22', 'D23', 'D24', 'D25', 'D26', 'D27', 'D28', 'D29', 'D3', 'D30', 'D31', 'D32', 'D33', 'D34', 'D35', 'D36', 'D37', 'D38', 'D39', 'D4', 'D40', 'D41', 'D42', 'D43', 'D44', 'D45', 'D46', 'D47', 'D49', 'D5', 'D50', 'D51', 'D52', 'D53', 'D54', 'D55', 'D56', 'D57', 'D58', 'D59', 'D6', 'D60', 'D61', 'D7', 'D8', 'D9']"
6,B38,[],[],"['D1', 'D10', 'D11', 'D12', 'D13', 'D14', 'D15', 'D16', 'D17', 'D18', 'D19', 'D2', 'D20', 'D21', 'D22', 'D23', 'D24', 'D25', 'D26', 'D27', 'D28', 'D29', 'D3', 'D30', 'D31', 'D32', 'D33', 'D34', 'D35', 'D36', 'D37', 'D38', 'D39', 'D4', 'D40', 'D41', 'D42', 'D43', 'D44', 'D45', 'D46', 'D47', 'D48', 'D49', 'D5', 'D50', 'D51', 'D52', 'D53', 'D54', 'D55', 'D56', 'D57', 'D58', 'D59', 'D6', 'D60', 'D61', 'D7', 'D8', 'D9']","['D1', 'D10', 'D11', 'D12', 'D13', 'D14', 'D15', 'D16', 'D17', 'D18', 'D19', 'D2', 'D20', 'D21', 'D22', 'D23', 'D24', 'D25', 'D26', 'D27', 'D28', 'D29', 'D3', 'D30', 'D31', 'D32', 'D33', 'D34', 'D35', 'D36', 'D37', 'D38', 'D39', 'D4', 'D40', 'D41', 'D42', 'D43', 'D44', 'D45', 'D46', 'D47', 'D48', 'D49', 'D5', 'D50', 'D51', 'D52', 'D53', 'D54', 'D55', 'D56', 'D57', 'D58', 'D59', 'D6', 'D60', 'D61', 'D7', 'D8', 'D9']"
6,B39,"['D39', 'D40', 'D41', 'D42', 'D43', 'D44', 'D45', 'D46', 'D47', 'D48']",['D38'],"['D1', 'D10', 'D11', 'D12', 'D13', 'D14', 'D15', 'D16', 'D17', 'D18', 'D19', 'D2', 'D20', 'D21', 'D22', 'D23', 'D24', 'D25', 'D26', 'D27', 'D28', 'D29', 'D3', 'D30', 'D31', 'D32', 'D33', 'D34', 'D35', 'D36', 'D37', 'D38', 'D39', 'D4', 'D40', 'D41', 'D42', 'D43', 'D44', 'D45', 'D46', 'D47', 'D48', 'D49', 'D5', 'D50', 'D51', 'D52', 'D53', 'D54', 'D55', 'D56', 'D57', 'D58', 'D59', 'D6', 'D60', 'D61', 'D7', 'D8', 'D9']","['D1', 'D10', 'D11', 'D12', 'D13', 'D14', 'D15', 'D16', 'D17', 'D18', 'D19', 'D2', 'D20', 'D21', 'D22', 'D23', 'D24', 'D25', 'D26', 'D27', 'D28', 'D29', 'D3', 'D30', 'D31', 'D32', 'D33', 'D34', 'D35', 'D36', 'D37', 'D39', 'D4', 'D40', 'D41', 'D42', 'D43', 'D44', 'D45', 'D46', 'D47', 'D48', 'D49', 'D5', 'D50', 'D51', 'D52', 'D53', 'D54', 'D55', 'D56', 'D57', 'D58', 'D59', 'D6', 'D60', 'D61', 'D7', 'D8', 'D9']"
6,B40,"['D49', 'D50', 'D51', 'D52', 'D53', 'D54', 'D55', 'D56', 'D57']","['D58', 'D59']","['D1', 'D10', 'D11', 'D12', 'D13', 'D14', 'D15', 'D16', 'D17', 'D18', 'D19', 'D2', 'D20', 'D21', 'D22', 'D23', 'D24', 'D25', 'D26', 'D27', 'D28', 'D29', 'D3', 'D30', 'D31', 'D32', 'D33', 'D34', 'D35', 'D36', 'D37', 'D38', 'D39', 'D4', 'D40', 'D41', 'D42', 'D43', 'D44', 'D45', 'D46', 'D47', 'D48', 'D49', 'D5', 'D50', 'D51', 'D52', 'D53', 'D54', 'D55', 'D56', 'D57', 'D58', 'D59', 'D6', 'D60', 'D61', 'D7', 'D8', 'D9']","['D1', 'D10', 'D11', 'D12', 'D13', 'D14', 'D15', 'D16', 'D17', 'D18', 'D19', 'D2', 'D20', 'D21', 'D22', 'D23', 'D24', 'D25', 'D26', 'D27', 'D28', 'D29', 'D3', 'D30', 'D31', 'D32', 'D33', 'D34', 'D35', 'D36', 'D37', 'D38', 'D39', 'D4', 'D40', 'D41', 'D42', 'D43', 'D44', 'D45', 'D46', 'D47', 'D48', 'D49', 'D5', 'D50', 'D51', 'D52', 'D53', 'D54', 'D55', 'D56', 'D57', 'D6', 'D60', 'D61', 'D7', 'D8', 'D9']"
6,B41,[],[],"['D1', 'D10', 'D11', 'D12', 'D13', 'D14', 'D15', 'D16', 'D17', 'D18', 'D19', 'D2', 'D20', 'D21', 'D22', 'D23', 'D24', 'D25', 'D26', 'D27', 'D28', 'D29', 'D3', 'D30', 'D31', 'D32', 'D33', 'D34', 'D35', 'D36', 'D37', 'D38', 'D39', 'D4', 'D40', 'D41', 'D42', 'D43', 'D44', 'D45', 'D46', 'D47', 'D48', 'D49', 'D5', 'D50', 'D51', 'D52', 'D53', 'D54', 'D55', 'D56', 'D57', 'D6', 'D60', 'D61', 'D7', 'D8', 'D9']","['D1', 'D10', 'D11', 'D12', 'D13', 'D14', 'D15', 'D16', 'D17', 'D18', 'D19', 'D2', 'D20', 'D21', 'D22', 'D23', 'D24', 'D25', 'D26', 'D27', 'D28', 'D29', 'D3', 'D30', 'D31', 'D32', 'D33', 'D34', 'D35', 'D36', 'D37', 'D38', 'D39', 'D4', 'D40', 'D41', 'D42', 'D43', 'D44', 'D45', 'D46', 'D47', 'D48', 'D49', 'D5', 'D50', 'D51', 'D52', 'D53', 'D54', 'D55', 'D56', 'D57', 'D6', 'D60', 'D61', 'D7', 'D8', 'D9']"
6,B42,['D58'],['D56'],"['D1', 'D10', 'D11', 'D12', 'D13', 'D14', 'D15', 'D16', 'D17', 'D18', 'D19', 'D2', 'D20', 'D21', 'D22', 'D23', 'D24', 'D25', 'D26', 'D27', 'D28', 'D29', 'D3', 'D30', 'D31', 'D32', 'D33', 'D34', 'D35', 'D36', 'D37', 'D38', 'D39', 'D4', 'D40', 'D41', 'D42', 'D43', 'D44', 'D45', 'D46', 'D47', 'D48', 'D49', 'D5', 'D50', 'D51', 'D52', 'D53', 'D54', 'D55', 'D56', 'D57', 'D6', 'D60', 'D61', 'D7', 'D8', 'D9']","['D1', 'D10', 'D11', 'D12', 'D13', 'D14', 'D15', 'D16', 'D17', 'D18', 'D19', 'D2', 'D20', 'D21', 'D22', 'D23', 'D24', 'D25', 'D26', 'D27', 'D28', 'D29', 'D3', 'D30', 'D31', 'D32', 'D33', 'D34', 'D35', 'D36', 'D37', 'D38', 'D39', 'D4', 'D40', 'D41', 'D42', 'D43', 'D44', 'D45', 'D46', 'D47', 'D48', 'D49', 'D5', 'D50', 'D51', 'D52', 'D53', 'D54', 'D55', 'D57', 'D58', 'D6', 'D60', 'D61', 'D7', 'D8', 'D9']"
6,B43,[],[],"['D1', 'D10', 'D11', 'D12', 'D13', 'D14', 'D15', 'D16', 'D17', 'D18', 'D19', 'D2', 'D20', 'D21', 'D22', 'D23', 'D24', 'D25', 'D26', 'D27', 'D28', 'D29', 'D3', 'D30', 'D31', 'D32', 'D33', 'D34', 'D35', 'D36', 'D37', 'D38', 'D39', 'D4', 'D40', 'D41', 'D42', 'D43', 'D44', 'D45', 'D46', 'D47', 'D48', 'D49', 'D5', 'D50', 'D51', 'D52', 'D53', 'D54', 'D55', 'D56', 'D57', 'D58', 'D6', 'D60', 'D61', 'D7', 'D8', 'D9']","['D1', 'D10', 'D11', 'D12', 'D13', 'D14', 'D15', 'D16', 'D17', 'D18', 'D19', 'D2', 'D20', 'D21', 'D22', 'D23', 'D24', 'D25', 'D26', 'D27', 'D28', 'D29', 'D3', 'D30', 'D31', 'D32', 'D33', 'D34', 'D35', 'D36', 'D37', 'D38', 'D39', 'D4', 'D40', 'D41', 'D42', 'D43', 'D44', 'D45', 'D46', 'D47', 'D48', 'D49', 'D5', 'D50', 'D51', 'D52', 'D53', 'D54', 'D55', 'D56', 'D57', 'D58', 'D6', 'D60', 'D61', 'D7', 'D8', 'D9']"
6,B44,['D59'],['D57'],"['D1', 'D10', 'D11', 'D12', 'D13', 'D14', 'D15', 'D16', 'D17', 'D18', 'D19', 'D2', 'D20', 'D21', 'D22', 'D23', 'D24', 'D25', 'D26', 'D27', 'D28', 'D29', 'D3', 'D30', 'D31', 'D32', 'D33', 'D34', 'D35', 'D36', 'D37', 'D38', 'D39', 'D4', 'D40', 'D41', 'D42', 'D43', 'D44', 'D45', 'D46', 'D47', 'D48', 'D49', 'D5', 'D50', 'D51', 'D52', 'D53', 'D54', 'D55', 'D56', 'D57', 'D58', 'D6', 'D60', 'D61', 'D7', 'D8', 'D9']","['D1', 'D10', 'D11', 'D12', 'D13', 'D14', 'D15', 'D16', 'D17', 'D18', 'D19', 'D2', 'D20', 'D21', 'D22', 'D23', 'D24', 'D25', 'D26', 'D27', 'D28', 'D29', 'D3', 'D30', 'D31', 'D32', 'D33', 'D34', 'D35', 'D36', 'D37', 'D38', 'D39', 'D4', 'D40', 'D41', 'D42', 'D43', 'D44', 'D45', 'D46', 'D47', 'D48', 'D49', 'D5', 'D50', 'D51', 'D52', 'D53', 'D54', 'D55', 'D56', 'D58', 'D59', 'D6', 'D60', 'D61', 'D7', 'D8', 'D9']"
6,B45,"['D60', 'D61']",['D1'],"['D1', 'D10', 'D11', 'D12', 'D13', 'D14', 'D15', 'D16', 'D17', 'D18', 'D19', 'D2', 'D20', 'D21', 'D22', 'D23', 'D24', 'D25', 'D26', 'D27', 'D28', 'D29', 'D3', 'D30', 'D31', 'D32', 'D33', 'D34', 'D35', 'D36', 'D37', 'D38', 'D39', 'D4', 'D40', 'D41', 'D42', 'D43', 'D44', 'D45', 'D46', 'D47', 'D48', 'D49', 'D5', 'D50', 'D51', 'D52', 'D53', 'D54', 'D55', 'D56', 'D57', 'D58', 'D59', 'D6', 'D60', 'D61', 'D7', 'D8', 'D9']","['D10', 'D11', 'D12', 'D13', 'D14', 'D15', 'D16', 'D17', 'D18', 'D19', 'D2', 'D20', 'D21', 'D22', 'D23', 'D24', 'D25', 'D26', 'D27', 'D28', 'D29', 'D3', 'D30', 'D31', 'D32', 'D33', 'D34', 'D35', 'D36', 'D37', 'D38', 'D39', 'D4', 'D40', 'D41', 'D42', 'D43', 'D44', 'D45', 'D46', 'D47', 'D48', 'D49', 'D5', 'D50', 'D51', 'D52', 'D53', 'D54', 'D55', 'D56', 'D57', 'D58', 'D59', 'D6', 'D60', 'D61', 'D7', 'D8', 'D9']"
6,B46,[],[],"['D1', 'D10', 'D11', 'D12', 'D13', 'D14', 'D15', 'D16', 'D17', 'D18', 'D19', 'D2', 'D20', 'D21', 'D22', 'D23', 'D24', 'D25', 'D26', 'D27', 'D28', 'D29', 'D3', 'D30', 'D31', 'D32', 'D33', 'D34', 'D35', 'D36', 'D37', 'D38', 'D39', 'D4', 'D40', 'D41', 'D42', 'D43', 'D44', 'D45', 'D46', 'D47', 'D48', 'D49', 'D5', 'D50', 'D51', 'D52', 'D53', 'D54', 'D55', 'D56', 'D57', 'D58', 'D59', 'D6', 'D60', 'D61', 'D7', 'D8', 'D9']","['D1', 'D10', 'D11', 'D12', 'D13', 'D14', 'D15', 'D16', 'D17', 'D18', 'D19', 'D2', 'D20', 'D21', 'D22', 'D23', 'D24', 'D25', 'D26', 'D27', 'D28', 'D29', 'D3', 'D30', 'D31', 'D32', 'D33', 'D34', 'D35', 'D36', 'D37', 'D38', 'D39', 'D4', 'D40', 'D41', 'D42', 'D43', 'D44', 'D45', 'D46', 'D47', 'D48', 'D49', 'D5', 'D50', 'D51', 'D52', 'D53', 'D54', 'D55', 'D56', 'D57', 'D58', 'D59', 'D6', 'D60', 'D61', 'D7', 'D8', 'D9']"
6,B47,[],[],"['D1', 'D10', 'D11', 'D12', 'D13', 'D14', 'D15', 'D16', 'D17', 'D18', 'D19', 'D2', 'D20', 'D21', 'D22', 'D23', 'D24', 'D25', 'D26', 'D27', 'D28', 'D29', 'D3', 'D30', 'D31', 'D32', 'D33', 'D34', 'D35', 'D36', 'D37', 'D38', 'D39', 'D4', 'D40', 'D41', 'D42', 'D43', 'D44', 'D45', 'D46', 'D47', 'D48', 'D49', 'D5', 'D50', 'D51', 'D52', 'D53', 'D54', 'D55', 'D56', 'D57', 'D58', 'D59', 'D6', 'D60', 'D61', 'D62', 'D63', 'D7', 'D8', 'D9']","['D1', 'D10', 'D11', 'D12', 'D13', 'D14', 'D15', 'D16', 'D17', 'D18', 'D19', 'D2', 'D20', 'D21', 'D22', 'D23', 'D24', 'D25', 'D26', 'D27', 'D28', 'D29', 'D3', 'D30', 'D31', 'D32', 'D33', 'D34', 'D35', 'D36', 'D37', 'D38', 'D39', 'D4', 'D40', 'D41', 'D42', 'D43', 'D44', 'D45', 'D46', 'D47', 'D48', 'D49', 'D5', 'D50', 'D51', 'D52', 'D53', 'D54', 'D55', 'D56', 'D57', 'D58', 'D59', 'D6', 'D60', 'D61', 'D62', 'D63', 'D7', 'D8', 'D9']"
6,B48,[],[],"['D1', 'D10', 'D11', 'D12', 'D13', 'D14', 'D15', 'D16', 'D17', 'D18', 'D19', 'D2', 'D20', 'D21', 'D22', 'D23', 'D24', 'D25', 'D26', 'D27', 'D28', 'D29', 'D3', 'D30', 'D31', 'D32', 'D33', 'D34', 'D35', 'D36', 'D37', 'D38', 'D39', 'D4', 'D40', 'D41', 'D42', 'D43', 'D44', 'D45', 'D46', 'D47', 'D48', 'D49', 'D5', 'D50', 'D51', 'D52', 'D53', 'D54', 'D55', 'D56', 'D57', 'D58', 'D59', 'D6', 'D60', 'D61', 'D62', 'D63', 'D7', 'D8', 'D9']","['D1', 'D10', 'D11', 'D12', 'D13', 'D14', 'D15', 'D16', 'D17', 'D18', 'D19', 'D2', 'D20', 'D21', 'D22', 'D23', 'D24', 'D25', 'D26', 'D27', 'D28', 'D29', 'D3', 'D30', 'D31', 'D32', 'D33', 'D34', 'D35', 'D36', 'D37', 'D38', 'D39', 'D4', 'D40', 'D41', 'D42', 'D43', 'D44', 'D45', 'D46', 'D47', 'D48', 'D49', 'D5', 'D50', 'D51', 'D52', 'D53', 'D54', 'D55', 'D56', 'D57', 'D58', 'D59', 'D6', 'D60', 'D61', 'D62', 'D63', 'D7', 'D8', 'D9']"
6,B49,[],[],"['D1', 'D10', 'D11', 'D12', 'D13', 'D14', 'D15', 'D16', 'D17', 'D18', 'D19', 'D2', 'D20', 'D21', 'D22', 'D23', 'D24', 'D25', 'D26', 'D27', 'D28', 'D29', 'D3', 'D30', 'D31', 'D32', 'D33', 'D34', 'D35', 'D36', 'D37', 'D38', 'D39', 'D4', 'D40', 'D41', 'D42', 'D43', 'D44', 'D45', 'D46', 'D47', 'D48', 'D49', 'D5', 'D50', 'D51', 'D52', 'D53', 'D54', 'D55', 'D56', 'D57', 'D58', 'D59', 'D6', 'D60', 'D61', 'D62', 'D63', 'D7', 'D8', 'D9']","['D1', 'D10', 'D11', 'D12', 'D13', 'D14', 'D15', 'D16', 'D17', 'D18', 'D19', 'D2', 'D20', 'D21', 'D22', 'D23', 'D24', 'D25', 'D26', 'D27', 'D28', 'D29', 'D3', 'D30', 'D31', 'D32', 'D33', 'D34', 'D35', 'D36', 'D37', 'D38', 'D39', 'D4', 'D40', 'D41', 'D42', 'D43', 'D44', 'D45', 'D46', 'D47', 'D48', 'D49', 'D5', 'D50', 'D51', 'D52', 'D53', 'D54', 'D55', 'D56', 'D57', 'D58', 'D59', 'D6', 'D60', 'D61', 'D62', 'D63', 'D7', 'D8', 'D9']"
6,B50,"['D62', 'D63']",[],"['D1', 'D10', 'D11', 'D12', 'D13', 'D14', 'D15', 'D16', 'D17', 'D18', 'D19', 'D2', 'D20', 'D21', 'D22', 'D23', 'D24', 'D25', 'D26', 'D27', 'D28', 'D29', 'D3', 'D30', 'D31', 'D32', 'D33', 'D34', 'D35', 'D36', 'D37', 'D38', 'D39', 'D4', 'D40', 'D41', 'D42', 'D43', 'D44', 'D45', 'D46', 'D47', 'D48', 'D49', 'D5', 'D50', 'D51', 'D52', 'D53', 'D54', 'D55', 'D56', 'D57', 'D58', 'D59', 'D6', 'D60', 'D61', 'D62', 'D63', 'D7', 'D8', 'D9']","['D1', 'D10', 'D11', 'D12', 'D13', 'D14', 'D15', 'D16', 'D17', 'D18', 'D19', 'D2', 'D20', 'D21', 'D22', 'D23', 'D24', 'D25', 'D26', 'D27', 'D28', 'D29', 'D3', 'D30', 'D31', 'D32', 'D33', 'D34', 'D35', 'D36', 'D37', 'D38', 'D39', 'D4', 'D40', 'D41', 'D42', 'D43', 'D44', 'D45', 'D46', 'D47', 'D48', 'D49', 'D5', 'D50', 'D51', 'D52', 'D53', 'D54', 'D55', 'D56', 'D57', 'D58', 'D59', 'D6', 'D60', 'D61', 'D62', 'D63', 'D7', 'D8', 'D9']"
6,B51,[],[],"['D1', 'D10', 'D11', 'D12', 'D13', 'D14', 'D15', 'D16', 'D17', 'D18', 'D19', 'D2', 'D20', 'D21', 'D22', 'D23', 'D24', 'D25', 'D26', 'D27', 'D28', 'D29', 'D3', 'D30', 'D31', 'D32', 'D33', 'D34', 'D35', 'D36', 'D37', 'D38', 'D39', 'D4', 'D40', 'D41', 'D42', 'D43', 'D44', 'D45', 'D46', 'D47', 'D48', 'D49', 'D5', 'D50', 'D51', 'D52', 'D53', 'D54', 'D55', 'D56', 'D57', 'D58', 'D59', 'D6', 'D60', 'D61', 'D62', 'D63', 'D7', 'D8', 'D9']","['D1', 'D10', 'D11', 'D12', 'D13', 'D14', 'D15', 'D16', 'D17', 'D18', 'D19', 'D2', 'D20', 'D21', 'D22', 'D23', 'D24', 'D25', 'D26', 'D27', 'D28', 'D29', 'D3', 'D30', 'D31', 'D32', 'D33', 'D34', 'D35', 'D36', 'D37', 'D38', 'D39', 'D4', 'D40', 'D41', 'D42', 'D43', 'D44', 'D45', 'D46', 'D47', 'D48', 'D49', 'D5', 'D50', 'D51', 'D52', 'D53', 'D54', 'D55', 'D56', 'D57', 'D58', 'D59', 'D6', 'D60', 'D61', 'D62', 'D63', 'D7', 'D8', 'D9']"
6,B52,[],[],"['D1', 'D10', 'D11', 'D12', 'D13', 'D14', 'D15', 'D16', 'D17', 'D18', 'D19', 'D2', 'D20', 'D21', 'D22', 'D23', 'D24', 'D25', 'D26', 'D27', 'D28', 'D29', 'D3', 'D30', 'D31', 'D32', 'D33', 'D34', 'D35', 'D36', 'D37', 'D38', 'D39', 'D4', 'D40', 'D41', 'D42', 'D43', 'D44', 'D45', 'D46', 'D47', 'D48', 'D49', 'D5', 'D50', 'D51', 'D52', 'D53', 'D54', 'D55', 'D56', 'D57', 'D58', 'D59', 'D6', 'D60', 'D61', 'D62', 'D63', 'D7', 'D8', 'D9']","['D1', 'D10', 'D11', 'D12', 'D13', 'D14', 'D15', 'D16', 'D17', 'D18', 'D19', 'D2', 'D20', 'D21', 'D22', 'D23', 'D24', 'D25', 'D26', 'D27', 'D28', 'D29', 'D3', 'D30', 'D31', 'D32', 'D33', 'D34', 'D35', 'D36', 'D37', 'D38', 'D39', 'D4', 'D40', 'D41', 'D42', 'D43', 'D44', 'D45', 'D46', 'D47', 'D48', 'D49', 'D5', 'D50', 'D51', 'D52', 'D53', 'D54', 'D55', 'D56', 'D57', 'D58', 'D59', 'D6', 'D60', 'D61', 'D62', 'D63', 'D7', 'D8', 'D9']"
6,B53,[],[],"['D1', 'D10', 'D11', 'D12', 'D13', 'D14', 'D15', 'D16', 'D17', 'D18', 'D19', 'D2', 'D20', 'D21', 'D22', 'D23', 'D24', 'D25', 'D26', 'D27', 'D28', 'D29', 'D3', 'D30', 'D31', 'D32', 'D33', 'D34', 'D35', 'D36', 'D37', 'D38', 'D39', 'D4', 'D40', 'D41', 'D42', 'D43', 'D44', 'D45', 'D46', 'D47', 'D48', 'D49', 'D5', 'D50', 'D51', 'D52', 'D53', 'D54', 'D55', 'D56', 'D57', 'D58', 'D59', 'D6', 'D60', 'D61', 'D62', 'D63', 'D7', 'D8', 'D9']","['D1', 'D10', 'D11', 'D12', 'D13', 'D14', 'D15', 'D16', 'D17', 'D18', 'D19', 'D2', 'D20', 'D21', 'D22', 'D23', 'D24', 'D25', 'D26', 'D27', 'D28', 'D29', 'D3', 'D30', 'D31', 'D32', 'D33', 'D34', 'D35', 'D36', 'D37', 'D38', 'D39', 'D4', 'D40', 'D41', 'D42', 'D43', 'D44', 'D45', 'D46', 'D47', 'D48', 'D49', 'D5', 'D50', 'D51', 'D52', 'D53', 'D54', 'D55', 'D56', 'D57', 'D58', 'D59', 'D6', 'D60', 'D61', 'D62', 'D63', 'D7', 'D8', 'D9']"
6,B54,[],[],"['D1', 'D10', 'D11', 'D12', 'D13', 'D14', 'D15', 'D16', 'D17', 'D18', 'D19', 'D2', 'D20', 'D21', 'D22', 'D23', 'D24', 'D25', 'D26', 'D27', 'D28', 'D29', 'D3', 'D30', 'D31', 'D32', 'D33', 'D34', 'D35', 'D36', 'D37', 'D38', 'D39', 'D4', 'D40', 'D41', 'D42', 'D43', 'D44', 'D45', 'D46', 'D47', 'D48', 'D49', 'D5', 'D50', 'D51', 'D52', 'D53', 'D54', 'D55', 'D56', 'D57', 'D58', 'D59', 'D6', 'D60', 'D61', 'D62', 'D63', 'D7', 'D8', 'D9']","['D1', 'D10', 'D11', 'D12', 'D13', 'D14', 'D15', 'D16', 'D17', 'D18', 'D19', 'D2', 'D20', 'D21', 'D22', 'D23', 'D24', 'D25', 'D26', 'D27', 'D28', 'D29', 'D3', 'D30', 'D31', 'D32', 'D33', 'D34', 'D35', 'D36', 'D37', 'D38', 'D39', 'D4', 'D40', 'D41', 'D42', 'D43', 'D44', 'D45', 'D46', 'D47', 'D48', 'D49', 'D5', 'D50', 'D51', 'D52', 'D53', 'D54', 'D55', 'D56', 'D57', 'D58', 'D59', 'D6', 'D60', 'D61', 'D62', 'D63', 'D7', 'D8', 'D9']"
6,B55,[],[],"['D1', 'D10', 'D11', 'D12', 'D13', 'D14', 'D15', 'D16', 'D17', 'D18', 'D19', 'D2', 'D20', 'D21', 'D22', 'D23', 'D24', 'D25', 'D26', 'D27', 'D28', 'D29', 'D3', 'D30', 'D31', 'D32', 'D33', 'D34', 'D35', 'D36', 'D37', 'D38', 'D39', 'D4', 'D40', 'D41', 'D42', 'D43', 'D44', 'D45', 'D46', 'D47', 'D48', 'D49', 'D5', 'D50', 'D51', 'D52', 'D53', 'D54', 'D55', 'D56', 'D57', 'D58', 'D59', 'D6', 'D60', 'D61', 'D62', 'D63', 'D7', 'D8', 'D9']","['D1', 'D10', 'D11', 'D12', 'D13', 'D14', 'D15', 'D16', 'D17', 'D18', 'D19', 'D2', 'D20', 'D21', 'D22', 'D23', 'D24', 'D25', 'D26', 'D27', 'D28', 'D29', 'D3', 'D30', 'D31', 'D32', 'D33', 'D34', 'D35', 'D36', 'D37', 'D38', 'D39', 'D4', 'D40', 'D41', 'D42', 'D43', 'D44', 'D45', 'D46', 'D47', 'D48', 'D49', 'D5', 'D50', 'D51', 'D52', 'D53', 'D54', 'D55', 'D56', 'D57', 'D58', 'D59', 'D6', 'D60', 'D61', 'D62', 'D63', 'D7', 'D8', 'D9']"
6,B56,[],[],"['D1', 'D10', 'D11', 'D12', 'D13', 'D14', 'D15', 'D16', 'D17', 'D18', 'D19', 'D2', 'D20', 'D21', 'D22', 'D23', 'D24', 'D25', 'D26', 'D27', 'D28', 'D29', 'D3', 'D30', 'D31', 'D32', 'D33', 'D34', 'D35', 'D36', 'D37', 'D38', 'D39', 'D4', 'D40', 'D41', 'D42', 'D43', 'D44', 'D45', 'D46', 'D47', 'D48', 'D49', 'D5', 'D50', 'D51', 'D52', 'D53', 'D54', 'D55', 'D56', 'D57', 'D58', 'D59', 'D6', 'D60', 'D61', 'D62', 'D63', 'D7', 'D8', 'D9']","['D1', 'D10', 'D11', 'D12', 'D13', 'D14', 'D15', 'D16', 'D17', 'D18', 'D19', 'D2', 'D20', 'D21', 'D22', 'D23', 'D24', 'D25', 'D26', 'D27', 'D28', 'D29', 'D3', 'D30', 'D31', 'D32', 'D33', 'D34', 'D35', 'D36', 'D37', 'D38', 'D39', 'D4', 'D40', 'D41', 'D42', 'D43', 'D44', 'D45', 'D46', 'D47', 'D48', 'D49', 'D5', 'D50', 'D51', 'D52', 'D53', 'D54', 'D55', 'D56', 'D57', 'D58', 'D59', 'D6', 'D60', 'D61', 'D62', 'D63', 'D7', 'D8', 'D9']"
6,B57,[],[],"['D1', 'D10', 'D11', 'D12', 'D13', 'D14', 'D15', 'D16', 'D17', 'D18', 'D19', 'D2', 'D20', 'D21', 'D22', 'D23', 'D24', 'D25', 'D26', 'D27', 'D28', 'D29', 'D3', 'D30', 'D31', 'D32', 'D33', 'D34', 'D35', 'D36', 'D37', 'D38', 'D39', 'D4', 'D40', 'D41', 'D42', 'D43', 'D44', 'D45', 'D46', 'D47', 'D48', 'D49', 'D5', 'D50', 'D51', 'D52', 'D53', 'D54', 'D55', 'D56', 'D57', 'D58', 'D59', 'D6', 'D60', 'D61', 'D62', 'D63', 'D7', 'D8', 'D9']","['D1', 'D10', 'D11', 'D12', 'D13', 'D14', 'D15', 'D16', 'D17', 'D18', 'D19', 'D2', 'D20', 'D21', 'D22', 'D23', 'D24', 'D25', 'D26', 'D27', 'D28', 'D29', 'D3', 'D30', 'D31', 'D32', 'D33', 'D34', 'D35', 'D36', 'D37', 'D38', 'D39', 'D4', 'D40', 'D41', 'D42', 'D43', 'D44', 'D45', 'D46', 'D47', 'D48', 'D49', 'D5', 'D50', 'D51', 'D52', 'D53', 'D54', 'D55', 'D56', 'D57', 'D58', 'D59', 'D6', 'D60', 'D61', 'D62', 'D63', 'D7', 'D8', 'D9']"
6,B58,[],[],"['D1', 'D10', 'D11', 'D12', 'D13', 'D14', 'D15', 'D16', 'D17', 'D18', 'D19', 'D2', 'D20', 'D21', 'D22', 'D23', 'D24', 'D25', 'D26', 'D27', 'D28', 'D29', 'D3', 'D30', 'D31', 'D32', 'D33', 'D34', 'D35', 'D36', 'D37', 'D38', 'D39', 'D4', 'D40', 'D41', 'D42', 'D43', 'D44', 'D45', 'D46', 'D47', 'D48', 'D49', 'D5', 'D50', 'D51', 'D52', 'D53', 'D54', 'D55', 'D56', 'D57', 'D58', 'D59', 'D6', 'D60', 'D61', 'D62', 'D63', 'D7', 'D8', 'D9']","['D1', 'D10', 'D11', 'D12', 'D13', 'D14', 'D15', 'D16', 'D17', 'D18', 'D19', 'D2', 'D20', 'D21', 'D22', 'D23', 'D24', 'D25', 'D26', 'D27', 'D28', 'D29', 'D3', 'D30', 'D31', 'D32', 'D33', 'D34', 'D35', 'D36', 'D37', 'D38', 'D39', 'D4', 'D40', 'D41', 'D42', 'D43', 'D44', 'D45', 'D46', 'D47', 'D48', 'D49', 'D5', 'D50', 'D51', 'D52', 'D53', 'D54', 'D55', 'D56', 'D57', 'D58', 'D59', 'D6', 'D60', 'D61', 'D62', 'D63', 'D7', 'D8', 'D9']"
7,B0,"['D1', 'D2', 'D3']",['D61'],[],"['D1', 'D2', 'D3']"
7,B1,[],[],"['D1', 'D2', 'D3', 'D4', 'D5']","['D1', 'D2', 'D3', 'D4', 'D5']"
7,B2,[],[],"['D1', 'D2', 'D3', 'D4', 'D5']","['D1', 'D2', 'D3', 'D4', 'D5']"
7,B3,[],[],"['D1', 'D2', 'D3', 'D4', 'D5']","['D1', 'D2', 'D3', 'D4', 'D5']"
7,B4,"['D4', 'D5']",[],"['D1', 'D2', 'D3', 'D4', 'D5']","['D1', 'D2', 'D3', 'D4', 'D5']"
7,B5,[],[],"['D1', 'D2', 'D3', 'D4', 'D5']","['D1', 'D2', 'D3', 'D4', 'D5']"
7,B6,[],[],"['D1', 'D2', 'D3', 'D4', 'D5']","['D1', 'D2', 'D3', 'D4', 'D5']"
7,B7,[],[],"['D1', 'D2', 'D3', 'D4', 'D5']","['D1', 'D2', 'D3', 'D4', 'D5']"
7,B8,[],[],"['D1', 'D2', 'D3', 'D4', 'D5']","['D1', 'D2', 'D3', 'D4', 'D5']"
7,B9,[],[],"['D1', 'D2', 'D3', 'D4', 'D5']","['D1', 'D2', 'D3', 'D4', 'D5']"
7,B10,[],[],"['D1', 'D2', 'D3', 'D4', 'D5']","['D1', 'D2', 'D3', 'D4', 'D5']"
7,B11,[],[],"['D1', 'D2', 'D3', 'D4', 'D5']","['D1', 'D2', 'D3', 'D4', 'D5']"
7,B12,"['D6', 'D7', 'D8', 'D9']",[],"['D1', 'D2', 'D3', 'D4', 'D5']","['D1', 'D2', 'D3', 'D4', 'D5', 'D6', 'D7', 'D8', 'D9']"
7,B13,[],[],"['D1', 'D10', 'D11', 'D12', 'D13', 'D14', 'D15', 'D16', 'D17', 'D18', 'D19', 'D2', 'D20', 'D21', 'D22', 'D23', 'D24', 'D25', 'D26', 'D27', 'D28', 'D29', 'D3', 'D30', 'D31', 'D32', 'D4', 'D5', 'D6', 'D7', 'D8', 'D9']","['D1', 'D10', 'D11', 'D12', 'D13', 'D14', 'D15', 'D16', 'D17', 'D18', 'D19', 'D2', 'D20', 'D21', 'D22', 'D23', 'D24', 'D25', 'D26', 'D27', 'D28', 'D29', 'D3', 'D30', 'D31', 'D32', 'D4', 'D5', 'D6', 'D7', 'D8', 'D9']"
7,B14,['D10'],['D20'],"['D1', 'D10', 'D11', 'D12', 'D13', 'D14', 'D15', 'D16', 'D17', 'D18', 'D19', 'D2', 'D20', 'D21', 'D22', 'D23', 'D24', 'D25', 'D26', 'D27', 'D28', 'D29', 'D3', 'D30', 'D31', 'D32', 'D4', 'D5', 'D6', 'D7', 'D8', 'D9']","['D1', 'D10', 'D11', 'D12', 'D13', 'D14', 'D15', 'D16', 'D17', 'D18', 'D19', 'D2', 'D21', 'D22', 'D23', 'D24', 'D25', 'D26', 'D27', 'D28', 'D29', 'D3', 'D30', 'D31', 'D32', 'D4', 'D5', 'D6', 'D7', 'D8', 'D9']"
7,B15,[],[],"['D1', 'D10', 'D11', 'D12', 'D13', 'D14', 'D15', 'D16', 'D17', 'D18', 'D19', 'D2', 'D20', 'D21', 'D22', 'D23', 'D24', 'D25', 'D26', 'D27', 'D28', 'D29', 'D3', 'D30', 'D31', 'D32', 'D4', 'D5', 'D6', 'D7', 'D8', 'D9']","['D1', 'D10', 'D11', 'D12', 'D13', 'D14', 'D15', 'D16', 'D17', 'D18', 'D19', 'D2', 'D20', 'D21', 'D22', 'D23', 'D24', 'D25', 'D26', 'D27', 'D28', 'D29', 'D3', 'D30', 'D31', 'D32', 'D4', 'D5', 'D6', 'D7', 'D8', 'D9']"
7,B16,"['D11', 'D12', 'D13', 'D14', 'D15', 'D16', 'D17', 'D18', 'D19', 'D20']",['D10'],"['D1', 'D10', 'D11', 'D12', 'D13', 'D14', 'D15', 'D16', 'D17', 'D18', 'D19', 'D2', 'D20', 'D21', 'D22', 'D23', 'D24', 'D25', 'D26', 'D27', 'D28', 'D29', 'D3', 'D30', 'D31', 'D32', 'D4', 'D5', 'D6', 'D7', 'D8', 'D9']","['D1', 'D11', 'D12', 'D13', 'D14', 'D15', 'D16', 'D17', 'D18', 'D19', 'D2', 'D20', 'D21', 'D22', 'D23', 'D24', 'D25', 'D26', 'D27', 'D28', 'D29', 'D3', 'D30', 'D31', 'D32', 'D4', 'D5', 'D6', 'D7', 'D8', 'D9']"
7,B17,"['D21', 'D22', 'D23', 'D24', 'D25', 'D26', 'D27', 'D28']","['D29', 'D30']","['D1', 'D10', 'D11', 'D12', 'D13', 'D14', 'D15', 'D16', 'D17', 'D18', 'D19', 'D2', 'D20', 'D21', 'D22', 'D23', 'D24', 'D25', 'D26', 'D27', 'D28', 'D29', 'D3', 'D30', 'D31', 'D32', 'D4', 'D5', 'D6', 'D7', 'D8', 'D9']","['D1', 'D10', 'D11', 'D12', 'D13', 'D14', 'D15', 'D16', 'D17', 'D18', 'D19', 'D2', 'D20', 'D21', 'D22', 'D23', 'D24', 'D25', 'D26', 'D27', 'D28', 'D3', 'D31', 'D32', 'D4', 'D5', 'D6', 'D7', 'D8', 'D9']"
7,B18,[],[],"['D1', 'D10', 'D11', 'D12', 'D13', 'D14', 'D15', 'D16', 'D17', 'D18', 'D19', 'D2', 'D20', 'D21', 'D22', 'D23', 'D24', 'D25', 'D26', 'D27', 'D28', 'D3', 'D31', 'D32', 'D4', 'D5', 'D6', 'D7', 'D8', 'D9']","['D1', 'D10', 'D11', 'D12', 'D13', 'D14', 'D15', 'D16', 'D17', 'D18', 'D19', 'D2', 'D20', 'D21', 'D22', 'D23', 'D24', 'D25', 'D26', 'D27', 'D28', 'D3', 'D31', 'D32', 'D4', 'D5', 'D6', 'D7', 'D8', 'D9']"
7,B19,['D29'],['D27'],"['D1', 'D10', 'D11', 'D12', 'D13', 'D14', 'D15', 'D16', 'D17', 'D18', 'D19', 'D2', 'D20', 'D21', 'D22', 'D23', 'D24', 'D25', 'D26', 'D27', 'D28', 'D3', 'D31', 'D32', 'D4', 'D5', 'D6', 'D7', 'D8', 'D9']","['D1', 'D10', 'D11', 'D12', 'D13', 'D14', 'D15', 'D16', 'D17', 'D18', 'D19', 'D2', 'D20', 'D21', 'D22', 'D23', 'D24', 'D25', 'D26', 'D28', 'D29', 'D3', 'D31', 'D32', 'D4', 'D5', 'D6', 'D7', 'D8', 'D9']"
7,B20,[],[],"['D1', 'D10', 'D11', 'D12', 'D13', 'D14', 'D15', 'D16', 'D17', 'D18', 'D19', 'D2', 'D20', 'D21', 'D22', 'D23', 'D24', 'D25', 'D26', 'D27', 'D28', 'D29', 'D3', 'D31', 'D32', 'D4', 'D5', 'D6', 'D7', 'D8', 'D9']","['D1', 'D10', 'D11', 'D12', 'D13', 'D14', 'D15', 'D16', 'D17', 'D18', 'D19', 'D2', 'D20', 'D21', 'D22', 'D23', 'D24', 'D25', 'D26', 'D27', 'D28', 'D29', 'D3', 'D31', 'D32', 'D4', 'D5', 'D6', 'D7', 'D8', 'D9']"
7,B21,['D30'],['D28'],"['D1', 'D10', 'D11', 'D12', 'D13', 'D14', 'D15', 'D16', 'D17', 'D18', 'D19', 'D2', 'D20', 'D21', 'D22', 'D23', 'D24', 'D25', 'D26', 'D27', 'D28', 'D29', 'D3', 'D31', 'D32', 'D4', 'D5', 'D6', 'D7', 'D8', 'D9']","['D1', 'D10', 'D11', 'D12', 'D13', 'D14', 'D15', 'D16', 'D17', 'D18', 'D19', 'D2', 'D20', 'D21', 'D22', 'D23', 'D24', 'D25', 'D26', 'D27', 'D29', 'D3', 'D30', 'D31', 'D32', 'D4', 'D5', 'D6', 'D7', 'D8', 'D9']"
7,B22,"['D31', 'D32']",[],"['D1', 'D10', 'D11', 'D12', 'D13', 'D14', 'D15', 'D16', 'D17', 'D18', 'D19', 'D2', 'D20', 'D21', 'D22', 'D23', 'D24', 'D25', 'D26', 'D27', 'D28', 'D29', 'D3', 'D30', 'D31', 'D32', 'D4', 'D5', 'D6', 'D7', 'D8', 'D9']","['D1', 'D10', 'D11', 'D12', 'D13', 'D14', 'D15', 'D16', 'D17', 'D18', 'D19', 'D2', 'D20', 'D21', 'D22', 'D23', 'D24', 'D25', 'D26', 'D27', 'D28', 'D29', 'D3', 'D30', 'D31', 'D32', 'D4', 'D5', 'D6', 'D7', 'D8', 'D9']"
7,B23,[],[],"['D1', 'D10', 'D11', 'D12', 'D13', 'D14', 'D15', 'D16', 'D17', 'D18', 'D19', 'D2', 'D20', 'D21', 'D22', 'D23', 'D24', 'D25', 'D26', 'D27', 'D28', 'D29', 'D3', 'D30', 'D31', 'D32', 'D4', 'D5', 'D6', 'D7', 'D8', 'D9']","['D1', 'D10', 'D11', 'D12', 'D13', 'D14', 'D15', 'D16', 'D17', 'D18', 'D19', 'D2', 'D20', 'D21', 'D22', 'D23', 'D24', 'D25', 'D26', 'D27', 'D28', 'D29', 'D3', 'D30', 'D31', 'D32', 'D4', 'D5', 'D6', 'D7', 'D8', 'D9']"
7,B24,[],[],"['D1', 'D10', 'D11', 'D12', 'D13', 'D14', 'D15', 'D16', 'D17', 'D18', 'D19', 'D2', 'D20', 'D21', 'D22', 'D23', 'D24', 'D25', 'D26', 'D27', 'D28', 'D29', 'D3', 'D30', 'D31', 'D32', 'D33', 'D34', 'D4', 'D5', 'D6', 'D7', 'D8', 'D9']","['D1', 'D10', 'D11', 'D12', 'D13', 'D14', 'D15', 'D16', 'D17', 'D18', 'D19', 'D2', 'D20', 'D21', 'D22', 'D23', 'D24', 'D25', 'D26', 'D27', 'D28', 'D29', 'D3', 'D30', 'D31', 'D32', 'D33', 'D34', 'D4', 'D5', 'D6', 'D7', 'D8', 'D9']"
7,B25,[],[],"['D1', 'D10', 'D11', 'D12', 'D13', 'D14', 'D15', 'D16', 'D17', 'D18', 'D19', 'D2', 'D20', 'D21', 'D22', 'D23', 'D24', 'D25', 'D26', 'D27', 'D28', 'D29', 'D3', 'D30', 'D31', 'D32', 'D33', 'D34', 'D4', 'D5', 'D6', 'D7', 'D8', 'D9']","['D1', 'D10', 'D11', 'D12', 'D13', 'D14', 'D15', 'D16', 'D17', 'D18', 'D19', 'D2', 'D20', 'D21', 'D22', 'D23', 'D24', 'D25', 'D26', 'D27', 'D28', 'D29', 'D3', 'D30', 'D31', 'D32', 'D33', 'D34', 'D4', 'D5', 'D6', 'D7', 'D8', 'D9']"
7,B26,[],[],"['D1', 'D10', 'D11', 'D12', 'D13', 'D14', 'D15', 'D16', 'D17', 'D18', 'D19', 'D2', 'D20', 'D21', 'D22', 'D23', 'D24', 'D25', 'D26', 'D27', 'D28', 'D29', 'D3', 'D30', 'D31', 'D32', 'D33', 'D34', 'D4', 'D5', 'D6', 'D7', 'D8', 'D9']","['D1', 'D10', 'D11', 'D12', 'D13', 'D14', 'D15', 'D16', 'D17', 'D18', 'D19', 'D2', 'D20', 'D21', 'D22', 'D23', 'D24', 'D25', 'D26', 'D27', 'D28', 'D29', 'D3', 'D30', 'D31', 'D32', 'D33', 'D34', 'D4', 'D5', 'D6', 'D7', 'D8', 'D9']"
7,B27,"['D33', 'D34']",[],"['D1', 'D10', 'D11', 'D12', 'D13', 'D14', 'D15', 'D16', 'D17', 'D18', 'D19', 'D2', 'D20', 'D21', 'D22', 'D23', 'D24', 'D25', 'D26', 'D27', 'D28', 'D29', 'D3', 'D30', 'D31', 'D32', 'D33', 'D34', 'D4', 'D5', 'D6', 'D7', 'D8', 'D9']","['D1', 'D10', 'D11', 'D12', 'D13', 'D14', 'D15', 'D16', 'D17', 'D18', 'D19', 'D2', 'D20', 'D21', 'D22', 'D23', 'D24', 'D25', 'D26', 'D27', 'D28', 'D29', 'D3', 'D30', 'D31', 'D32', 'D33', 'D34', 'D4', 'D5', 'D6', 'D7', 'D8', 'D9']"
7,B28,[],[],"['D1', 'D10', 'D11', 'D12', 'D13', 'D14', 'D15', 'D16', 'D17', 'D18', 'D19', 'D2', 'D20', 'D21', 'D22', 'D23', 'D24', 'D25', 'D26', 'D27', 'D28', 'D29', 'D3', 'D30', 'D31', 'D32', 'D33', 'D34', 'D4', 'D5', 'D6', 'D7', 'D8', 'D9']","['D1', 'D10', 'D11', 'D12', 'D13', 'D14', 'D15', 'D16', 'D17', 'D18', 'D19', 'D2', 'D20', 'D21', 'D22', 'D23', 'D24', 'D25', 'D26', 'D27', 'D28', 'D29', 'D3', 'D30', 'D31', 'D32', 'D33', 'D34', 'D4', 'D5', 'D6', 'D7', 'D8', 'D9']"
7,B29,[],[],"['D1', 'D10', 'D11', 'D12', 'D13', 'D14', 'D15', 'D16', 'D17', 'D18', 'D19', 'D2', 'D20', 'D21', 'D22', 'D23', 'D24', 'D25', 'D26', 'D27', 'D28', 'D29', 'D3', 'D30', 'D31', 'D32', 'D33', 'D34', 'D4', 'D5', 'D6', 'D7', 'D8', 'D9']","['D1', 'D10', 'D11', 'D12', 'D13', 'D14', 'D15', 'D16', 'D17', 'D18', 'D19', 'D2', 'D20', 'D21', 'D22', 'D23', 'D24', 'D25', 'D26', 'D27', 'D28', 'D29', 'D3', 'D30', 'D31', 'D32', 'D33', 'D34', 'D4', 'D5', 'D6', 'D7', 'D8', 'D9']"
7,B30,[],[],"['D1', 'D10', 'D11', 'D12', 'D13', 'D14', 'D15', 'D16', 'D17', 'D18', 'D19', 'D2', 'D20', 'D21', 'D22', 'D23', 'D24', 'D25', 'D26', 'D27', 'D28', 'D29', 'D3', 'D30', 'D31', 'D32', 'D33', 'D34', 'D4', 'D5', 'D6', 'D7', 'D8', 'D9']","['D1', 'D10', 'D11', 'D12', 'D13', 'D14', 'D15', 'D16', 'D17', 'D18', 'D19', 'D2', 'D20', 'D21', 'D22', 'D23', 'D24', 'D25', 'D26', 'D27', 'D28', 'D29', 'D3', 'D30', 'D31', 'D32', 'D33', 'D34', 'D4', 'D5', 'D6', 'D7', 'D8', 'D9']"
7,B31,[],[],"['D1', 'D10', 'D11', 'D12', 'D13', 'D14', 'D15', 'D16', 'D17', 'D18', 'D19', 'D2', 'D20', 'D21', 'D22', 'D23', 'D24', 'D25', 'D26', 'D27', 'D28', 'D29', 'D3', 'D30', 'D31', 'D32', 'D33', 'D34', 'D4', 'D5', 'D6', 'D7', 'D8', 'D9']","['D1', 'D10', 'D11', 'D12', 'D13', 'D14', 'D15', 'D16', 'D17', 'D18', 'D19', 'D2', 'D20', 'D21', 'D22', 'D23', 'D24', 'D25', 'D26', 'D27', 'D28', 'D29', 'D3', 'D30', 'D31', 'D32', 'D33', 'D34', 'D4', 'D5', 'D6', 'D7', 'D8', 'D9']"
7,B32,[],[],"['D1', 'D10', 'D11', 'D12', 'D13', 'D14', 'D15', 'D16', 'D17', 'D18', 'D19', 'D2', 'D20', 'D21', 'D22', 'D23', 'D24', 'D25', 'D26', 'D27', 'D28', 'D29', 'D3', 'D30', 'D31', 'D32', 'D33', 'D34', 'D4', 'D5', 'D6', 'D7', 'D8', 'D9']","['D1', 'D10', 'D11', 'D12', 'D13', 'D14', 'D15', 'D16', 'D17', 'D18', 'D19', 'D2', 'D20', 'D21', 'D22', 'D23', 'D24', 'D25', 'D26', 'D27', 'D28', 'D29', 'D3', 'D30', 'D31', 'D32', 'D33', 'D34', 'D4', 'D5', 'D6', 'D7', 'D8', 'D9']"
7,B33,[],[],"['D1', 'D10', 'D11', 'D12', 'D13', 'D14', 'D15', 'D16', 'D17', 'D18', 'D19', 'D2', 'D20', 'D21', 'D22', 'D23', 'D24', 'D25', 'D26', 'D27', 'D28', 'D29', 'D3', 'D30', 'D31', 'D32', 'D33', 'D34', 'D4', 'D5', 'D6', 'D7', 'D8', 'D9']","['D1', 'D10', 'D11', 'D12', 'D13', 'D14', 'D15', 'D16', 'D17', 'D18', 'D19', 'D2', 'D20', 'D21', 'D22', 'D23', 'D24', 'D25', 'D26', 'D27', 'D28', 'D29', 'D3', 'D30', 'D31', 'D32', 'D33', 'D34', 'D4', 'D5', 'D6', 'D7', 'D8', 'D9']"
7,B34,[],[],"['D1', 'D10', 'D11', 'D12', 'D13', 'D14', 'D15', 'D16', 'D17', 'D18', 'D19', 'D2', 'D20', 'D21', 'D22', 'D23', 'D24', 'D25', 'D26', 'D27', 'D28', 'D29', 'D3', 'D30', 'D31', 'D32', 'D33', 'D34', 'D4', 'D5', 'D6', 'D7', 'D8', 'D9']","['D1', 'D10', 'D11', 'D12', 'D13', 'D14', 'D15', 'D16', 'D17', 'D18', 'D19', 'D2', 'D20', 'D21', 'D22', 'D23', 'D24', 'D25', 'D26', 'D27', 'D28', 'D29', 'D3', 'D30', 'D31', 'D32', 'D33', 'D34', 'D4', 'D5', 'D6', 'D7', 'D8', 'D9']"
7,B35,"['D35', 'D36', 'D37']",[],"['D1', 'D10', 'D11', 'D12', 'D13', 'D14', 'D15', 'D16', 'D17', 'D18', 'D19', 'D2', 'D20', 'D21', 'D22', 'D23', 'D24', 'D25', 'D26', 'D27', 'D28', 'D29', 'D3', 'D30', 'D31', 'D32', 'D33', 'D34', 'D4', 'D5', 'D6', 'D7', 'D8', 'D9']","['D1', 'D10', 'D11', 'D12', 'D13', 'D14', 'D15', 'D16', 'D17', 'D18', 'D19', 'D2', 'D20', 'D21', 'D22', 'D23', 'D24', 'D25', 'D26', 'D27', 'D28', 'D29', 'D3', 'D30', 'D31', 'D32', 'D33', 'D34', 'D35', 'D36', 'D37', 'D4', 'D5', 'D6', 'D7', 'D8', 'D9']"
7,B36,[],[],"['D1', 'D10', 'D11', 'D12', 'D13', 'D14', 'D15', 'D16', 'D17', 'D18', 'D19', 'D2', 'D20', 'D21', 'D22', 'D23', 'D24', 'D25', 'D26', 'D27', 'D28', 'D29', 'D3', 'D30', 'D31', 'D32', 'D33', 'D34', 'D35', 'D36', 'D37', 'D38', 'D39', 'D4', 'D40', 'D41', 'D42', 'D43', 'D44', 'D45', 'D46', 'D47', 'D48', 'D49', 'D5', 'D50', 'D51', 'D52', 'D53', 'D54', 'D55', 'D56', 'D57', 'D58', 'D59', 'D6', 'D60', 'D61', 'D7', 'D8', 'D9']","['D1', 'D10', 'D11', 'D12', 'D13', 'D14', 'D15', 'D16', 'D17', 'D18', 'D19', 'D2', 'D20', 'D21', 'D22', 'D23', 'D24', 'D25', 'D26', 'D27', 'D28', 'D29', 'D3', 'D30', 'D31', 'D32', 'D33', 'D34', 'D35', 'D36', 'D37', 'D38', 'D39', 'D4', 'D40', 'D41', 'D42', 'D43', 'D44', 'D45', 'D46', 'D47', 'D48', 'D49', 'D5', 'D50', 'D51', 'D52', 'D53', 'D54', 'D55', 'D56', 'D57', 'D58', 'D59', 'D6', 'D60', 'D61', 'D7', 'D8', 'D9']"
7,B37,['D38'],['D48'],"['D1', 'D10', 'D11', 'D12', 'D13', 'D14', 'D15', 'D16', 'D17', 'D18', 'D19', 'D2', 'D20', 'D21', 'D22', 'D23', 'D24', 'D25', 'D26', 'D27', 'D28', 'D29', 'D3', 'D30', 'D31', 'D32', 'D33', 'D34', 'D35', 'D36', 'D37', 'D38', 'D39', 'D4', 'D40', 'D41', 'D42', 'D43', 'D44', 'D45', 'D46', 'D47', 'D48', 'D49', 'D5', 'D50', 'D51', 'D52', 'D53', 'D54', 'D55', 'D56', 'D57', 'D58', 'D59', 'D6', 'D60', 'D61', 'D7', 'D8', 'D9']","['D1', 'D10', 'D11', 'D12', 'D13', 'D14', 'D15', 'D16', 'D17', 'D18', 'D19', 'D2', 'D20', 'D21', 'D22', 'D23', 'D24', 'D25', 'D26', 'D27', 'D28', 'D29', 'D3', 'D30', 'D31', 'D32', 'D33', 'D34', 'D35', 'D36', 'D37', 'D38', 'D39', 'D4', 'D40', 'D41', 'D42', 'D43', 'D44', 'D45', 'D46', 'D47', 'D49', 'D5', 'D50', 'D51', 'D52', 'D53', 'D54', 'D55', 'D56', 'D57', 'D58', 'D59', 'D6', 'D60', 'D61', 'D7', 'D8', 'D9']"
7,B38,[],[],"['D1', 'D10', 'D11', 'D12', 'D13', 'D14', 'D15', 'D16', 'D17', 'D18', 'D19', 'D2', 'D20', 'D21', 'D22', 'D23', 'D24', 'D25', 'D26', 'D27', 'D28', 'D29', 'D3', 'D30', 'D31', 'D32', 'D33', 'D34', 'D35', 'D36', 'D37', 'D38', 'D39', 'D4', 'D40', 'D41', 'D42', 'D43', 'D44', 'D45', 'D46', 'D47', 'D48', 'D49', 'D5', 'D50', 'D51', 'D52', 'D53', 'D54', 'D55', 'D56', 'D57', 'D58', 'D59', 'D6', 'D60', 'D61', 'D7', 'D8', 'D9']","['D1', 'D10', 'D11', 'D12', 'D13', 'D14', 'D15', 'D16', 'D17', 'D18', 'D19', 'D2', 'D20', 'D21', 'D22', 'D23', 'D24', 'D25', 'D26', 'D27', 'D28', 'D29', 'D3', 'D30', 'D31', 'D32', 'D33', 'D34', 'D35', 'D36', 'D37', 'D38', 'D39', 'D4', 'D40', 'D41', 'D42', 'D43', 'D44', 'D45', 'D46', 'D47', 'D48', 'D49', 'D5', 'D50', 'D51', 'D52', 'D53', 'D54', 'D55', 'D56', 'D57', 'D58', 'D59', 'D6', 'D60', 'D61', 'D7', 'D8', 'D9']"
7,B39,"['D39', 'D40', 'D41', 'D42', 'D43', 'D44', 'D45', 'D46', 'D47', 'D48']",['D38'],"['D1', 'D10', 'D11', 'D12', 'D13', 'D14', 'D15', 'D16', 'D17', 'D18', 'D19', 'D2', 'D20', 'D21', 'D22', 'D23', 'D24', 'D25', 'D26', 'D27', 'D28', 'D29', 'D3', 'D30', 'D31', 'D32', 'D33', 'D34', 'D35', 'D36', 'D37', 'D38', 'D39', 'D4', 'D40', 'D41', 'D42', 'D43', 'D44', 'D45', 'D46', 'D47', 'D48', 'D49', 'D5', 'D50', 'D51', 'D52', 'D53', 'D54', 'D55', 'D56', 'D57', 'D58', 'D59', 'D6', 'D60', 'D61', 'D7', 'D8', 'D9']","['D1', 'D10', 'D11', 'D12', 'D13', 'D14', 'D15', 'D16', 'D17', 'D18', 'D19', 'D2', 'D20', 'D21', 'D22', 'D23', 'D24', 'D25', 'D26', 'D27', 'D28', 'D29', 'D3', 'D30', 'D31', 'D32', 'D33', 'D34', 'D35', 'D36', 'D37', 'D39', 'D4', 'D40', 'D41', 'D42', 'D43', 'D44', 'D45', 'D46', 'D47', 'D48', 'D49', 'D5', 'D50', 'D51', 'D52', 'D53', 'D54', 'D55', 'D56', 'D57', 'D58', 'D59', 'D6', 'D60', 'D61', 'D7', 'D8', 'D9']"
7,B40,"['D49', 'D50', 'D51', 'D52', 'D53', 'D54', 'D55', 'D56', 'D57']","['D58', 'D59']","['D1', 'D10', 'D11', 'D12', 'D13', 'D14', 'D15', 'D16', 'D17', 'D18', 'D19', 'D2', 'D20', 'D21', 'D22', 'D23', 'D24', 'D25', 'D26', 'D27', 'D28', 'D29', 'D3', 'D30', 'D31', 'D32', 'D33', 'D34', 'D35', 'D36', 'D37', 'D38', 'D39', 'D4', 'D40', 'D41', 'D42', 'D43', 'D44', 'D45', 'D46', 'D47', 'D48', 'D49', 'D5', 'D50', 'D51', 'D52', 'D53', 'D54', 'D55', 'D56', 'D57', 'D58', 'D59', 'D6', 'D60', 'D61', 'D7', 'D8', 'D9']","['D1', 'D10', 'D11', 'D12', 'D13', 'D14', 'D15', 'D16', 'D17', 'D18', 'D19', 'D2', 'D20', 'D21', 'D22', 'D23', 'D24', 'D25', 'D26', 'D27', 'D28', 'D29', 'D3', 'D30', 'D31', 'D32', 'D33', 'D34', 'D35', 'D36', 'D37', 'D38', 'D39', 'D4', 'D40', 'D41', 'D42', 'D43', 'D44', 'D45', 'D46', 'D47', 'D48', 'D49', 'D5', 'D50', 'D51', 'D52', 'D53', 'D54', 'D55', 'D56', 'D57', 'D6', 'D60', 'D61', 'D7', 'D8', 'D9']"
7,B41,[],[],"['D1', 'D10', 'D11', 'D12', 'D13', 'D14', 'D15', 'D16', 'D17', 'D18', 'D19', 'D2', 'D20', 'D21', 'D22', 'D23', 'D24', 'D25', 'D26', 'D27', 'D28', 'D29', 'D3', 'D30', 'D31', 'D32', 'D33', 'D34', 'D35', 'D36', 'D37', 'D38', 'D39', 'D4', 'D40', 'D41', 'D42', 'D43', 'D44', 'D45', 'D46', 'D47', 'D48', 'D49', 'D5', 'D50', 'D51', 'D52', 'D53', 'D54', 'D55', 'D56', 'D57', 'D6', 'D60', 'D61', 'D7', 'D8', 'D9']","['D1', 'D10', 'D11', 'D12', 'D13', 'D14', 'D15', 'D16', 'D17', 'D18', 'D19', 'D2', 'D20', 'D21', 'D22', 'D23', 'D24', 'D25', 'D26', 'D27', 'D28', 'D29', 'D3', 'D30', 'D31', 'D32', 'D33', 'D34', 'D35', 'D36', 'D37', 'D38', 'D39', 'D4', 'D40', 'D41', 'D42', 'D43', 'D44', 'D45', 'D46', 'D47', 'D48', 'D49', 'D5', 'D50', 'D51', 'D52', 'D53', 'D54', 'D55', 'D56', 'D57', 'D6', 'D60', 'D61', 'D7', 'D8', 'D9']"
7,B42,['D58'],['D56'],"['D1', 'D10', 'D11', 'D12', 'D13', 'D14', 'D15', 'D16', 'D17', 'D18', 'D19', 'D2', 'D20', 'D21', 'D22', 'D23', 'D24', 'D25', 'D26', 'D27', 'D28', 'D29', 'D3', 'D30', 'D31', 'D32', 'D33', 'D34', 'D35', 'D36', 'D37', 'D38', 'D39', 'D4', 'D40', 'D41', 'D42', 'D43', 'D44', 'D45', 'D46', 'D47', 'D48', 'D49', 'D5', 'D50', 'D51', 'D52', 'D53', 'D54', 'D55', 'D56', 'D57', 'D6', 'D60', 'D61', 'D7', 'D8', 'D9']","['D1', 'D10', 'D11', 'D12', 'D13', 'D14', 'D15', 'D16', 'D17', 'D18', 'D19', 'D2', 'D20', 'D21', 'D22', 'D23', 'D24', 'D25', 'D26', 'D27', 'D28', 'D29', 'D3', 'D30', 'D31', 'D32', 'D33', 'D34', 'D35', 'D36', 'D37', 'D38', 'D39', 'D4', 'D40', 'D41', 'D42', 'D43', 'D44', 'D45', 'D46', 'D47', 'D48', 'D49', 'D5', 'D50', 'D51', 'D52', 'D53', 'D54', 'D55', 'D57', 'D58', 'D6', 'D60', 'D61', 'D7', 'D8', 'D9']"
7,B43,[],[],"['D1', 'D10', 'D11', 'D12', 'D13', 'D14', 'D15', 'D16', 'D17', 'D18', 'D19', 'D2', 'D20', 'D21', 'D22', 'D23', 'D24', 'D25', 'D26', 'D27', 'D28', 'D29', 'D3', 'D30', 'D31', 'D32', 'D33', 'D34', 'D35', 'D36', 'D37', 'D38', 'D39', 'D4', 'D40', 'D41', 'D42', 'D43', 'D44', 'D45', 'D46', 'D47', 'D48', 'D49', 'D5', 'D50', 'D51', 'D52', 'D53', 'D54', 'D55', 'D56', 'D57', 'D58', 'D6', 'D60', 'D61', 'D7', 'D8', 'D9']","['D1', 'D10', 'D11', 'D12', 'D13', 'D14', 'D15', 'D16', 'D17', 'D18', 'D19', 'D2', 'D20', 'D21', 'D22', 'D23', 'D24', 'D25', 'D26', 'D27', 'D28', 'D29', 'D3', 'D30', 'D31', 'D32', 'D33', 'D34', 'D35', 'D36', 'D37', 'D38', 'D39', 'D4', 'D40', 'D41', 'D42', 'D43', 'D44', 'D45', 'D46', 'D47', 'D48', 'D49', 'D5', 'D50', 'D51', 'D52', 'D53', 'D54', 'D55', 'D56', 'D57', 'D58', 'D6', 'D60', 'D61', 'D7', 'D8', 'D9']"
7,B44,['D59'],['D57'],"['D1', 'D10', 'D11', 'D12', 'D13', 'D14', 'D15', 'D16', 'D17', 'D18', 'D19', 'D2', 'D20', 'D21', 'D22', 'D23', 'D24', 'D25', 'D26', 'D27', 'D28', 'D29', 'D3', 'D30', 'D31', 'D32', 'D33', 'D34', 'D35', 'D36', 'D37', 'D38', 'D39', 'D4', 'D40', 'D41', 'D42', 'D43', 'D44', 'D45', 'D46', 'D47', 'D48', 'D49', 'D5', 'D50', 'D51', 'D52', 'D53', 'D54', 'D55', 'D56', 'D57', 'D58', 'D6', 'D60', 'D61', 'D7', 'D8', 'D9']","['D1', 'D10', 'D11', 'D12', 'D13', 'D14', 'D15', 'D16', 'D17', 'D18', 'D19', 'D2', 'D20', 'D21', 'D22', 'D23', 'D24', 'D25', 'D26', 'D27', 'D28', 'D29', 'D3', 'D30', 'D31', 'D32', 'D33', 'D34', 'D35', 'D36', 'D37', 'D38', 'D39', 'D4', 'D40', 'D41', 'D42', 'D43', 'D44', 'D45', 'D46', 'D47', 'D48', 'D49', 'D5', 'D50', 'D51', 'D52', 'D53', 'D54', 'D55', 'D56', 'D58', 'D59', 'D6', 'D60', 'D61', 'D7', 'D8', 'D9']"
7,B45,"['D60', 'D61']",['D1'],"['D1', 'D10', 'D11', 'D12', 'D13', 'D14', 'D15', 'D16', 'D17', 'D18', 'D19', 'D2', 'D20', 'D21', 'D22', 'D23', 'D24', 'D25', 'D26', 'D27', 'D28', 'D29', 'D3', 'D30', 'D31', 'D32', 'D33', 'D34', 'D35', 'D36', 'D37', 'D38', 'D39', 'D4', 'D40', 'D41', 'D42', 'D43', 'D44', 'D45', 'D46', 'D47', 'D48', 'D49', 'D5', 'D50', 'D51', 'D52', 'D53', 'D54', 'D55', 'D56', 'D57', 'D58', 'D59', 'D6', 'D60', 'D61', 'D7', 'D8', 'D9']","['D10', 'D11', 'D12', 'D13', 'D14', 'D15', 'D16', 'D17', 'D18', 'D19', 'D2', 'D20', 'D21', 'D22', 'D23', 'D24', 'D25', 'D26', 'D27', 'D28', 'D29', 'D3', 'D30', 'D31', 'D32', 'D33', 'D34', 'D35', 'D36', 'D37', 'D38', 'D39', 'D4', 'D40', 'D41', 'D42', 'D43', 'D44', 'D45', 'D46', 'D47', 'D48', 'D49', 'D5', 'D50', 'D51', 'D52', 'D53', 'D54', 'D55', 'D56', 'D57', 'D58', 'D59', 'D6', 'D60', 'D61', 'D7', 'D8', 'D9']"
7,B46,[],[],"['D1', 'D10', 'D11', 'D12', 'D13', 'D14', 'D15', 'D16', 'D17', 'D18', 'D19', 'D2', 'D20', 'D21', 'D22', 'D23', 'D24', 'D25', 'D26', 'D27', 'D28', 'D29', 'D3', 'D30', 'D31', 'D32', 'D33', 'D34', 'D35', 'D36', 'D37', 'D38', 'D39', 'D4', 'D40', 'D41', 'D42', 'D43', 'D44', 'D45', 'D46', 'D47', 'D48', 'D49', 'D5', 'D50', 'D51', 'D52', 'D53', 'D54', 'D55', 'D56', 'D57', 'D58', 'D59', 'D6', 'D60', 'D61', 'D7', 'D8', 'D9']","['D1', 'D10', 'D11', 'D12', 'D13', 'D14', 'D15', 'D16', 'D17', 'D18', 'D19', 'D2', 'D20', 'D21', 'D22', 'D23', 'D24', 'D25', 'D26', 'D27', 'D28', 'D29', 'D3', 'D30', 'D31', 'D32', 'D33', 'D34', 'D35', 'D36', 'D37', 'D38', 'D39', 'D4', 'D40', 'D41', 'D42', 'D43', 'D44', 'D45', 'D46', 'D47', 'D48', 'D49', 'D5', 'D50', 'D51', 'D52', 'D53', 'D54', 'D55', 'D56', 'D57', 'D58', 'D59', 'D6', 'D60', 'D61', 'D7', 'D8', 'D9']"
7,B47,[],[],"['D1', 'D10', 'D11', 'D12', 'D13', 'D14', 'D15', 'D16', 'D17', 'D18', 'D19', 'D2', 'D20', 'D21', 'D22', 'D23', 'D24', 'D25', 'D26', 'D27', 'D28', 'D29', 'D3', 'D30', 'D31', 'D32', 'D33', 'D34', 'D35', 'D36', 'D37', 'D38', 'D39', 'D4', 'D40', 'D41', 'D42', 'D43', 'D44', 'D45', 'D46', 'D47', 'D48', 'D49', 'D5', 'D50', 'D51', 'D52', 'D53', 'D54', 'D55', 'D56', 'D57', 'D58', 'D59', 'D6', 'D60', 'D61', 'D62', 'D63', 'D7', 'D8', 'D9']","['D1', 'D10', 'D11', 'D12', 'D13', 'D14', 'D15', 'D16', 'D17', 'D18', 'D19', 'D2', 'D20', 'D21', 'D22', 'D23', 'D24', 'D25', 'D26', 'D27', 'D28', 'D29', 'D3', 'D30', 'D31', 'D32', 'D33', 'D34', 'D35', 'D36', 'D37', 'D38', 'D39', 'D4', 'D40', 'D41', 'D42', 'D43', 'D44', 'D45', 'D46', 'D47', 'D48', 'D49', 'D5', 'D50', 'D51', 'D52', 'D53', 'D54', 'D55', 'D56', 'D57', 'D58', 'D59', 'D6', 'D60', 'D61', 'D62', 'D63', 'D7', 'D8', 'D9']"
7,B48,[],[],"['D1', 'D10', 'D11', 'D12', 'D13', 'D14', 'D15', 'D16', 'D17', 'D18', 'D19', 'D2', 'D20', 'D21', 'D22', 'D23', 'D24', 'D25', 'D26', 'D27', 'D28', 'D29', 'D3', 'D30', 'D31', 'D32', 'D33', 'D34', 'D35', 'D36', 'D37', 'D38', 'D39', 'D4', 'D40', 'D41', 'D42', 'D43', 'D44', 'D45', 'D46', 'D47', 'D48', 'D49', 'D5', 'D50', 'D51', 'D52', 'D53', 'D54', 'D55', 'D56', 'D57', 'D58', 'D59', 'D6', 'D60', 'D61', 'D62', 'D63', 'D7', 'D8', 'D9']","['D1', 'D10', 'D11', 'D12', 'D13', 'D14', 'D15', 'D16', 'D17', 'D18', 'D19', 'D2', 'D20', 'D21', 'D22', 'D23', 'D24', 'D25', 'D26', 'D27', 'D28', 'D29', 'D3', 'D30', 'D31', 'D32', 'D33', 'D34', 'D35', 'D36', 'D37', 'D38', 'D39', 'D4', 'D40', 'D41', 'D42', 'D43', 'D44', 'D45', 'D46', 'D47', 'D48', 'D49', 'D5', 'D50', 'D51', 'D52', 'D53', 'D54', 'D55', 'D56', 'D57', 'D58', 'D59', 'D6', 'D60', 'D61', 'D62', 'D63', 'D7', 'D8', 'D9']"
7,B49,[],[],"['D1', 'D10', 'D11', 'D12', 'D13', 'D14', 'D15', 'D16', 'D17', 'D18', 'D19', 'D2', 'D20', 'D21', 'D22', 'D23', 'D24', 'D25', 'D26', 'D27', 'D28', 'D29', 'D3', 'D30', 'D31', 'D32', 'D33', 'D34', 'D35', 'D36', 'D37', 'D38', 'D39', 'D4', 'D40', 'D41', 'D42', 'D43', 'D44', 'D45', 'D46', 'D47', 'D48', 'D49', 'D5', 'D50', 'D51', 'D52', 'D53', 'D54', 'D55', 'D56', 'D57', 'D58', 'D59', 'D6', 'D60', 'D61', 'D62', 'D63', 'D7', 'D8', 'D9']","['D1', 'D10', 'D11', 'D12', 'D13', 'D14', 'D15', 'D16', 'D17', 'D18', 'D19', 'D2', 'D20', 'D21', 'D22', 'D23', 'D24', 'D25', 'D26', 'D27', 'D28', 'D29', 'D3', 'D30', 'D31', 'D32', 'D33', 'D34', 'D35', 'D36', 'D37', 'D38', 'D39', 'D4', 'D40', 'D41', 'D42', 'D43', 'D44', 'D45', 'D46', 'D47', 'D48', 'D49', 'D5', 'D50', 'D51', 'D52', 'D53', 'D54', 'D55', 'D56', 'D57', 'D58', 'D59', 'D6', 'D60', 'D61', 'D62', 'D63', 'D7', 'D8', 'D9']"
7,B50,"['D62', 'D63']",[],"['D1', 'D10', 'D11', 'D12', 'D13', 'D14', 'D15', 'D16', 'D17', 'D18', 'D19', 'D2', 'D20', 'D21', 'D22', 'D23', 'D24', 'D25', 'D26', 'D27', 'D28', 'D29', 'D3', 'D30', 'D31', 'D32', 'D33', 'D34', 'D35', 'D36', 'D37', 'D38', 'D39', 'D4', 'D40', 'D41', 'D42', 'D43', 'D44', 'D45', 'D46', 'D47', 'D48', 'D49', 'D5', 'D50', 'D51', 'D52', 'D53', 'D54', 'D55', 'D56', 'D57', 'D58', 'D59', 'D6', 'D60', 'D61', 'D62', 'D63', 'D7', 'D8', 'D9']","['D1', 'D10', 'D11', 'D12', 'D13', 'D14', 'D15', 'D16', 'D17', 'D18', 'D19', 'D2', 'D20', 'D21', 'D22', 'D23', 'D24', 'D25', 'D26', 'D27', 'D28', 'D29', 'D3', 'D30', 'D31', 'D32', 'D33', 'D34', 'D35', 'D36', 'D37', 'D38', 'D39', 'D4', 'D40', 'D41', 'D42', 'D43', 'D44', 'D45', 'D46', 'D47', 'D48', 'D49', 'D5', 'D50', 'D51', 'D52', 'D53', 'D54', 'D55', 'D56', 'D57', 'D58', 'D59', 'D6', 'D60', 'D61', 'D62', 'D63', 'D7', 'D8', 'D9']"
7,B51,[],[],"['D1', 'D10', 'D11', 'D12', 'D13', 'D14', 'D15', 'D16', 'D17', 'D18', 'D19', 'D2', 'D20', 'D21', 'D22', 'D23', 'D24', 'D25', 'D26', 'D27', 'D28', 'D29', 'D3', 'D30', 'D31', 'D32', 'D33', 'D34', 'D35', 'D36', 'D37', 'D38', 'D39', 'D4', 'D40', 'D41', 'D42', 'D43', 'D44', 'D45', 'D46', 'D47', 'D48', 'D49', 'D5', 'D50', 'D51', 'D52', 'D53', 'D54', 'D55', 'D56', 'D57', 'D58', 'D59', 'D6', 'D60', 'D61', 'D62', 'D63', 'D7', 'D8', 'D9']","['D1', 'D10', 'D11', 'D12', 'D13', 'D14', 'D15', 'D16', 'D17', 'D18', 'D19', 'D2', 'D20', 'D21', 'D22', 'D23', 'D24', 'D25', 'D26', 'D27', 'D28', 'D29', 'D3', 'D30', 'D31', 'D32', 'D33', 'D34', 'D35', 'D36', 'D37', 'D38', 'D39', 'D4', 'D40', 'D41', 'D42', 'D43', 'D44', 'D45', 'D46', 'D47', 'D48', 'D49', 'D5', 'D50', 'D51', 'D52', 'D53', 'D54', 'D55', 'D56', 'D57', 'D58', 'D59', 'D6', 'D60', 'D61', 'D62', 'D63', 'D7', 'D8', 'D9']"
7,B52,[],[],"['D1', 'D10', 'D11', 'D12', 'D13', 'D14', 'D15', 'D16', 'D17', 'D18', 'D19', 'D2', 'D20', 'D21', 'D22', 'D23', 'D24', 'D25', 'D26', 'D27', 'D28', 'D29', 'D3', 'D30', 'D31', 'D32', 'D33', 'D34', 'D35', 'D36', 'D37', 'D38', 'D39', 'D4', 'D40', 'D41', 'D42', 'D43', 'D44', 'D45', 'D46', 'D47', 'D48', 'D49', 'D5', 'D50', 'D51', 'D52', 'D53', 'D54', 'D55', 'D56', 'D57', 'D58', 'D59', 'D6', 'D60', 'D61', 'D62', 'D63', 'D7', 'D8', 'D9']","['D1', 'D10', 'D11', 'D12', 'D13', 'D14', 'D15', 'D16', 'D17', 'D18', 'D19', 'D2', 'D20', 'D21', 'D22', 'D23', 'D24', 'D25', 'D26', 'D27', 'D28', 'D29', 'D3', 'D30', 'D31', 'D32', 'D33', 'D34', 'D35', 'D36', 'D37', 'D38', 'D39', 'D4', 'D40', 'D41', 'D42', 'D43', 'D44', 'D45', 'D46', 'D47', 'D48', 'D49', 'D5', 'D50', 'D51', 'D52', 'D53', 'D54', 'D55', 'D56', 'D57', 'D58', 'D59', 'D6', 'D60', 'D61', 'D62', 'D63', 'D7', 'D8', 'D9']"
7,B53,[],[],"['D1', 'D10', 'D11', 'D12', 'D13', 'D14', 'D15', 'D16', 'D17', 'D18', 'D19', 'D2', 'D20', 'D21', 'D22', 'D23', 'D24', 'D25', 'D26', 'D27', 'D28', 'D29', 'D3', 'D30', 'D31', 'D32', 'D33', 'D34', 'D35', 'D36', 'D37', 'D38', 'D39', 'D4', 'D40', 'D41', 'D42', 'D43', 'D44', 'D45', 'D46', 'D47', 'D48', 'D49', 'D5', 'D50', 'D51', 'D52', 'D53', 'D54', 'D55', 'D56', 'D57', 'D58', 'D59', 'D6', 'D60', 'D61', 'D62', 'D63', 'D7', 'D8', 'D9']","['D1', 'D10', 'D11', 'D12', 'D13', 'D14', 'D15', 'D16', 'D17', 'D18', 'D19', 'D2', 'D20', 'D21', 'D22', 'D23', 'D24', 'D25', 'D26', 'D27', 'D28', 'D29', 'D3', 'D30', 'D31', 'D32', 'D33', 'D34', 'D35', 'D36', 'D37', 'D38', 'D39', 'D4', 'D40', 'D41', 'D42', 'D43', 'D44', 'D45', 'D46', 'D47', 'D48', 'D49', 'D5', 'D50', 'D51', 'D52', 'D53', 'D54', 'D55', 'D56', 'D57', 'D58', 'D59', 'D6', 'D60', 'D61', 'D62', 'D63', 'D7', 'D8', 'D9']"
7,B54,[],[],"['D1', 'D10', 'D11', 'D12', 'D13', 'D14', 'D15', 'D16', 'D17', 'D18', 'D19', 'D2', 'D20', 'D21', 'D22', 'D23', 'D24', 'D25', 'D26', 'D27', 'D28', 'D29', 'D3', 'D30', 'D31', 'D32', 'D33', 'D34', 'D35', 'D36', 'D37', 'D38', 'D39', 'D4', 'D40', 'D41', 'D42', 'D43', 'D44', 'D45', 'D46', 'D47', 'D48', 'D49', 'D5', 'D50', 'D51', 'D52', 'D53', 'D54', 'D55', 'D56', 'D57', 'D58', 'D59', 'D6', 'D60', 'D61', 'D62', 'D63', 'D7', 'D8', 'D9']","['D1', 'D10', 'D11', 'D12', 'D13', 'D14', 'D15', 'D16', 'D17', 'D18', 'D19', 'D2', 'D20', 'D21', 'D22', 'D23', 'D24', 'D25', 'D26', 'D27', 'D28', 'D29', 'D3', 'D30', 'D31', 'D32', 'D33', 'D34', 'D35', 'D36', 'D37', 'D38', 'D39', 'D4', 'D40', 'D41', 'D42', 'D43', 'D44', 'D45', 'D46', 'D47', 'D48', 'D49', 'D5', 'D50', 'D51', 'D52', 'D53', 'D54', 'D55', 'D56', 'D57', 'D58', 'D59', 'D6', 'D60', 'D61', 'D62', 'D63', 'D7', 'D8', 'D9']"
7,B55,[],[],"['D1', 'D10', 'D11', 'D12', 'D13', 'D14', 'D15', 'D16', 'D17', 'D18', 'D19', 'D2', 'D20', 'D21', 'D22', 'D23', 'D24', 'D25', 'D26', 'D27', 'D28', 'D29', 'D3', 'D30', 'D31', 'D32', 'D33', 'D34', 'D35', 'D36', 'D37', 'D38', 'D39', 'D4', 'D40', 'D41', 'D42', 'D43', 'D44', 'D45', 'D46', 'D47', 'D48', 'D49', 'D5', 'D50', 'D51', 'D52', 'D53', 'D54', 'D55', 'D56', 'D57', 'D58', 'D59', 'D6', 'D60', 'D61', 'D62', 'D63', 'D7', 'D8', 'D9']","['D1', 'D10', 'D11', 'D12', 'D13', 'D14', 'D15', 'D16', 'D17', 'D18', 'D19', 'D2', 'D20', 'D21', 'D22', 'D23', 'D24', 'D25', 'D26', 'D27', 'D28', 'D29', 'D3', 'D30', 'D31', 'D32', 'D33', 'D34', 'D35', 'D36', 'D37', 'D38', 'D39', 'D4', 'D40', 'D41', 'D42', 'D43', 'D44', 'D45', 'D46', 'D47', 'D48', 'D49', 'D5', 'D50', 'D51', 'D52', 'D53', 'D54', 'D55', 'D56', 'D57', 'D58', 'D59', 'D6', 'D60', 'D61', 'D62', 'D63', 'D7', 'D8', 'D9']"
7,B56,[],[],"['D1', 'D10', 'D11', 'D12', 'D13', 'D14', 'D15', 'D16', 'D17', 'D18', 'D19', 'D2', 'D20', 'D21', 'D22', 'D23', 'D24', 'D25', 'D26', 'D27', 'D28', 'D29', 'D3', 'D30', 'D31', 'D32', 'D33', 'D34', 'D35', 'D36', 'D37', 'D38', 'D39', 'D4', 'D40', 'D41', 'D42', 'D43', 'D44', 'D45', 'D46', 'D47', 'D48', 'D49', 'D5', 'D50', 'D51', 'D52', 'D53', 'D54', 'D55', 'D56', 'D57', 'D58', 'D59', 'D6', 'D60', 'D61', 'D62', 'D63', 'D7', 'D8', 'D9']","['D1', 'D10', 'D11', 'D12', 'D13', 'D14', 'D15', 'D16', 'D17', 'D18', 'D19', 'D2', 'D20', 'D21', 'D22', 'D23', 'D24', 'D25', 'D26', 'D27', 'D28', 'D29', 'D3', 'D30', 'D31', 'D32', 'D33', 'D34', 'D35', 'D36', 'D37', 'D38', 'D39', 'D4', 'D40', 'D41', 'D42', 'D43', 'D44', 'D45', 'D46', 'D47', 'D48', 'D49', 'D5', 'D50', 'D51', 'D52', 'D53', 'D54', 'D55', 'D56', 'D57', 'D58', 'D59', 'D6', 'D60', 'D61', 'D62', 'D63', 'D7', 'D8', 'D9']"
7,B57,[],[],"['D1', 'D10', 'D11', 'D12', 'D13', 'D14', 'D15', 'D16', 'D17', 'D18', 'D19', 'D2', 'D20', 'D21', 'D22', 'D23', 'D24', 'D25', 'D26', 'D27', 'D28', 'D29', 'D3', 'D30', 'D31', 'D32', 'D33', 'D34', 'D35', 'D36', 'D37', 'D38', 'D39', 'D4', 'D40', 'D41', 'D42', 'D43', 'D44', 'D45', 'D46', 'D47', 'D48', 'D49', 'D5', 'D50', 'D51', 'D52', 'D53', 'D54', 'D55', 'D56', 'D57', 'D58', 'D59', 'D6', 'D60', 'D61', 'D62', 'D63', 'D7', 'D8', 'D9']","['D1', 'D10', 'D11', 'D12', 'D13', 'D14', 'D15', 'D16', 'D17', 'D18', 'D19', 'D2', 'D20', 'D21', 'D22', 'D23', 'D24', 'D25', 'D26', 'D27', 'D28', 'D29', 'D3', 'D30', 'D31', 'D32', 'D33', 'D34', 'D35', 'D36', 'D37', 'D38', 'D39', 'D4', 'D40', 'D41', 'D42', 'D43', 'D44', 'D45', 'D46', 'D47', 'D48', 'D49', 'D5', 'D50', 'D51', 'D52', 'D53', 'D54', 'D55', 'D56', 'D57', 'D58', 'D59', 'D6', 'D60', 'D61', 'D62', 'D63', 'D7', 'D8', 'D9']"
7,B58,[],[],"['D1', 'D10', 'D11', 'D12', 'D13', 'D14', 'D15', 'D16', 'D17', 'D18', 'D19', 'D2', 'D20', 'D21', 'D22', 'D23', 'D24', 'D25', 'D26', 'D27', 'D28', 'D29', 'D3', 'D30', 'D31', 'D32', 'D33', 'D34', 'D35', 'D36', 'D37', 'D38', 'D39', 'D4', 'D40', 'D41', 'D42', 'D43', 'D44', 'D45', 'D46', 'D47', 'D48', 'D49', 'D5', 'D50', 'D51', 'D52', 'D53', 'D54', 'D55', 'D56', 'D57', 'D58', 'D59', 'D6', 'D60', 'D61', 'D62', 'D63', 'D7', 'D8', 'D9']","['D1', 'D10', 'D11', 'D12', 'D13', 'D14', 'D15', 'D16', 'D17', 'D18', 'D19', 'D2', 'D20', 'D21', 'D22', 'D23', 'D24', 'D25', 'D26', 'D27', 'D28', 'D29', 'D3', 'D30', 'D31', 'D32', 'D33', 'D34', 'D35', 'D36', 'D37', 'D38', 'D39', 'D4', 'D40', 'D41', 'D42', 'D43', 'D44', 'D45', 'D46', 'D47', 'D48', 'D49', 'D5', 'D50', 'D51', 'D52', 'D53', 'D54', 'D55', 'D56', 'D57', 'D58', 'D59', 'D6', 'D60', 'D61', 'D62', 'D63', 'D7', 'D8', 'D9']"
