Iteration,Basic-Block,gen[B],kill[B],in[B],out[B]
0,B0,"['D1', 'D2', 'D3', 'D4', 'D5', 'D6', 'D7']","['D10', 'D89', 'D9', 'D92']",[],[]
0,B1,[],[],[],[]
0,B2,"['D8', 'D9']","['D10', 'D39', 'D47', 'D53', 'D61', 'D7']",[],[]
0,B3,['D10'],"['D7', 'D9']",[],[]
0,B4,[],[],[],[]
0,B5,"['D11', 'D12', 'D13']","['D14', 'D16', 'D17']",[],[]
0,B6,['D14'],['D13'],[],[]
0,B7,[],[],[],[]
0,B8,"['D15', 'D16', 'D17', 'D18']","['D103', 'D11', 'D12', 'D19']",[],[]
0,B9,"['D19', 'D20']","['D18', 'D22', 'D23']",[],[]
0,B10,[],[],[],[]
0,B11,"['D21', 'D22']","['D20', 'D23']",[],[]
0,B12,"['D23', 'D24', 'D25']","['D20', 'D22', 'D27', 'D28']",[],[]
0,B13,[],[],[],[]
0,B14,"['D26', 'D27']","['D24', 'D28', 'D90']",[],[]
0,B15,"['D28', 'D29']","['D24', 'D27', 'D34', 'D35']",[],[]
0,B16,[],[],[],[]
0,B17,"['D30', 'D31', 'D32']","['D33', 'D38']",[],[]
0,B18,[],[],[],[]
0,B19,['D33'],['D32'],[],[]
0,B20,['D34'],"['D29', 'D35']",[],[]
0,B21,[],[],[],[]
0,B22,[],[],[],[]
0,B23,['D35'],"['D29', 'D34']",[],[]
0,B24,[],[],[],[]
0,B25,"['D36', 'D37', 'D38']","['D31', 'D40', 'D41']",[],[]
0,B26,[],[],[],[]
0,B27,"['D39', 'D40']","['D36', 'D41', 'D47', 'D53', 'D61', 'D8']",[],[]
0,B28,"['D41', 'D42', 'D43', 'D44', 'D45', 'D46']","['D36', 'D40', 'D49', 'D50']",[],[]
0,B29,[],[],[],[]
0,B30,[],[],[],[]
0,B31,"['D47', 'D48', 'D49']","['D39', 'D42', 'D50', 'D53', 'D54', 'D61', 'D62', 'D8']",[],[]
0,B32,[],[],[],[]
0,B33,"['D50', 'D51', 'D52']","['D42', 'D49', 'D56', 'D57', 'D58']",[],[]
0,B34,[],[],[],[]
0,B35,"['D55', 'D61', 'D62']","['D39', 'D47', 'D48', 'D53', 'D54', 'D8']",[],[]
0,B36,[],[],[],[]
0,B37,['D56'],"['D51', 'D57', 'D58']",[],[]
0,B38,[],[],[],[]
0,B39,"['D58', 'D59', 'D60']","['D51', 'D56', 'D57', 'D63', 'D64']",[],[]
0,B40,[],[],[],[]
0,B41,"['D61', 'D62']","['D39', 'D47', 'D48', 'D53', 'D54', 'D8']",[],[]
0,B42,[],[],[],[]
0,B43,['D63'],['D60'],[],[]
0,B44,[],[],[],[]
0,B45,"['D64', 'D65', 'D66']","['D59', 'D69']",[],[]
0,B46,[],[],[],[]
0,B47,['D67'],"['D100', 'D104', 'D68']",[],[]
0,B48,[],[],[],[]
0,B49,['D68'],"['D100', 'D104', 'D67']",[],[]
0,B50,['D69'],['D65'],[],[]
0,B51,"['D70', 'D71']",['D72'],[],[]
0,B52,[],[],[],[]
0,B53,['D72'],['D70'],[],[]
0,B54,['D73'],['D74'],[],[]
0,B55,[],[],[],[]
0,B56,[],[],[],[]
0,B57,[],[],[],[]
0,B58,['D74'],['D73'],[],[]
0,B59,[],[],[],[]
0,B60,[],[],[],[]
0,B61,"['D75', 'D76', 'D77']","['D80', 'D81', 'D82']",[],[]
0,B62,[],[],[],[]
0,B63,"['D78', 'D79', 'D80', 'D81']","['D75', 'D77', 'D82']",[],[]
0,B64,"['D82', 'D83', 'D84']","['D75', 'D80', 'D86']",[],[]
0,B65,[],[],[],[]
0,B66,[],[],[],[]
0,B67,['D85'],[],[],[]
0,B68,[],[],[],[]
0,B69,[],[],[],[]
0,B70,[],[],[],[]
0,B71,['D86'],['D83'],[],[]
0,B72,[],[],[],[]
0,B73,"['D87', 'D88', 'D89']","['D1', 'D91', 'D92', 'D93', 'D94', 'D95']",[],[]
0,B74,[],[],[],[]
0,B75,"['D90', 'D91', 'D92', 'D93']","['D1', 'D26', 'D87', 'D88', 'D89', 'D94', 'D95']",[],[]
0,B76,"['D95', 'D96']","['D88', 'D91', 'D94', 'D97', 'D98']",[],[]
0,B77,[],[],[],[]
0,B78,[],[],[],[]
0,B79,[],[],[],[]
0,B80,['D97'],"['D96', 'D98']",[],[]
0,B81,[],[],[],[]
0,B82,['D98'],"['D96', 'D97']",[],[]
0,B83,[],[],[],[]
0,B84,['D99'],['D101'],[],[]
0,B85,[],[],[],[]
0,B86,"['D100', 'D101']","['D104', 'D67', 'D68', 'D99']",[],[]
0,B87,"['D102', 'D103']","['D105', 'D15']",[],[]
0,B88,[],[],[],[]
0,B89,"['D104', 'D105']","['D100', 'D102', 'D67', 'D68']",[],[]
0,B90,[],[],[],[]
1,B0,"['D1', 'D2', 'D3', 'D4', 'D5', 'D6', 'D7']","['D10', 'D89', 'D9', 'D92']",[],"['D1', 'D2', 'D3', 'D4', 'D5', 'D6', 'D7']"
1,B1,[],[],"['D1', 'D2', 'D3', 'D4', 'D5', 'D6', 'D7']","['D1', 'D2', 'D3', 'D4', 'D5', 'D6', 'D7']"
1,B2,"['D8', 'D9']","['D10', 'D39', 'D47', 'D53', 'D61', 'D7']","['D1', 'D2', 'D3', 'D4', 'D5', 'D6', 'D7']","['D1', 'D2', 'D3', 'D4', 'D5', 'D6', 'D8', 'D9']"
1,B3,['D10'],"['D7', 'D9']","['D1', 'D2', 'D3', 'D4', 'D5', 'D6', 'D7']","['D1', 'D10', 'D2', 'D3', 'D4', 'D5', 'D6']"
1,B4,[],[],"['D1', 'D10', 'D2', 'D3', 'D4', 'D5', 'D6']","['D1', 'D10', 'D2', 'D3', 'D4', 'D5', 'D6']"
1,B5,"['D11', 'D12', 'D13']","['D14', 'D16', 'D17']","['D1', 'D10', 'D2', 'D3', 'D4', 'D5', 'D6']","['D1', 'D10', 'D11', 'D12', 'D13', 'D2', 'D3', 'D4', 'D5', 'D6']"
1,B6,['D14'],['D13'],"['D1', 'D10', 'D2', 'D3', 'D4', 'D5', 'D6']","['D1', 'D10', 'D14', 'D2', 'D3', 'D4', 'D5', 'D6']"
1,B7,[],[],"['D1', 'D10', 'D14', 'D2', 'D3', 'D4', 'D5', 'D6']","['D1', 'D10', 'D14', 'D2', 'D3', 'D4', 'D5', 'D6']"
1,B8,"['D15', 'D16', 'D17', 'D18']","['D103', 'D11', 'D12', 'D19']","['D1', 'D10', 'D14', 'D2', 'D3', 'D4', 'D5', 'D6']","['D1', 'D10', 'D14', 'D15', 'D16', 'D17', 'D18', 'D2', 'D3', 'D4', 'D5', 'D6']"
1,B9,"['D19', 'D20']","['D18', 'D22', 'D23']","['D1', 'D10', 'D14', 'D2', 'D3', 'D4', 'D5', 'D6']","['D1', 'D10', 'D14', 'D19', 'D2', 'D20', 'D3', 'D4', 'D5', 'D6']"
1,B10,[],[],"['D1', 'D10', 'D14', 'D19', 'D2', 'D20', 'D3', 'D4', 'D5', 'D6']","['D1', 'D10', 'D14', 'D19', 'D2', 'D20', 'D3', 'D4', 'D5', 'D6']"
1,B11,"['D21', 'D22']","['D20', 'D23']","['D1', 'D10', 'D14', 'D19', 'D2', 'D20', 'D3', 'D4', 'D5', 'D6']","['D1', 'D10', 'D14', 'D19', 'D2', 'D21', 'D22', 'D3', 'D4', 'D5', 'D6']"
1,B12,"['D23', 'D24', 'D25']","['D20', 'D22', 'D27', 'D28']","['D1', 'D10', 'D14', 'D19', 'D2', 'D20', 'D3', 'D4', 'D5', 'D6']","['D1', 'D10', 'D14', 'D19', 'D2', 'D23', 'D24', 'D25', 'D3', 'D4', 'D5', 'D6']"
1,B13,[],[],"['D1', 'D10', 'D14', 'D19', 'D2', 'D23', 'D24', 'D25', 'D3', 'D4', 'D5', 'D6']","['D1', 'D10', 'D14', 'D19', 'D2', 'D23', 'D24', 'D25', 'D3', 'D4', 'D5', 'D6']"
1,B14,"['D26', 'D27']","['D24', 'D28', 'D90']","['D1', 'D10', 'D14', 'D19', 'D2', 'D23', 'D24', 'D25', 'D3', 'D4', 'D5', 'D6']","['D1', 'D10', 'D14', 'D19', 'D2', 'D23', 'D25', 'D26', 'D27', 'D3', 'D4', 'D5', 'D6']"
1,B15,"['D28', 'D29']","['D24', 'D27', 'D34', 'D35']","['D1', 'D10', 'D14', 'D19', 'D2', 'D23', 'D24', 'D25', 'D3', 'D4', 'D5', 'D6']","['D1', 'D10', 'D14', 'D19', 'D2', 'D23', 'D25', 'D28', 'D29', 'D3', 'D4', 'D5', 'D6']"
1,B16,[],[],"['D1', 'D10', 'D14', 'D19', 'D2', 'D23', 'D25', 'D28', 'D29', 'D3', 'D4', 'D5', 'D6']","['D1', 'D10', 'D14', 'D19', 'D2', 'D23', 'D25', 'D28', 'D29', 'D3', 'D4', 'D5', 'D6']"
1,B17,"['D30', 'D31', 'D32']","['D33', 'D38']","['D1', 'D10', 'D14', 'D19', 'D2', 'D23', 'D25', 'D28', 'D29', 'D3', 'D4', 'D5', 'D6']","['D1', 'D10', 'D14', 'D19', 'D2', 'D23', 'D25', 'D28', 'D29', 'D3', 'D30', 'D31', 'D32', 'D4', 'D5', 'D6']"
1,B18,[],[],"['D1', 'D10', 'D14', 'D19', 'D2', 'D23', 'D25', 'D28', 'D29', 'D3', 'D30', 'D31', 'D32', 'D4', 'D5', 'D6']","['D1', 'D10', 'D14', 'D19', 'D2', 'D23', 'D25', 'D28', 'D29', 'D3', 'D30', 'D31', 'D32', 'D4', 'D5', 'D6']"
1,B19,['D33'],['D32'],"['D1', 'D10', 'D14', 'D19', 'D2', 'D23', 'D25', 'D28', 'D29', 'D3', 'D30', 'D31', 'D32', 'D4', 'D5', 'D6']","['D1', 'D10', 'D14', 'D19', 'D2', 'D23', 'D25', 'D28', 'D29', 'D3', 'D30', 'D31', 'D33', 'D4', 'D5', 'D6']"
1,B20,['D34'],"['D29', 'D35']","['D1', 'D10', 'D14', 'D19', 'D2', 'D23', 'D25', 'D28', 'D29', 'D3', 'D30', 'D31', 'D32', 'D4', 'D5', 'D6']","['D1', 'D10', 'D14', 'D19', 'D2', 'D23', 'D25', 'D28', 'D3', 'D30', 'D31', 'D32', 'D34', 'D4', 'D5', 'D6']"
1,B21,[],[],"['D1', 'D10', 'D14', 'D19', 'D2', 'D23', 'D25', 'D28', 'D29', 'D3', 'D4', 'D5', 'D6']","['D1', 'D10', 'D14', 'D19', 'D2', 'D23', 'D25', 'D28', 'D29', 'D3', 'D4', 'D5', 'D6']"
1,B22,[],[],"['D1', 'D10', 'D14', 'D19', 'D2', 'D23', 'D25', 'D28', 'D29', 'D3', 'D4', 'D5', 'D6']","['D1', 'D10', 'D14', 'D19', 'D2', 'D23', 'D25', 'D28', 'D29', 'D3', 'D4', 'D5', 'D6']"
1,B23,['D35'],"['D29', 'D34']","['D1', 'D10', 'D14', 'D19', 'D2', 'D23', 'D25', 'D28', 'D29', 'D3', 'D4', 'D5', 'D6']","['D1', 'D10', 'D14', 'D19', 'D2', 'D23', 'D25', 'D28', 'D3', 'D35', 'D4', 'D5', 'D6']"
1,B24,[],[],"['D1', 'D10', 'D14', 'D19', 'D2', 'D23', 'D25', 'D28', 'D29', 'D3', 'D4', 'D5', 'D6']","['D1', 'D10', 'D14', 'D19', 'D2', 'D23', 'D25', 'D28', 'D29', 'D3', 'D4', 'D5', 'D6']"
1,B25,"['D36', 'D37', 'D38']","['D31', 'D40', 'D41']","['D1', 'D10', 'D14', 'D19', 'D2', 'D23', 'D25', 'D28', 'D29', 'D3', 'D4', 'D5', 'D6']","['D1', 'D10', 'D14', 'D19', 'D2', 'D23', 'D25', 'D28', 'D29', 'D3', 'D36', 'D37', 'D38', 'D4', 'D5', 'D6']"
1,B26,[],[],"['D1', 'D10', 'D14', 'D19', 'D2', 'D23', 'D25', 'D28', 'D29', 'D3', 'D36', 'D37', 'D38', 'D4', 'D5', 'D6']","['D1', 'D10', 'D14', 'D19', 'D2', 'D23', 'D25', 'D28', 'D29', 'D3', 'D36', 'D37', 'D38', 'D4', 'D5', 'D6']"
1,B27,"['D39', 'D40']","['D36', 'D41', 'D47', 'D53', 'D61', 'D8']","['D1', 'D10', 'D14', 'D19', 'D2', 'D23', 'D25', 'D28', 'D29', 'D3', 'D36', 'D37', 'D38', 'D4', 'D5', 'D6']","['D1', 'D10', 'D14', 'D19', 'D2', 'D23', 'D25', 'D28', 'D29', 'D3', 'D37', 'D38', 'D39', 'D4', 'D40', 'D5', 'D6']"
1,B28,"['D41', 'D42', 'D43', 'D44', 'D45', 'D46']","['D36', 'D40', 'D49', 'D50']","['D1', 'D10', 'D14', 'D19', 'D2', 'D23', 'D25', 'D28', 'D29', 'D3', 'D36', 'D37', 'D38', 'D4', 'D5', 'D6']","['D1', 'D10', 'D14', 'D19', 'D2', 'D23', 'D25', 'D28', 'D29', 'D3', 'D37', 'D38', 'D4', 'D41', 'D42', 'D43', 'D44', 'D45', 'D46', 'D5', 'D6']"
1,B29,[],[],"['D1', 'D10', 'D14', 'D19', 'D2', 'D23', 'D25', 'D28', 'D29', 'D3', 'D37', 'D38', 'D4', 'D41', 'D42', 'D43', 'D44', 'D45', 'D46', 'D5', 'D6']","['D1', 'D10', 'D14', 'D19', 'D2', 'D23', 'D25', 'D28', 'D29', 'D3', 'D37', 'D38', 'D4', 'D41', 'D42', 'D43', 'D44', 'D45', 'D46', 'D5', 'D6']"
1,B30,[],[],"['D1', 'D10', 'D14', 'D19', 'D2', 'D23', 'D25', 'D28', 'D29', 'D3', 'D37', 'D38', 'D4', 'D41', 'D42', 'D43', 'D44', 'D45', 'D46', 'D5', 'D6']","['D1', 'D10', 'D14', 'D19', 'D2', 'D23', 'D25', 'D28', 'D29', 'D3', 'D37', 'D38', 'D4', 'D41', 'D42', 'D43', 'D44', 'D45', 'D46', 'D5', 'D6']"
1,B31,"['D47', 'D48', 'D49']","['D39', 'D42', 'D50', 'D53', 'D54', 'D61', 'D62', 'D8']","['D1', 'D10', 'D14', 'D19', 'D2', 'D23', 'D25', 'D28', 'D29', 'D3', 'D37', 'D38', 'D4', 'D41', 'D42', 'D43', 'D44', 'D45', 'D46', 'D5', 'D6']","['D1', 'D10', 'D14', 'D19', 'D2', 'D23', 'D25', 'D28', 'D29', 'D3', 'D37', 'D38', 'D4', 'D41', 'D43', 'D44', 'D45', 'D46', 'D47', 'D48', 'D49', 'D5', 'D6']"
1,B32,[],[],"['D1', 'D10', 'D14', 'D19', 'D2', 'D23', 'D25', 'D28', 'D29', 'D3', 'D37', 'D38', 'D4', 'D41', 'D42', 'D43', 'D44', 'D45', 'D46', 'D5', 'D6']","['D1', 'D10', 'D14', 'D19', 'D2', 'D23', 'D25', 'D28', 'D29', 'D3', 'D37', 'D38', 'D4', 'D41', 'D42', 'D43', 'D44', 'D45', 'D46', 'D5', 'D6']"
1,B33,"['D50', 'D51', 'D52']","['D42', 'D49', 'D56', 'D57', 'D58']","['D1', 'D10', 'D14', 'D19', 'D2', 'D23', 'D25', 'D28', 'D29', 'D3', 'D37', 'D38', 'D4', 'D41', 'D42', 'D43', 'D44', 'D45', 'D46', 'D5', 'D6']","['D1', 'D10', 'D14', 'D19', 'D2', 'D23', 'D25', 'D28', 'D29', 'D3', 'D37', 'D38', 'D4', 'D41', 'D43', 'D44', 'D45', 'D46', 'D5', 'D50', 'D51', 'D52', 'D6']"
1,B34,[],[],"['D1', 'D10', 'D14', 'D19', 'D2', 'D23', 'D25', 'D28', 'D29', 'D3', 'D37', 'D38', 'D4', 'D41', 'D43', 'D44', 'D45', 'D46', 'D5', 'D50', 'D51', 'D52', 'D6']","['D1', 'D10', 'D14', 'D19', 'D2', 'D23', 'D25', 'D28', 'D29', 'D3', 'D37', 'D38', 'D4', 'D41', 'D43', 'D44', 'D45', 'D46', 'D5', 'D50', 'D51', 'D52', 'D6']"
1,B35,"['D55', 'D61', 'D62']","['D39', 'D47', 'D48', 'D53', 'D54', 'D8']","['D1', 'D10', 'D14', 'D19', 'D2', 'D23', 'D25', 'D28', 'D29', 'D3', 'D37', 'D38', 'D4', 'D41', 'D43', 'D44', 'D45', 'D46', 'D5', 'D50', 'D51', 'D52', 'D6']","['D1', 'D10', 'D14', 'D19', 'D2', 'D23', 'D25', 'D28', 'D29', 'D3', 'D37', 'D38', 'D4', 'D41', 'D43', 'D44', 'D45', 'D46', 'D5', 'D50', 'D51', 'D52', 'D55', 'D6', 'D61', 'D62']"
1,B36,[],[],"['D1', 'D10', 'D14', 'D19', 'D2', 'D23', 'D25', 'D28', 'D29', 'D3', 'D37', 'D38', 'D4', 'D41', 'D43', 'D44', 'D45', 'D46', 'D5', 'D50', 'D51', 'D52', 'D55', 'D6', 'D61', 'D62']","['D1', 'D10', 'D14', 'D19', 'D2', 'D23', 'D25', 'D28', 'D29', 'D3', 'D37', 'D38', 'D4', 'D41', 'D43', 'D44', 'D45', 'D46', 'D5', 'D50', 'D51', 'D52', 'D55', 'D6', 'D61', 'D62']"
1,B37,['D56'],"['D51', 'D57', 'D58']","['D1', 'D10', 'D14', 'D19', 'D2', 'D23', 'D25', 'D28', 'D29', 'D3', 'D37', 'D38', 'D4', 'D41', 'D43', 'D44', 'D45', 'D46', 'D5', 'D50', 'D51', 'D52', 'D55', 'D6', 'D61', 'D62']","['D1', 'D10', 'D14', 'D19', 'D2', 'D23', 'D25', 'D28', 'D29', 'D3', 'D37', 'D38', 'D4', 'D41', 'D43', 'D44', 'D45', 'D46', 'D5', 'D50', 'D52', 'D55', 'D56', 'D6', 'D61', 'D62']"
1,B38,[],[],"['D1', 'D10', 'D14', 'D19', 'D2', 'D23', 'D25', 'D28', 'D29', 'D3', 'D37', 'D38', 'D4', 'D41', 'D43', 'D44', 'D45', 'D46', 'D5', 'D50', 'D51', 'D52', 'D55', 'D56', 'D6', 'D61', 'D62']","['D1', 'D10', 'D14', 'D19', 'D2', 'D23', 'D25', 'D28', 'D29', 'D3', 'D37', 'D38', 'D4', 'D41', 'D43', 'D44', 'D45', 'D46', 'D5', 'D50', 'D51', 'D52', 'D55', 'D56', 'D6', 'D61', 'D62']"
1,B39,"['D58', 'D59', 'D60']","['D51', 'D56', 'D57', 'D63', 'D64']","['D1', 'D10', 'D14', 'D19', 'D2', 'D23', 'D25', 'D28', 'D29', 'D3', 'D37', 'D38', 'D4', 'D41', 'D43', 'D44', 'D45', 'D46', 'D5', 'D50', 'D51', 'D52', 'D6']","['D1', 'D10', 'D14', 'D19', 'D2', 'D23', 'D25', 'D28', 'D29', 'D3', 'D37', 'D38', 'D4', 'D41', 'D43', 'D44', 'D45', 'D46', 'D5', 'D50', 'D52', 'D58', 'D59', 'D6', 'D60']"
1,B40,[],[],"['D1', 'D10', 'D14', 'D19', 'D2', 'D23', 'D25', 'D28', 'D29', 'D3', 'D37', 'D38', 'D4', 'D41', 'D43', 'D44', 'D45', 'D46', 'D5', 'D50', 'D52', 'D58', 'D59', 'D6', 'D60']","['D1', 'D10', 'D14', 'D19', 'D2', 'D23', 'D25', 'D28', 'D29', 'D3', 'D37', 'D38', 'D4', 'D41', 'D43', 'D44', 'D45', 'D46', 'D5', 'D50', 'D52', 'D58', 'D59', 'D6', 'D60']"
1,B41,"['D61', 'D62']","['D39', 'D47', 'D48', 'D53', 'D54', 'D8']","['D1', 'D10', 'D14', 'D19', 'D2', 'D23', 'D25', 'D28', 'D29', 'D3', 'D37', 'D38', 'D4', 'D41', 'D43', 'D44', 'D45', 'D46', 'D5', 'D50', 'D52', 'D58', 'D59', 'D6', 'D60']","['D1', 'D10', 'D14', 'D19', 'D2', 'D23', 'D25', 'D28', 'D29', 'D3', 'D37', 'D38', 'D4', 'D41', 'D43', 'D44', 'D45', 'D46', 'D5', 'D50', 'D52', 'D58', 'D59', 'D6', 'D60', 'D61', 'D62']"
1,B42,[],[],"['D1', 'D10', 'D14', 'D19', 'D2', 'D23', 'D25', 'D28', 'D29', 'D3', 'D37', 'D38', 'D4', 'D41', 'D43', 'D44', 'D45', 'D46', 'D5', 'D50', 'D52', 'D58', 'D59', 'D6', 'D60', 'D61', 'D62']","['D1', 'D10', 'D14', 'D19', 'D2', 'D23', 'D25', 'D28', 'D29', 'D3', 'D37', 'D38', 'D4', 'D41', 'D43', 'D44', 'D45', 'D46', 'D5', 'D50', 'D52', 'D58', 'D59', 'D6', 'D60', 'D61', 'D62']"
1,B43,['D63'],['D60'],"['D1', 'D10', 'D14', 'D19', 'D2', 'D23', 'D25', 'D28', 'D29', 'D3', 'D37', 'D38', 'D4', 'D41', 'D43', 'D44', 'D45', 'D46', 'D5', 'D50', 'D52', 'D58', 'D59', 'D6', 'D60', 'D61', 'D62']","['D1', 'D10', 'D14', 'D19', 'D2', 'D23', 'D25', 'D28', 'D29', 'D3', 'D37', 'D38', 'D4', 'D41', 'D43', 'D44', 'D45', 'D46', 'D5', 'D50', 'D52', 'D58', 'D59', 'D6', 'D61', 'D62', 'D63']"
1,B44,[],[],"['D1', 'D10', 'D14', 'D19', 'D2', 'D23', 'D25', 'D28', 'D29', 'D3', 'D37', 'D38', 'D4', 'D41', 'D43', 'D44', 'D45', 'D46', 'D5', 'D50', 'D52', 'D58', 'D59', 'D6', 'D60', 'D61', 'D62', 'D63']","['D1', 'D10', 'D14', 'D19', 'D2', 'D23', 'D25', 'D28', 'D29', 'D3', 'D37', 'D38', 'D4', 'D41', 'D43', 'D44', 'D45', 'D46', 'D5', 'D50', 'D52', 'D58', 'D59', 'D6', 'D60', 'D61', 'D62', 'D63']"
1,B45,"['D64', 'D65', 'D66']","['D59', 'D69']","['D1', 'D10', 'D14', 'D19', 'D2', 'D23', 'D25', 'D28', 'D29', 'D3', 'D37', 'D38', 'D4', 'D41', 'D43', 'D44', 'D45', 'D46', 'D5', 'D50', 'D52', 'D58', 'D59', 'D6', 'D60']","['D1', 'D10', 'D14', 'D19', 'D2', 'D23', 'D25', 'D28', 'D29', 'D3', 'D37', 'D38', 'D4', 'D41', 'D43', 'D44', 'D45', 'D46', 'D5', 'D50', 'D52', 'D58', 'D6', 'D60', 'D64', 'D65', 'D66']"
1,B46,[],[],"['D1', 'D10', 'D14', 'D19', 'D2', 'D23', 'D25', 'D28', 'D29', 'D3', 'D37', 'D38', 'D4', 'D41', 'D43', 'D44', 'D45', 'D46', 'D5', 'D50', 'D52', 'D58', 'D6', 'D60', 'D64', 'D65', 'D66']","['D1', 'D10', 'D14', 'D19', 'D2', 'D23', 'D25', 'D28', 'D29', 'D3', 'D37', 'D38', 'D4', 'D41', 'D43', 'D44', 'D45', 'D46', 'D5', 'D50', 'D52', 'D58', 'D6', 'D60', 'D64', 'D65', 'D66']"
1,B47,['D67'],"['D100', 'D104', 'D68']","['D1', 'D10', 'D14', 'D19', 'D2', 'D23', 'D25', 'D28', 'D29', 'D3', 'D37', 'D38', 'D4', 'D41', 'D43', 'D44', 'D45', 'D46', 'D5', 'D50', 'D52', 'D58', 'D6', 'D60', 'D64', 'D65', 'D66']","['D1', 'D10', 'D14', 'D19', 'D2', 'D23', 'D25', 'D28', 'D29', 'D3', 'D37', 'D38', 'D4', 'D41', 'D43', 'D44', 'D45', 'D46', 'D5', 'D50', 'D52', 'D58', 'D6', 'D60', 'D64', 'D65', 'D66', 'D67']"
1,B48,[],[],"['D1', 'D10', 'D14', 'D19', 'D2', 'D23', 'D25', 'D28', 'D29', 'D3', 'D37', 'D38', 'D4', 'D41', 'D43', 'D44', 'D45', 'D46', 'D5', 'D50', 'D52', 'D58', 'D6', 'D60', 'D64', 'D65', 'D66', 'D67']","['D1', 'D10', 'D14', 'D19', 'D2', 'D23', 'D25', 'D28', 'D29', 'D3', 'D37', 'D38', 'D4', 'D41', 'D43', 'D44', 'D45', 'D46', 'D5', 'D50', 'D52', 'D58', 'D6', 'D60', 'D64', 'D65', 'D66', 'D67']"
1,B49,['D68'],"['D100', 'D104', 'D67']","['D1', 'D10', 'D14', 'D19', 'D2', 'D23', 'D25', 'D28', 'D29', 'D3', 'D37', 'D38', 'D4', 'D41', 'D43', 'D44', 'D45', 'D46', 'D5', 'D50', 'D52', 'D58', 'D6', 'D60', 'D64', 'D65', 'D66', 'D67']","['D1', 'D10', 'D14', 'D19', 'D2', 'D23', 'D25', 'D28', 'D29', 'D3', 'D37', 'D38', 'D4', 'D41', 'D43', 'D44', 'D45', 'D46', 'D5', 'D50', 'D52', 'D58', 'D6', 'D60', 'D64', 'D65', 'D66', 'D68']"
1,B50,['D69'],['D65'],"['D1', 'D10', 'D14', 'D19', 'D2', 'D23', 'D25', 'D28', 'D29', 'D3', 'D37', 'D38', 'D4', 'D41', 'D43', 'D44', 'D45', 'D46', 'D5', 'D50', 'D52', 'D58', 'D6', 'D60', 'D64', 'D65', 'D66', 'D67', 'D68']","['D1', 'D10', 'D14', 'D19', 'D2', 'D23', 'D25', 'D28', 'D29', 'D3', 'D37', 'D38', 'D4', 'D41', 'D43', 'D44', 'D45', 'D46', 'D5', 'D50', 'D52', 'D58', 'D6', 'D60', 'D64', 'D66', 'D67', 'D68', 'D69']"
1,B51,"['D70', 'D71']",['D72'],"['D1', 'D10', 'D14', 'D19', 'D2', 'D23', 'D25', 'D28', 'D29', 'D3', 'D37', 'D38', 'D4', 'D41', 'D43', 'D44', 'D45', 'D46', 'D5', 'D50', 'D52', 'D58', 'D6', 'D60', 'D64', 'D65', 'D66']","['D1', 'D10', 'D14', 'D19', 'D2', 'D23', 'D25', 'D28', 'D29', 'D3', 'D37', 'D38', 'D4', 'D41', 'D43', 'D44', 'D45', 'D46', 'D5', 'D50', 'D52', 'D58', 'D6', 'D60', 'D64', 'D65', 'D66', 'D70', 'D71']"
1,B52,[],[],"['D1', 'D10', 'D14', 'D19', 'D2', 'D23', 'D25', 'D28', 'D29', 'D3', 'D37', 'D38', 'D4', 'D41', 'D43', 'D44', 'D45', 'D46', 'D5', 'D50', 'D52', 'D58', 'D6', 'D60', 'D64', 'D65', 'D66', 'D70', 'D71']","['D1', 'D10', 'D14', 'D19', 'D2', 'D23', 'D25', 'D28', 'D29', 'D3', 'D37', 'D38', 'D4', 'D41', 'D43', 'D44', 'D45', 'D46', 'D5', 'D50', 'D52', 'D58', 'D6', 'D60', 'D64', 'D65', 'D66', 'D70', 'D71']"
1,B53,['D72'],['D70'],"['D1', 'D10', 'D14', 'D19', 'D2', 'D23', 'D25', 'D28', 'D29', 'D3', 'D37', 'D38', 'D4', 'D41', 'D43', 'D44', 'D45', 'D46', 'D5', 'D50', 'D52', 'D58', 'D6', 'D60', 'D64', 'D65', 'D66', 'D70', 'D71']","['D1', 'D10', 'D14', 'D19', 'D2', 'D23', 'D25', 'D28', 'D29', 'D3', 'D37', 'D38', 'D4', 'D41', 'D43', 'D44', 'D45', 'D46', 'D5', 'D50', 'D52', 'D58', 'D6', 'D60', 'D64', 'D65', 'D66', 'D71', 'D72']"
1,B54,['D73'],['D74'],"['D1', 'D10', 'D14', 'D19', 'D2', 'D23', 'D25', 'D28', 'D29', 'D3', 'D37', 'D38', 'D4', 'D41', 'D43', 'D44', 'D45', 'D46', 'D5', 'D50', 'D52', 'D58', 'D6', 'D60', 'D64', 'D65', 'D66', 'D70', 'D71']","['D1', 'D10', 'D14', 'D19', 'D2', 'D23', 'D25', 'D28', 'D29', 'D3', 'D37', 'D38', 'D4', 'D41', 'D43', 'D44', 'D45', 'D46', 'D5', 'D50', 'D52', 'D58', 'D6', 'D60', 'D64', 'D65', 'D66', 'D70', 'D71', 'D73']"
1,B55,[],[],"['D1', 'D10', 'D14', 'D19', 'D2', 'D23', 'D25', 'D28', 'D29', 'D3', 'D37', 'D38', 'D4', 'D41', 'D43', 'D44', 'D45', 'D46', 'D5', 'D50', 'D52', 'D58', 'D6', 'D60', 'D64', 'D65', 'D66', 'D70', 'D71', 'D73']","['D1', 'D10', 'D14', 'D19', 'D2', 'D23', 'D25', 'D28', 'D29', 'D3', 'D37', 'D38', 'D4', 'D41', 'D43', 'D44', 'D45', 'D46', 'D5', 'D50', 'D52', 'D58', 'D6', 'D60', 'D64', 'D65', 'D66', 'D70', 'D71', 'D73']"
1,B56,[],[],"['D1', 'D10', 'D14', 'D19', 'D2', 'D23', 'D25', 'D28', 'D29', 'D3', 'D37', 'D38', 'D4', 'D41', 'D43', 'D44', 'D45', 'D46', 'D5', 'D50', 'D52', 'D58', 'D6', 'D60', 'D64', 'D65', 'D66', 'D70', 'D71', 'D73']","['D1', 'D10', 'D14', 'D19', 'D2', 'D23', 'D25', 'D28', 'D29', 'D3', 'D37', 'D38', 'D4', 'D41', 'D43', 'D44', 'D45', 'D46', 'D5', 'D50', 'D52', 'D58', 'D6', 'D60', 'D64', 'D65', 'D66', 'D70', 'D71', 'D73']"
1,B57,[],[],"['D1', 'D10', 'D14', 'D19', 'D2', 'D23', 'D25', 'D28', 'D29', 'D3', 'D37', 'D38', 'D4', 'D41', 'D43', 'D44', 'D45', 'D46', 'D5', 'D50', 'D52', 'D58', 'D6', 'D60', 'D64', 'D65', 'D66', 'D70', 'D71', 'D73']","['D1', 'D10', 'D14', 'D19', 'D2', 'D23', 'D25', 'D28', 'D29', 'D3', 'D37', 'D38', 'D4', 'D41', 'D43', 'D44', 'D45', 'D46', 'D5', 'D50', 'D52', 'D58', 'D6', 'D60', 'D64', 'D65', 'D66', 'D70', 'D71', 'D73']"
1,B58,['D74'],['D73'],"['D1', 'D10', 'D14', 'D19', 'D2', 'D23', 'D25', 'D28', 'D29', 'D3', 'D37', 'D38', 'D4', 'D41', 'D43', 'D44', 'D45', 'D46', 'D5', 'D50', 'D52', 'D58', 'D6', 'D60', 'D64', 'D65', 'D66', 'D70', 'D71', 'D73']","['D1', 'D10', 'D14', 'D19', 'D2', 'D23', 'D25', 'D28', 'D29', 'D3', 'D37', 'D38', 'D4', 'D41', 'D43', 'D44', 'D45', 'D46', 'D5', 'D50', 'D52', 'D58', 'D6', 'D60', 'D64', 'D65', 'D66', 'D70', 'D71', 'D74']"
1,B59,[],[],"['D1', 'D10', 'D14', 'D19', 'D2', 'D23', 'D25', 'D28', 'D29', 'D3', 'D37', 'D38', 'D4', 'D41', 'D43', 'D44', 'D45', 'D46', 'D5', 'D50', 'D52', 'D58', 'D6', 'D60', 'D64', 'D65', 'D66', 'D70', 'D71', 'D73']","['D1', 'D10', 'D14', 'D19', 'D2', 'D23', 'D25', 'D28', 'D29', 'D3', 'D37', 'D38', 'D4', 'D41', 'D43', 'D44', 'D45', 'D46', 'D5', 'D50', 'D52', 'D58', 'D6', 'D60', 'D64', 'D65', 'D66', 'D70', 'D71', 'D73']"
1,B60,[],[],"['D1', 'D10', 'D14', 'D19', 'D2', 'D23', 'D25', 'D28', 'D29', 'D3', 'D37', 'D38', 'D4', 'D41', 'D43', 'D44', 'D45', 'D46', 'D5', 'D50', 'D52', 'D58', 'D6', 'D60', 'D64', 'D65', 'D66', 'D70', 'D71', 'D73']","['D1', 'D10', 'D14', 'D19', 'D2', 'D23', 'D25', 'D28', 'D29', 'D3', 'D37', 'D38', 'D4', 'D41', 'D43', 'D44', 'D45', 'D46', 'D5', 'D50', 'D52', 'D58', 'D6', 'D60', 'D64', 'D65', 'D66', 'D70', 'D71', 'D73']"
1,B61,"['D75', 'D76', 'D77']","['D80', 'D81', 'D82']","['D1', 'D10', 'D14', 'D19', 'D2', 'D23', 'D25', 'D28', 'D29', 'D3', 'D37', 'D38', 'D4', 'D41', 'D43', 'D44', 'D45', 'D46', 'D5', 'D50', 'D52', 'D58', 'D6', 'D60', 'D64', 'D65', 'D66', 'D70', 'D71', 'D73']","['D1', 'D10', 'D14', 'D19', 'D2', 'D23', 'D25', 'D28', 'D29', 'D3', 'D37', 'D38', 'D4', 'D41', 'D43', 'D44', 'D45', 'D46', 'D5', 'D50', 'D52', 'D58', 'D6', 'D60', 'D64', 'D65', 'D66', 'D70', 'D71', 'D73', 'D75', 'D76', 'D77']"
1,B62,[],[],"['D1', 'D10', 'D14', 'D19', 'D2', 'D23', 'D25', 'D28', 'D29', 'D3', 'D37', 'D38', 'D4', 'D41', 'D43', 'D44', 'D45', 'D46', 'D5', 'D50', 'D52', 'D58', 'D6', 'D60', 'D64', 'D65', 'D66', 'D70', 'D71', 'D73', 'D75', 'D76', 'D77']","['D1', 'D10', 'D14', 'D19', 'D2', 'D23', 'D25', 'D28', 'D29', 'D3', 'D37', 'D38', 'D4', 'D41', 'D43', 'D44', 'D45', 'D46', 'D5', 'D50', 'D52', 'D58', 'D6', 'D60', 'D64', 'D65', 'D66', 'D70', 'D71', 'D73', 'D75', 'D76', 'D77']"
1,B63,"['D78', 'D79', 'D80', 'D81']","['D75', 'D77', 'D82']","['D1', 'D10', 'D14', 'D19', 'D2', 'D23', 'D25', 'D28', 'D29', 'D3', 'D37', 'D38', 'D4', 'D41', 'D43', 'D44', 'D45', 'D46', 'D5', 'D50', 'D52', 'D58', 'D6', 'D60', 'D64', 'D65', 'D66', 'D70', 'D71', 'D73', 'D75', 'D76', 'D77']","['D1', 'D10', 'D14', 'D19', 'D2', 'D23', 'D25', 'D28', 'D29', 'D3', 'D37', 'D38', 'D4', 'D41', 'D43', 'D44', 'D45', 'D46', 'D5', 'D50', 'D52', 'D58', 'D6', 'D60', 'D64', 'D65', 'D66', 'D70', 'D71', 'D73', 'D76', 'D78', 'D79', 'D80', 'D81']"
1,B64,"['D82', 'D83', 'D84']","['D75', 'D80', 'D86']","['D1', 'D10', 'D14', 'D19', 'D2', 'D23', 'D25', 'D28', 'D29', 'D3', 'D37', 'D38', 'D4', 'D41', 'D43', 'D44', 'D45', 'D46', 'D5', 'D50', 'D52', 'D58', 'D6', 'D60', 'D64', 'D65', 'D66', 'D70', 'D71', 'D73', 'D75', 'D76', 'D77']","['D1', 'D10', 'D14', 'D19', 'D2', 'D23', 'D25', 'D28', 'D29', 'D3', 'D37', 'D38', 'D4', 'D41', 'D43', 'D44', 'D45', 'D46', 'D5', 'D50', 'D52', 'D58', 'D6', 'D60', 'D64', 'D65', 'D66', 'D70', 'D71', 'D73', 'D76', 'D77', 'D82', 'D83', 'D84']"
1,B65,[],[],"['D1', 'D10', 'D14', 'D19', 'D2', 'D23', 'D25', 'D28', 'D29', 'D3', 'D37', 'D38', 'D4', 'D41', 'D43', 'D44', 'D45', 'D46', 'D5', 'D50', 'D52', 'D58', 'D6', 'D60', 'D64', 'D65', 'D66', 'D70', 'D71', 'D73', 'D76', 'D77', 'D82', 'D83', 'D84']","['D1', 'D10', 'D14', 'D19', 'D2', 'D23', 'D25', 'D28', 'D29', 'D3', 'D37', 'D38', 'D4', 'D41', 'D43', 'D44', 'D45', 'D46', 'D5', 'D50', 'D52', 'D58', 'D6', 'D60', 'D64', 'D65', 'D66', 'D70', 'D71', 'D73', 'D76', 'D77', 'D82', 'D83', 'D84']"
1,B66,[],[],"['D1', 'D10', 'D14', 'D19', 'D2', 'D23', 'D25', 'D28', 'D29', 'D3', 'D37', 'D38', 'D4', 'D41', 'D43', 'D44', 'D45', 'D46', 'D5', 'D50', 'D52', 'D58', 'D6', 'D60', 'D64', 'D65', 'D66', 'D70', 'D71', 'D73', 'D76', 'D77', 'D82', 'D83', 'D84']","['D1', 'D10', 'D14', 'D19', 'D2', 'D23', 'D25', 'D28', 'D29', 'D3', 'D37', 'D38', 'D4', 'D41', 'D43', 'D44', 'D45', 'D46', 'D5', 'D50', 'D52', 'D58', 'D6', 'D60', 'D64', 'D65', 'D66', 'D70', 'D71', 'D73', 'D76', 'D77', 'D82', 'D83', 'D84']"
1,B67,['D85'],[],"['D1', 'D10', 'D14', 'D19', 'D2', 'D23', 'D25', 'D28', 'D29', 'D3', 'D37', 'D38', 'D4', 'D41', 'D43', 'D44', 'D45', 'D46', 'D5', 'D50', 'D52', 'D58', 'D6', 'D60', 'D64', 'D65', 'D66', 'D70', 'D71', 'D73', 'D76', 'D77', 'D82', 'D83', 'D84']","['D1', 'D10', 'D14', 'D19', 'D2', 'D23', 'D25', 'D28', 'D29', 'D3', 'D37', 'D38', 'D4', 'D41', 'D43', 'D44', 'D45', 'D46', 'D5', 'D50', 'D52', 'D58', 'D6', 'D60', 'D64', 'D65', 'D66', 'D70', 'D71', 'D73', 'D76', 'D77', 'D82', 'D83', 'D84', 'D85']"
1,B68,[],[],"['D1', 'D10', 'D14', 'D19', 'D2', 'D23', 'D25', 'D28', 'D29', 'D3', 'D37', 'D38', 'D4', 'D41', 'D43', 'D44', 'D45', 'D46', 'D5', 'D50', 'D52', 'D58', 'D6', 'D60', 'D64', 'D65', 'D66', 'D70', 'D71', 'D73', 'D76', 'D77', 'D82', 'D83', 'D84']","['D1', 'D10', 'D14', 'D19', 'D2', 'D23', 'D25', 'D28', 'D29', 'D3', 'D37', 'D38', 'D4', 'D41', 'D43', 'D44', 'D45', 'D46', 'D5', 'D50', 'D52', 'D58', 'D6', 'D60', 'D64', 'D65', 'D66', 'D70', 'D71', 'D73', 'D76', 'D77', 'D82', 'D83', 'D84']"
1,B69,[],[],"['D1', 'D10', 'D14', 'D19', 'D2', 'D23', 'D25', 'D28', 'D29', 'D3', 'D37', 'D38', 'D4', 'D41', 'D43', 'D44', 'D45', 'D46', 'D5', 'D50', 'D52', 'D58', 'D6', 'D60', 'D64', 'D65', 'D66', 'D70', 'D71', 'D73', 'D76', 'D77', 'D82', 'D83', 'D84']","['D1', 'D10', 'D14', 'D19', 'D2', 'D23', 'D25', 'D28', 'D29', 'D3', 'D37', 'D38', 'D4', 'D41', 'D43', 'D44', 'D45', 'D46', 'D5', 'D50', 'D52', 'D58', 'D6', 'D60', 'D64', 'D65', 'D66', 'D70', 'D71', 'D73', 'D76', 'D77', 'D82', 'D83', 'D84']"
1,B70,[],[],"['D1', 'D10', 'D14', 'D19', 'D2', 'D23', 'D25', 'D28', 'D29', 'D3', 'D37', 'D38', 'D4', 'D41', 'D43', 'D44', 'D45', 'D46', 'D5', 'D50', 'D52', 'D58', 'D6', 'D60', 'D64', 'D65', 'D66', 'D70', 'D71', 'D73', 'D76', 'D77', 'D82', 'D83', 'D84']","['D1', 'D10', 'D14', 'D19', 'D2', 'D23', 'D25', 'D28', 'D29', 'D3', 'D37', 'D38', 'D4', 'D41', 'D43', 'D44', 'D45', 'D46', 'D5', 'D50', 'D52', 'D58', 'D6', 'D60', 'D64', 'D65', 'D66', 'D70', 'D71', 'D73', 'D76', 'D77', 'D82', 'D83', 'D84']"
1,B71,['D86'],['D83'],"['D1', 'D10', 'D14', 'D19', 'D2', 'D23', 'D25', 'D28', 'D29', 'D3', 'D37', 'D38', 'D4', 'D41', 'D43', 'D44', 'D45', 'D46', 'D5', 'D50', 'D52', 'D58', 'D6', 'D60', 'D64', 'D65', 'D66', 'D70', 'D71', 'D73', 'D76', 'D77', 'D82', 'D83', 'D84']","['D1', 'D10', 'D14', 'D19', 'D2', 'D23', 'D25', 'D28', 'D29', 'D3', 'D37', 'D38', 'D4', 'D41', 'D43', 'D44', 'D45', 'D46', 'D5', 'D50', 'D52', 'D58', 'D6', 'D60', 'D64', 'D65', 'D66', 'D70', 'D71', 'D73', 'D76', 'D77', 'D82', 'D84', 'D86']"
1,B72,[],[],"['D1', 'D10', 'D14', 'D19', 'D2', 'D23', 'D25', 'D28', 'D29', 'D3', 'D37', 'D38', 'D4', 'D41', 'D43', 'D44', 'D45', 'D46', 'D5', 'D50', 'D52', 'D58', 'D6', 'D60', 'D64', 'D65', 'D66', 'D70', 'D71', 'D73', 'D76', 'D77', 'D82', 'D83', 'D84']","['D1', 'D10', 'D14', 'D19', 'D2', 'D23', 'D25', 'D28', 'D29', 'D3', 'D37', 'D38', 'D4', 'D41', 'D43', 'D44', 'D45', 'D46', 'D5', 'D50', 'D52', 'D58', 'D6', 'D60', 'D64', 'D65', 'D66', 'D70', 'D71', 'D73', 'D76', 'D77', 'D82', 'D83', 'D84']"
1,B73,"['D87', 'D88', 'D89']","['D1', 'D91', 'D92', 'D93', 'D94', 'D95']","['D1', 'D10', 'D14', 'D19', 'D2', 'D23', 'D25', 'D28', 'D29', 'D3', 'D37', 'D38', 'D4', 'D41', 'D43', 'D44', 'D45', 'D46', 'D5', 'D50', 'D52', 'D58', 'D6', 'D60', 'D64', 'D65', 'D66', 'D70', 'D71', 'D73', 'D76', 'D77', 'D82', 'D83', 'D84']","['D10', 'D14', 'D19', 'D2', 'D23', 'D25', 'D28', 'D29', 'D3', 'D37', 'D38', 'D4', 'D41', 'D43', 'D44', 'D45', 'D46', 'D5', 'D50', 'D52', 'D58', 'D6', 'D60', 'D64', 'D65', 'D66', 'D70', 'D71', 'D73', 'D76', 'D77', 'D82', 'D83', 'D84', 'D87', 'D88', 'D89']"
1,B74,[],[],"['D10', 'D14', 'D19', 'D2', 'D23', 'D25', 'D28', 'D29', 'D3', 'D37', 'D38', 'D4', 'D41', 'D43', 'D44', 'D45', 'D46', 'D5', 'D50', 'D52', 'D58', 'D6', 'D60', 'D64', 'D65', 'D66', 'D70', 'D71', 'D73', 'D76', 'D77', 'D82', 'D83', 'D84', 'D87', 'D88', 'D89']","['D10', 'D14', 'D19', 'D2', 'D23', 'D25', 'D28', 'D29', 'D3', 'D37', 'D38', 'D4', 'D41', 'D43', 'D44', 'D45', 'D46', 'D5', 'D50', 'D52', 'D58', 'D6', 'D60', 'D64', 'D65', 'D66', 'D70', 'D71', 'D73', 'D76', 'D77', 'D82', 'D83', 'D84', 'D87', 'D88', 'D89']"
1,B75,"['D90', 'D91', 'D92', 'D93']","['D1', 'D26', 'D87', 'D88', 'D89', 'D94', 'D95']","['D10', 'D14', 'D19', 'D2', 'D23', 'D25', 'D28', 'D29', 'D3', 'D37', 'D38', 'D4', 'D41', 'D43', 'D44', 'D45', 'D46', 'D5', 'D50', 'D52', 'D58', 'D6', 'D60', 'D64', 'D65', 'D66', 'D70', 'D71', 'D73', 'D76', 'D77', 'D82', 'D83', 'D84', 'D87', 'D88', 'D89']","['D10', 'D14', 'D19', 'D2', 'D23', 'D25', 'D28', 'D29', 'D3', 'D37', 'D38', 'D4', 'D41', 'D43', 'D44', 'D45', 'D46', 'D5', 'D50', 'D52', 'D58', 'D6', 'D60', 'D64', 'D65', 'D66', 'D70', 'D71', 'D73', 'D76', 'D77', 'D82', 'D83', 'D84', 'D90', 'D91', 'D92', 'D93']"
1,B76,"['D95', 'D96']","['D88', 'D91', 'D94', 'D97', 'D98']","['D10', 'D14', 'D19', 'D2', 'D23', 'D25', 'D28', 'D29', 'D3', 'D37', 'D38', 'D4', 'D41', 'D43', 'D44', 'D45', 'D46', 'D5', 'D50', 'D52', 'D58', 'D6', 'D60', 'D64', 'D65', 'D66', 'D70', 'D71', 'D73', 'D76', 'D77', 'D82', 'D83', 'D84', 'D87', 'D88', 'D89']","['D10', 'D14', 'D19', 'D2', 'D23', 'D25', 'D28', 'D29', 'D3', 'D37', 'D38', 'D4', 'D41', 'D43', 'D44', 'D45', 'D46', 'D5', 'D50', 'D52', 'D58', 'D6', 'D60', 'D64', 'D65', 'D66', 'D70', 'D71', 'D73', 'D76', 'D77', 'D82', 'D83', 'D84', 'D87', 'D89', 'D95', 'D96']"
1,B77,[],[],"['D10', 'D14', 'D19', 'D2', 'D23', 'D25', 'D28', 'D29', 'D3', 'D37', 'D38', 'D4', 'D41', 'D43', 'D44', 'D45', 'D46', 'D5', 'D50', 'D52', 'D58', 'D6', 'D60', 'D64', 'D65', 'D66', 'D70', 'D71', 'D73', 'D76', 'D77', 'D82', 'D83', 'D84', 'D87', 'D89', 'D95', 'D96']","['D10', 'D14', 'D19', 'D2', 'D23', 'D25', 'D28', 'D29', 'D3', 'D37', 'D38', 'D4', 'D41', 'D43', 'D44', 'D45', 'D46', 'D5', 'D50', 'D52', 'D58', 'D6', 'D60', 'D64', 'D65', 'D66', 'D70', 'D71', 'D73', 'D76', 'D77', 'D82', 'D83', 'D84', 'D87', 'D89', 'D95', 'D96']"
1,B78,[],[],"['D10', 'D14', 'D19', 'D2', 'D23', 'D25', 'D28', 'D29', 'D3', 'D37', 'D38', 'D4', 'D41', 'D43', 'D44', 'D45', 'D46', 'D5', 'D50', 'D52', 'D58', 'D6', 'D60', 'D64', 'D65', 'D66', 'D70', 'D71', 'D73', 'D76', 'D77', 'D82', 'D83', 'D84', 'D87', 'D89', 'D95', 'D96']","['D10', 'D14', 'D19', 'D2', 'D23', 'D25', 'D28', 'D29', 'D3', 'D37', 'D38', 'D4', 'D41', 'D43', 'D44', 'D45', 'D46', 'D5', 'D50', 'D52', 'D58', 'D6', 'D60', 'D64', 'D65', 'D66', 'D70', 'D71', 'D73', 'D76', 'D77', 'D82', 'D83', 'D84', 'D87', 'D89', 'D95', 'D96']"
1,B79,[],[],"['D10', 'D14', 'D19', 'D2', 'D23', 'D25', 'D28', 'D29', 'D3', 'D37', 'D38', 'D4', 'D41', 'D43', 'D44', 'D45', 'D46', 'D5', 'D50', 'D52', 'D58', 'D6', 'D60', 'D64', 'D65', 'D66', 'D70', 'D71', 'D73', 'D76', 'D77', 'D82', 'D83', 'D84', 'D87', 'D89', 'D95', 'D96']","['D10', 'D14', 'D19', 'D2', 'D23', 'D25', 'D28', 'D29', 'D3', 'D37', 'D38', 'D4', 'D41', 'D43', 'D44', 'D45', 'D46', 'D5', 'D50', 'D52', 'D58', 'D6', 'D60', 'D64', 'D65', 'D66', 'D70', 'D71', 'D73', 'D76', 'D77', 'D82', 'D83', 'D84', 'D87', 'D89', 'D95', 'D96']"
1,B80,['D97'],"['D96', 'D98']","['D10', 'D14', 'D19', 'D2', 'D23', 'D25', 'D28', 'D29', 'D3', 'D37', 'D38', 'D4', 'D41', 'D43', 'D44', 'D45', 'D46', 'D5', 'D50', 'D52', 'D58', 'D6', 'D60', 'D64', 'D65', 'D66', 'D70', 'D71', 'D73', 'D76', 'D77', 'D82', 'D83', 'D84', 'D87', 'D89', 'D95', 'D96']","['D10', 'D14', 'D19', 'D2', 'D23', 'D25', 'D28', 'D29', 'D3', 'D37', 'D38', 'D4', 'D41', 'D43', 'D44', 'D45', 'D46', 'D5', 'D50', 'D52', 'D58', 'D6', 'D60', 'D64', 'D65', 'D66', 'D70', 'D71', 'D73', 'D76', 'D77', 'D82', 'D83', 'D84', 'D87', 'D89', 'D95', 'D97']"
1,B81,[],[],"['D10', 'D14', 'D19', 'D2', 'D23', 'D25', 'D28', 'D29', 'D3', 'D37', 'D38', 'D4', 'D41', 'D43', 'D44', 'D45', 'D46', 'D5', 'D50', 'D52', 'D58', 'D6', 'D60', 'D64', 'D65', 'D66', 'D70', 'D71', 'D73', 'D76', 'D77', 'D82', 'D83', 'D84', 'D87', 'D89', 'D95', 'D97']","['D10', 'D14', 'D19', 'D2', 'D23', 'D25', 'D28', 'D29', 'D3', 'D37', 'D38', 'D4', 'D41', 'D43', 'D44', 'D45', 'D46', 'D5', 'D50', 'D52', 'D58', 'D6', 'D60', 'D64', 'D65', 'D66', 'D70', 'D71', 'D73', 'D76', 'D77', 'D82', 'D83', 'D84', 'D87', 'D89', 'D95', 'D97']"
1,B82,['D98'],"['D96', 'D97']","['D10', 'D14', 'D19', 'D2', 'D23', 'D25', 'D28', 'D29', 'D3', 'D37', 'D38', 'D4', 'D41', 'D43', 'D44', 'D45', 'D46', 'D5', 'D50', 'D52', 'D58', 'D6', 'D60', 'D64', 'D65', 'D66', 'D70', 'D71', 'D73', 'D76', 'D77', 'D82', 'D83', 'D84', 'D87', 'D89', 'D95', 'D96']","['D10', 'D14', 'D19', 'D2', 'D23', 'D25', 'D28', 'D29', 'D3', 'D37', 'D38', 'D4', 'D41', 'D43', 'D44', 'D45', 'D46', 'D5', 'D50', 'D52', 'D58', 'D6', 'D60', 'D64', 'D65', 'D66', 'D70', 'D71', 'D73', 'D76', 'D77', 'D82', 'D83', 'D84', 'D87', 'D89', 'D95', 'D98']"
1,B83,[],[],"['D10', 'D14', 'D19', 'D2', 'D23', 'D25', 'D28', 'D29', 'D3', 'D37', 'D38', 'D4', 'D41', 'D43', 'D44', 'D45', 'D46', 'D5', 'D50', 'D52', 'D58', 'D6', 'D60', 'D64', 'D65', 'D66', 'D70', 'D71', 'D73', 'D76', 'D77', 'D82', 'D83', 'D84', 'D87', 'D89', 'D95', 'D96']","['D10', 'D14', 'D19', 'D2', 'D23', 'D25', 'D28', 'D29', 'D3', 'D37', 'D38', 'D4', 'D41', 'D43', 'D44', 'D45', 'D46', 'D5', 'D50', 'D52', 'D58', 'D6', 'D60', 'D64', 'D65', 'D66', 'D70', 'D71', 'D73', 'D76', 'D77', 'D82', 'D83', 'D84', 'D87', 'D89', 'D95', 'D96']"
1,B84,['D99'],['D101'],"['D10', 'D14', 'D19', 'D2', 'D23', 'D25', 'D28', 'D29', 'D3', 'D37', 'D38', 'D4', 'D41', 'D43', 'D44', 'D45', 'D46', 'D5', 'D50', 'D52', 'D58', 'D6', 'D60', 'D64', 'D65', 'D66', 'D70', 'D71', 'D73', 'D76', 'D77', 'D82', 'D83', 'D84', 'D87', 'D89', 'D95', 'D96']","['D10', 'D14', 'D19', 'D2', 'D23', 'D25', 'D28', 'D29', 'D3', 'D37', 'D38', 'D4', 'D41', 'D43', 'D44', 'D45', 'D46', 'D5', 'D50', 'D52', 'D58', 'D6', 'D60', 'D64', 'D65', 'D66', 'D70', 'D71', 'D73', 'D76', 'D77', 'D82', 'D83', 'D84', 'D87', 'D89', 'D95', 'D96', 'D99']"
1,B85,[],[],"['D10', 'D14', 'D19', 'D2', 'D23', 'D25', 'D28', 'D29', 'D3', 'D37', 'D38', 'D4', 'D41', 'D43', 'D44', 'D45', 'D46', 'D5', 'D50', 'D52', 'D58', 'D6', 'D60', 'D64', 'D65', 'D66', 'D70', 'D71', 'D73', 'D76', 'D77', 'D82', 'D83', 'D84', 'D87', 'D89', 'D95', 'D96', 'D99']","['D10', 'D14', 'D19', 'D2', 'D23', 'D25', 'D28', 'D29', 'D3', 'D37', 'D38', 'D4', 'D41', 'D43', 'D44', 'D45', 'D46', 'D5', 'D50', 'D52', 'D58', 'D6', 'D60', 'D64', 'D65', 'D66', 'D70', 'D71', 'D73', 'D76', 'D77', 'D82', 'D83', 'D84', 'D87', 'D89', 'D95', 'D96', 'D99']"
1,B86,"['D100', 'D101']","['D104', 'D67', 'D68', 'D99']","['D10', 'D14', 'D19', 'D2', 'D23', 'D25', 'D28', 'D29', 'D3', 'D37', 'D38', 'D4', 'D41', 'D43', 'D44', 'D45', 'D46', 'D5', 'D50', 'D52', 'D58', 'D6', 'D60', 'D64', 'D65', 'D66', 'D70', 'D71', 'D73', 'D76', 'D77', 'D82', 'D83', 'D84', 'D87', 'D89', 'D95', 'D96', 'D99']","['D10', 'D100', 'D101', 'D14', 'D19', 'D2', 'D23', 'D25', 'D28', 'D29', 'D3', 'D37', 'D38', 'D4', 'D41', 'D43', 'D44', 'D45', 'D46', 'D5', 'D50', 'D52', 'D58', 'D6', 'D60', 'D64', 'D65', 'D66', 'D70', 'D71', 'D73', 'D76', 'D77', 'D82', 'D83', 'D84', 'D87', 'D89', 'D95', 'D96']"
1,B87,"['D102', 'D103']","['D105', 'D15']","['D10', 'D14', 'D19', 'D2', 'D23', 'D25', 'D28', 'D29', 'D3', 'D37', 'D38', 'D4', 'D41', 'D43', 'D44', 'D45', 'D46', 'D5', 'D50', 'D52', 'D58', 'D6', 'D60', 'D64', 'D65', 'D66', 'D70', 'D71', 'D73', 'D76', 'D77', 'D82', 'D83', 'D84', 'D87', 'D89', 'D95', 'D96', 'D99']","['D10', 'D102', 'D103', 'D14', 'D19', 'D2', 'D23', 'D25', 'D28', 'D29', 'D3', 'D37', 'D38', 'D4', 'D41', 'D43', 'D44', 'D45', 'D46', 'D5', 'D50', 'D52', 'D58', 'D6', 'D60', 'D64', 'D65', 'D66', 'D70', 'D71', 'D73', 'D76', 'D77', 'D82', 'D83', 'D84', 'D87', 'D89', 'D95', 'D96', 'D99']"
1,B88,[],[],"['D10', 'D102', 'D103', 'D14', 'D19', 'D2', 'D23', 'D25', 'D28', 'D29', 'D3', 'D37', 'D38', 'D4', 'D41', 'D43', 'D44', 'D45', 'D46', 'D5', 'D50', 'D52', 'D58', 'D6', 'D60', 'D64', 'D65', 'D66', 'D70', 'D71', 'D73', 'D76', 'D77', 'D82', 'D83', 'D84', 'D87', 'D89', 'D95', 'D96', 'D99']","['D10', 'D102', 'D103', 'D14', 'D19', 'D2', 'D23', 'D25', 'D28', 'D29', 'D3', 'D37', 'D38', 'D4', 'D41', 'D43', 'D44', 'D45', 'D46', 'D5', 'D50', 'D52', 'D58', 'D6', 'D60', 'D64', 'D65', 'D66', 'D70', 'D71', 'D73', 'D76', 'D77', 'D82', 'D83', 'D84', 'D87', 'D89', 'D95', 'D96', 'D99']"
1,B89,"['D104', 'D105']","['D100', 'D102', 'D67', 'D68']","['D10', 'D102', 'D103', 'D14', 'D19', 'D2', 'D23', 'D25', 'D28', 'D29', 'D3', 'D37', 'D38', 'D4', 'D41', 'D43', 'D44', 'D45', 'D46', 'D5', 'D50', 'D52', 'D58', 'D6', 'D60', 'D64', 'D65', 'D66', 'D70', 'D71', 'D73', 'D76', 'D77', 'D82', 'D83', 'D84', 'D87', 'D89', 'D95', 'D96', 'D99']","['D10', 'D103', 'D104', 'D105', 'D14', 'D19', 'D2', 'D23', 'D25', 'D28', 'D29', 'D3', 'D37', 'D38', 'D4', 'D41', 'D43', 'D44', 'D45', 'D46', 'D5', 'D50', 'D52', 'D58', 'D6', 'D60', 'D64', 'D65', 'D66', 'D70', 'D71', 'D73', 'D76', 'D77', 'D82', 'D83', 'D84', 'D87', 'D89', 'D95', 'D96', 'D99']"
1,B90,[],[],"['D10', 'D102', 'D103', 'D14', 'D19', 'D2', 'D23', 'D25', 'D28', 'D29', 'D3', 'D37', 'D38', 'D4', 'D41', 'D43', 'D44', 'D45', 'D46', 'D5', 'D50', 'D52', 'D58', 'D6', 'D60', 'D64', 'D65', 'D66', 'D70', 'D71', 'D73', 'D76', 'D77', 'D82', 'D83', 'D84', 'D87', 'D89', 'D95', 'D96', 'D99']","['D10', 'D102', 'D103', 'D14', 'D19', 'D2', 'D23', 'D25', 'D28', 'D29', 'D3', 'D37', 'D38', 'D4', 'D41', 'D43', 'D44', 'D45', 'D46', 'D5', 'D50', 'D52', 'D58', 'D6', 'D60', 'D64', 'D65', 'D66', 'D70', 'D71', 'D73', 'D76', 'D77', 'D82', 'D83', 'D84', 'D87', 'D89', 'D95', 'D96', 'D99']"
2,B0,"['D1', 'D2', 'D3', 'D4', 'D5', 'D6', 'D7']","['D10', 'D89', 'D9', 'D92']",[],"['D1', 'D2', 'D3', 'D4', 'D5', 'D6', 'D7']"
2,B1,[],[],"['D1', 'D2', 'D3', 'D4', 'D5', 'D6', 'D7']","['D1', 'D2', 'D3', 'D4', 'D5', 'D6', 'D7']"
2,B2,"['D8', 'D9']","['D10', 'D39', 'D47', 'D53', 'D61', 'D7']","['D1', 'D2', 'D3', 'D4', 'D5', 'D6', 'D7']","['D1', 'D2', 'D3', 'D4', 'D5', 'D6', 'D8', 'D9']"
2,B3,['D10'],"['D7', 'D9']","['D1', 'D2', 'D3', 'D4', 'D5', 'D6', 'D7']","['D1', 'D10', 'D2', 'D3', 'D4', 'D5', 'D6']"
2,B4,[],[],"['D1', 'D10', 'D2', 'D3', 'D4', 'D5', 'D6']","['D1', 'D10', 'D2', 'D3', 'D4', 'D5', 'D6']"
2,B5,"['D11', 'D12', 'D13']","['D14', 'D16', 'D17']","['D1', 'D10', 'D2', 'D3', 'D4', 'D5', 'D6']","['D1', 'D10', 'D11', 'D12', 'D13', 'D2', 'D3', 'D4', 'D5', 'D6']"
2,B6,['D14'],['D13'],"['D1', 'D10', 'D2', 'D3', 'D4', 'D5', 'D6']","['D1', 'D10', 'D14', 'D2', 'D3', 'D4', 'D5', 'D6']"
2,B7,[],[],"['D1', 'D10', 'D14', 'D2', 'D3', 'D4', 'D5', 'D6']","['D1', 'D10', 'D14', 'D2', 'D3', 'D4', 'D5', 'D6']"
2,B8,"['D15', 'D16', 'D17', 'D18']","['D103', 'D11', 'D12', 'D19']","['D1', 'D10', 'D14', 'D2', 'D3', 'D4', 'D5', 'D6']","['D1', 'D10', 'D14', 'D15', 'D16', 'D17', 'D18', 'D2', 'D3', 'D4', 'D5', 'D6']"
2,B9,"['D19', 'D20']","['D18', 'D22', 'D23']","['D1', 'D10', 'D14', 'D2', 'D3', 'D4', 'D5', 'D6']","['D1', 'D10', 'D14', 'D19', 'D2', 'D20', 'D3', 'D4', 'D5', 'D6']"
2,B10,[],[],"['D1', 'D10', 'D14', 'D19', 'D2', 'D20', 'D3', 'D4', 'D5', 'D6']","['D1', 'D10', 'D14', 'D19', 'D2', 'D20', 'D3', 'D4', 'D5', 'D6']"
2,B11,"['D21', 'D22']","['D20', 'D23']","['D1', 'D10', 'D14', 'D19', 'D2', 'D20', 'D3', 'D4', 'D5', 'D6']","['D1', 'D10', 'D14', 'D19', 'D2', 'D21', 'D22', 'D3', 'D4', 'D5', 'D6']"
2,B12,"['D23', 'D24', 'D25']","['D20', 'D22', 'D27', 'D28']","['D1', 'D10', 'D14', 'D19', 'D2', 'D20', 'D3', 'D4', 'D5', 'D6']","['D1', 'D10', 'D14', 'D19', 'D2', 'D23', 'D24', 'D25', 'D3', 'D4', 'D5', 'D6']"
2,B13,[],[],"['D1', 'D10', 'D14', 'D19', 'D2', 'D23', 'D24', 'D25', 'D3', 'D4', 'D5', 'D6']","['D1', 'D10', 'D14', 'D19', 'D2', 'D23', 'D24', 'D25', 'D3', 'D4', 'D5', 'D6']"
2,B14,"['D26', 'D27']","['D24', 'D28', 'D90']","['D1', 'D10', 'D14', 'D19', 'D2', 'D23', 'D24', 'D25', 'D3', 'D4', 'D5', 'D6']","['D1', 'D10', 'D14', 'D19', 'D2', 'D23', 'D25', 'D26', 'D27', 'D3', 'D4', 'D5', 'D6']"
2,B15,"['D28', 'D29']","['D24', 'D27', 'D34', 'D35']","['D1', 'D10', 'D14', 'D19', 'D2', 'D23', 'D24', 'D25', 'D3', 'D4', 'D5', 'D6']","['D1', 'D10', 'D14', 'D19', 'D2', 'D23', 'D25', 'D28', 'D29', 'D3', 'D4', 'D5', 'D6']"
2,B16,[],[],"['D1', 'D10', 'D14', 'D19', 'D2', 'D23', 'D25', 'D28', 'D29', 'D3', 'D4', 'D5', 'D6']","['D1', 'D10', 'D14', 'D19', 'D2', 'D23', 'D25', 'D28', 'D29', 'D3', 'D4', 'D5', 'D6']"
2,B17,"['D30', 'D31', 'D32']","['D33', 'D38']","['D1', 'D10', 'D14', 'D19', 'D2', 'D23', 'D25', 'D28', 'D29', 'D3', 'D4', 'D5', 'D6']","['D1', 'D10', 'D14', 'D19', 'D2', 'D23', 'D25', 'D28', 'D29', 'D3', 'D30', 'D31', 'D32', 'D4', 'D5', 'D6']"
2,B18,[],[],"['D1', 'D10', 'D14', 'D19', 'D2', 'D23', 'D25', 'D28', 'D29', 'D3', 'D30', 'D31', 'D32', 'D4', 'D5', 'D6']","['D1', 'D10', 'D14', 'D19', 'D2', 'D23', 'D25', 'D28', 'D29', 'D3', 'D30', 'D31', 'D32', 'D4', 'D5', 'D6']"
2,B19,['D33'],['D32'],"['D1', 'D10', 'D14', 'D19', 'D2', 'D23', 'D25', 'D28', 'D29', 'D3', 'D30', 'D31', 'D32', 'D4', 'D5', 'D6']","['D1', 'D10', 'D14', 'D19', 'D2', 'D23', 'D25', 'D28', 'D29', 'D3', 'D30', 'D31', 'D33', 'D4', 'D5', 'D6']"
2,B20,['D34'],"['D29', 'D35']","['D1', 'D10', 'D14', 'D19', 'D2', 'D23', 'D25', 'D28', 'D29', 'D3', 'D30', 'D31', 'D32', 'D4', 'D5', 'D6']","['D1', 'D10', 'D14', 'D19', 'D2', 'D23', 'D25', 'D28', 'D3', 'D30', 'D31', 'D32', 'D34', 'D4', 'D5', 'D6']"
2,B21,[],[],"['D1', 'D10', 'D14', 'D19', 'D2', 'D23', 'D25', 'D28', 'D29', 'D3', 'D4', 'D5', 'D6']","['D1', 'D10', 'D14', 'D19', 'D2', 'D23', 'D25', 'D28', 'D29', 'D3', 'D4', 'D5', 'D6']"
2,B22,[],[],"['D1', 'D10', 'D14', 'D19', 'D2', 'D23', 'D25', 'D28', 'D29', 'D3', 'D4', 'D5', 'D6']","['D1', 'D10', 'D14', 'D19', 'D2', 'D23', 'D25', 'D28', 'D29', 'D3', 'D4', 'D5', 'D6']"
2,B23,['D35'],"['D29', 'D34']","['D1', 'D10', 'D14', 'D19', 'D2', 'D23', 'D25', 'D28', 'D29', 'D3', 'D4', 'D5', 'D6']","['D1', 'D10', 'D14', 'D19', 'D2', 'D23', 'D25', 'D28', 'D3', 'D35', 'D4', 'D5', 'D6']"
2,B24,[],[],"['D1', 'D10', 'D14', 'D19', 'D2', 'D23', 'D25', 'D28', 'D29', 'D3', 'D4', 'D5', 'D6']","['D1', 'D10', 'D14', 'D19', 'D2', 'D23', 'D25', 'D28', 'D29', 'D3', 'D4', 'D5', 'D6']"
2,B25,"['D36', 'D37', 'D38']","['D31', 'D40', 'D41']","['D1', 'D10', 'D14', 'D19', 'D2', 'D23', 'D25', 'D28', 'D29', 'D3', 'D4', 'D5', 'D6']","['D1', 'D10', 'D14', 'D19', 'D2', 'D23', 'D25', 'D28', 'D29', 'D3', 'D36', 'D37', 'D38', 'D4', 'D5', 'D6']"
2,B26,[],[],"['D1', 'D10', 'D14', 'D19', 'D2', 'D23', 'D25', 'D28', 'D29', 'D3', 'D36', 'D37', 'D38', 'D4', 'D5', 'D6']","['D1', 'D10', 'D14', 'D19', 'D2', 'D23', 'D25', 'D28', 'D29', 'D3', 'D36', 'D37', 'D38', 'D4', 'D5', 'D6']"
2,B27,"['D39', 'D40']","['D36', 'D41', 'D47', 'D53', 'D61', 'D8']","['D1', 'D10', 'D14', 'D19', 'D2', 'D23', 'D25', 'D28', 'D29', 'D3', 'D36', 'D37', 'D38', 'D4', 'D5', 'D6']","['D1', 'D10', 'D14', 'D19', 'D2', 'D23', 'D25', 'D28', 'D29', 'D3', 'D37', 'D38', 'D39', 'D4', 'D40', 'D5', 'D6']"
2,B28,"['D41', 'D42', 'D43', 'D44', 'D45', 'D46']","['D36', 'D40', 'D49', 'D50']","['D1', 'D10', 'D14', 'D19', 'D2', 'D23', 'D25', 'D28', 'D29', 'D3', 'D36', 'D37', 'D38', 'D4', 'D5', 'D6']","['D1', 'D10', 'D14', 'D19', 'D2', 'D23', 'D25', 'D28', 'D29', 'D3', 'D37', 'D38', 'D4', 'D41', 'D42', 'D43', 'D44', 'D45', 'D46', 'D5', 'D6']"
2,B29,[],[],"['D1', 'D10', 'D14', 'D19', 'D2', 'D23', 'D25', 'D28', 'D29', 'D3', 'D37', 'D38', 'D4', 'D41', 'D42', 'D43', 'D44', 'D45', 'D46', 'D5', 'D6']","['D1', 'D10', 'D14', 'D19', 'D2', 'D23', 'D25', 'D28', 'D29', 'D3', 'D37', 'D38', 'D4', 'D41', 'D42', 'D43', 'D44', 'D45', 'D46', 'D5', 'D6']"
2,B30,[],[],"['D1', 'D10', 'D14', 'D19', 'D2', 'D23', 'D25', 'D28', 'D29', 'D3', 'D37', 'D38', 'D4', 'D41', 'D42', 'D43', 'D44', 'D45', 'D46', 'D5', 'D6']","['D1', 'D10', 'D14', 'D19', 'D2', 'D23', 'D25', 'D28', 'D29', 'D3', 'D37', 'D38', 'D4', 'D41', 'D42', 'D43', 'D44', 'D45', 'D46', 'D5', 'D6']"
2,B31,"['D47', 'D48', 'D49']","['D39', 'D42', 'D50', 'D53', 'D54', 'D61', 'D62', 'D8']","['D1', 'D10', 'D14', 'D19', 'D2', 'D23', 'D25', 'D28', 'D29', 'D3', 'D37', 'D38', 'D4', 'D41', 'D42', 'D43', 'D44', 'D45', 'D46', 'D5', 'D6']","['D1', 'D10', 'D14', 'D19', 'D2', 'D23', 'D25', 'D28', 'D29', 'D3', 'D37', 'D38', 'D4', 'D41', 'D43', 'D44', 'D45', 'D46', 'D47', 'D48', 'D49', 'D5', 'D6']"
2,B32,[],[],"['D1', 'D10', 'D14', 'D19', 'D2', 'D23', 'D25', 'D28', 'D29', 'D3', 'D37', 'D38', 'D4', 'D41', 'D42', 'D43', 'D44', 'D45', 'D46', 'D5', 'D6']","['D1', 'D10', 'D14', 'D19', 'D2', 'D23', 'D25', 'D28', 'D29', 'D3', 'D37', 'D38', 'D4', 'D41', 'D42', 'D43', 'D44', 'D45', 'D46', 'D5', 'D6']"
2,B33,"['D50', 'D51', 'D52']","['D42', 'D49', 'D56', 'D57', 'D58']","['D1', 'D10', 'D14', 'D19', 'D2', 'D23', 'D25', 'D28', 'D29', 'D3', 'D37', 'D38', 'D4', 'D41', 'D42', 'D43', 'D44', 'D45', 'D46', 'D5', 'D6']","['D1', 'D10', 'D14', 'D19', 'D2', 'D23', 'D25', 'D28', 'D29', 'D3', 'D37', 'D38', 'D4', 'D41', 'D43', 'D44', 'D45', 'D46', 'D5', 'D50', 'D51', 'D52', 'D6']"
2,B34,[],[],"['D1', 'D10', 'D14', 'D19', 'D2', 'D23', 'D25', 'D28', 'D29', 'D3', 'D37', 'D38', 'D4', 'D41', 'D43', 'D44', 'D45', 'D46', 'D5', 'D50', 'D51', 'D52', 'D6']","['D1', 'D10', 'D14', 'D19', 'D2', 'D23', 'D25', 'D28', 'D29', 'D3', 'D37', 'D38', 'D4', 'D41', 'D43', 'D44', 'D45', 'D46', 'D5', 'D50', 'D51', 'D52', 'D6']"
2,B35,"['D55', 'D61', 'D62']","['D39', 'D47', 'D48', 'D53', 'D54', 'D8']","['D1', 'D10', 'D14', 'D19', 'D2', 'D23', 'D25', 'D28', 'D29', 'D3', 'D37', 'D38', 'D4', 'D41', 'D43', 'D44', 'D45', 'D46', 'D5', 'D50', 'D51', 'D52', 'D6']","['D1', 'D10', 'D14', 'D19', 'D2', 'D23', 'D25', 'D28', 'D29', 'D3', 'D37', 'D38', 'D4', 'D41', 'D43', 'D44', 'D45', 'D46', 'D5', 'D50', 'D51', 'D52', 'D55', 'D6', 'D61', 'D62']"
2,B36,[],[],"['D1', 'D10', 'D14', 'D19', 'D2', 'D23', 'D25', 'D28', 'D29', 'D3', 'D37', 'D38', 'D4', 'D41', 'D43', 'D44', 'D45', 'D46', 'D5', 'D50', 'D51', 'D52', 'D55', 'D6', 'D61', 'D62']","['D1', 'D10', 'D14', 'D19', 'D2', 'D23', 'D25', 'D28', 'D29', 'D3', 'D37', 'D38', 'D4', 'D41', 'D43', 'D44', 'D45', 'D46', 'D5', 'D50', 'D51', 'D52', 'D55', 'D6', 'D61', 'D62']"
2,B37,['D56'],"['D51', 'D57', 'D58']","['D1', 'D10', 'D14', 'D19', 'D2', 'D23', 'D25', 'D28', 'D29', 'D3', 'D37', 'D38', 'D4', 'D41', 'D43', 'D44', 'D45', 'D46', 'D5', 'D50', 'D51', 'D52', 'D55', 'D6', 'D61', 'D62']","['D1', 'D10', 'D14', 'D19', 'D2', 'D23', 'D25', 'D28', 'D29', 'D3', 'D37', 'D38', 'D4', 'D41', 'D43', 'D44', 'D45', 'D46', 'D5', 'D50', 'D52', 'D55', 'D56', 'D6', 'D61', 'D62']"
2,B38,[],[],"['D1', 'D10', 'D14', 'D19', 'D2', 'D23', 'D25', 'D28', 'D29', 'D3', 'D37', 'D38', 'D4', 'D41', 'D43', 'D44', 'D45', 'D46', 'D5', 'D50', 'D51', 'D52', 'D55', 'D56', 'D6', 'D61', 'D62']","['D1', 'D10', 'D14', 'D19', 'D2', 'D23', 'D25', 'D28', 'D29', 'D3', 'D37', 'D38', 'D4', 'D41', 'D43', 'D44', 'D45', 'D46', 'D5', 'D50', 'D51', 'D52', 'D55', 'D56', 'D6', 'D61', 'D62']"
2,B39,"['D58', 'D59', 'D60']","['D51', 'D56', 'D57', 'D63', 'D64']","['D1', 'D10', 'D14', 'D19', 'D2', 'D23', 'D25', 'D28', 'D29', 'D3', 'D37', 'D38', 'D4', 'D41', 'D43', 'D44', 'D45', 'D46', 'D5', 'D50', 'D51', 'D52', 'D6']","['D1', 'D10', 'D14', 'D19', 'D2', 'D23', 'D25', 'D28', 'D29', 'D3', 'D37', 'D38', 'D4', 'D41', 'D43', 'D44', 'D45', 'D46', 'D5', 'D50', 'D52', 'D58', 'D59', 'D6', 'D60']"
2,B40,[],[],"['D1', 'D10', 'D14', 'D19', 'D2', 'D23', 'D25', 'D28', 'D29', 'D3', 'D37', 'D38', 'D4', 'D41', 'D43', 'D44', 'D45', 'D46', 'D5', 'D50', 'D52', 'D58', 'D59', 'D6', 'D60']","['D1', 'D10', 'D14', 'D19', 'D2', 'D23', 'D25', 'D28', 'D29', 'D3', 'D37', 'D38', 'D4', 'D41', 'D43', 'D44', 'D45', 'D46', 'D5', 'D50', 'D52', 'D58', 'D59', 'D6', 'D60']"
2,B41,"['D61', 'D62']","['D39', 'D47', 'D48', 'D53', 'D54', 'D8']","['D1', 'D10', 'D14', 'D19', 'D2', 'D23', 'D25', 'D28', 'D29', 'D3', 'D37', 'D38', 'D4', 'D41', 'D43', 'D44', 'D45', 'D46', 'D5', 'D50', 'D52', 'D58', 'D59', 'D6', 'D60']","['D1', 'D10', 'D14', 'D19', 'D2', 'D23', 'D25', 'D28', 'D29', 'D3', 'D37', 'D38', 'D4', 'D41', 'D43', 'D44', 'D45', 'D46', 'D5', 'D50', 'D52', 'D58', 'D59', 'D6', 'D60', 'D61', 'D62']"
2,B42,[],[],"['D1', 'D10', 'D14', 'D19', 'D2', 'D23', 'D25', 'D28', 'D29', 'D3', 'D37', 'D38', 'D4', 'D41', 'D43', 'D44', 'D45', 'D46', 'D5', 'D50', 'D52', 'D58', 'D59', 'D6', 'D60', 'D61', 'D62']","['D1', 'D10', 'D14', 'D19', 'D2', 'D23', 'D25', 'D28', 'D29', 'D3', 'D37', 'D38', 'D4', 'D41', 'D43', 'D44', 'D45', 'D46', 'D5', 'D50', 'D52', 'D58', 'D59', 'D6', 'D60', 'D61', 'D62']"
2,B43,['D63'],['D60'],"['D1', 'D10', 'D14', 'D19', 'D2', 'D23', 'D25', 'D28', 'D29', 'D3', 'D37', 'D38', 'D4', 'D41', 'D43', 'D44', 'D45', 'D46', 'D5', 'D50', 'D52', 'D58', 'D59', 'D6', 'D60', 'D61', 'D62']","['D1', 'D10', 'D14', 'D19', 'D2', 'D23', 'D25', 'D28', 'D29', 'D3', 'D37', 'D38', 'D4', 'D41', 'D43', 'D44', 'D45', 'D46', 'D5', 'D50', 'D52', 'D58', 'D59', 'D6', 'D61', 'D62', 'D63']"
2,B44,[],[],"['D1', 'D10', 'D14', 'D19', 'D2', 'D23', 'D25', 'D28', 'D29', 'D3', 'D37', 'D38', 'D4', 'D41', 'D43', 'D44', 'D45', 'D46', 'D5', 'D50', 'D52', 'D58', 'D59', 'D6', 'D60', 'D61', 'D62', 'D63']","['D1', 'D10', 'D14', 'D19', 'D2', 'D23', 'D25', 'D28', 'D29', 'D3', 'D37', 'D38', 'D4', 'D41', 'D43', 'D44', 'D45', 'D46', 'D5', 'D50', 'D52', 'D58', 'D59', 'D6', 'D60', 'D61', 'D62', 'D63']"
2,B45,"['D64', 'D65', 'D66']","['D59', 'D69']","['D1', 'D10', 'D14', 'D19', 'D2', 'D23', 'D25', 'D28', 'D29', 'D3', 'D37', 'D38', 'D4', 'D41', 'D43', 'D44', 'D45', 'D46', 'D5', 'D50', 'D52', 'D58', 'D59', 'D6', 'D60']","['D1', 'D10', 'D14', 'D19', 'D2', 'D23', 'D25', 'D28', 'D29', 'D3', 'D37', 'D38', 'D4', 'D41', 'D43', 'D44', 'D45', 'D46', 'D5', 'D50', 'D52', 'D58', 'D6', 'D60', 'D64', 'D65', 'D66']"
2,B46,[],[],"['D1', 'D10', 'D14', 'D19', 'D2', 'D23', 'D25', 'D28', 'D29', 'D3', 'D37', 'D38', 'D4', 'D41', 'D43', 'D44', 'D45', 'D46', 'D5', 'D50', 'D52', 'D58', 'D6', 'D60', 'D64', 'D65', 'D66']","['D1', 'D10', 'D14', 'D19', 'D2', 'D23', 'D25', 'D28', 'D29', 'D3', 'D37', 'D38', 'D4', 'D41', 'D43', 'D44', 'D45', 'D46', 'D5', 'D50', 'D52', 'D58', 'D6', 'D60', 'D64', 'D65', 'D66']"
2,B47,['D67'],"['D100', 'D104', 'D68']","['D1', 'D10', 'D14', 'D19', 'D2', 'D23', 'D25', 'D28', 'D29', 'D3', 'D37', 'D38', 'D4', 'D41', 'D43', 'D44', 'D45', 'D46', 'D5', 'D50', 'D52', 'D58', 'D6', 'D60', 'D64', 'D65', 'D66']","['D1', 'D10', 'D14', 'D19', 'D2', 'D23', 'D25', 'D28', 'D29', 'D3', 'D37', 'D38', 'D4', 'D41', 'D43', 'D44', 'D45', 'D46', 'D5', 'D50', 'D52', 'D58', 'D6', 'D60', 'D64', 'D65', 'D66', 'D67']"
2,B48,[],[],"['D1', 'D10', 'D14', 'D19', 'D2', 'D23', 'D25', 'D28', 'D29', 'D3', 'D37', 'D38', 'D4', 'D41', 'D43', 'D44', 'D45', 'D46', 'D5', 'D50', 'D52', 'D58', 'D6', 'D60', 'D64', 'D65', 'D66', 'D67']","['D1', 'D10', 'D14', 'D19', 'D2', 'D23', 'D25', 'D28', 'D29', 'D3', 'D37', 'D38', 'D4', 'D41', 'D43', 'D44', 'D45', 'D46', 'D5', 'D50', 'D52', 'D58', 'D6', 'D60', 'D64', 'D65', 'D66', 'D67']"
2,B49,['D68'],"['D100', 'D104', 'D67']","['D1', 'D10', 'D14', 'D19', 'D2', 'D23', 'D25', 'D28', 'D29', 'D3', 'D37', 'D38', 'D4', 'D41', 'D43', 'D44', 'D45', 'D46', 'D5', 'D50', 'D52', 'D58', 'D6', 'D60', 'D64', 'D65', 'D66', 'D67']","['D1', 'D10', 'D14', 'D19', 'D2', 'D23', 'D25', 'D28', 'D29', 'D3', 'D37', 'D38', 'D4', 'D41', 'D43', 'D44', 'D45', 'D46', 'D5', 'D50', 'D52', 'D58', 'D6', 'D60', 'D64', 'D65', 'D66', 'D68']"
2,B50,['D69'],['D65'],"['D1', 'D10', 'D14', 'D19', 'D2', 'D23', 'D25', 'D28', 'D29', 'D3', 'D37', 'D38', 'D4', 'D41', 'D43', 'D44', 'D45', 'D46', 'D5', 'D50', 'D52', 'D58', 'D6', 'D60', 'D64', 'D65', 'D66', 'D67', 'D68']","['D1', 'D10', 'D14', 'D19', 'D2', 'D23', 'D25', 'D28', 'D29', 'D3', 'D37', 'D38', 'D4', 'D41', 'D43', 'D44', 'D45', 'D46', 'D5', 'D50', 'D52', 'D58', 'D6', 'D60', 'D64', 'D66', 'D67', 'D68', 'D69']"
2,B51,"['D70', 'D71']",['D72'],"['D1', 'D10', 'D14', 'D19', 'D2', 'D23', 'D25', 'D28', 'D29', 'D3', 'D37', 'D38', 'D4', 'D41', 'D43', 'D44', 'D45', 'D46', 'D5', 'D50', 'D52', 'D58', 'D6', 'D60', 'D64', 'D65', 'D66']","['D1', 'D10', 'D14', 'D19', 'D2', 'D23', 'D25', 'D28', 'D29', 'D3', 'D37', 'D38', 'D4', 'D41', 'D43', 'D44', 'D45', 'D46', 'D5', 'D50', 'D52', 'D58', 'D6', 'D60', 'D64', 'D65', 'D66', 'D70', 'D71']"
2,B52,[],[],"['D1', 'D10', 'D14', 'D19', 'D2', 'D23', 'D25', 'D28', 'D29', 'D3', 'D37', 'D38', 'D4', 'D41', 'D43', 'D44', 'D45', 'D46', 'D5', 'D50', 'D52', 'D58', 'D6', 'D60', 'D64', 'D65', 'D66', 'D70', 'D71']","['D1', 'D10', 'D14', 'D19', 'D2', 'D23', 'D25', 'D28', 'D29', 'D3', 'D37', 'D38', 'D4', 'D41', 'D43', 'D44', 'D45', 'D46', 'D5', 'D50', 'D52', 'D58', 'D6', 'D60', 'D64', 'D65', 'D66', 'D70', 'D71']"
2,B53,['D72'],['D70'],"['D1', 'D10', 'D14', 'D19', 'D2', 'D23', 'D25', 'D28', 'D29', 'D3', 'D37', 'D38', 'D4', 'D41', 'D43', 'D44', 'D45', 'D46', 'D5', 'D50', 'D52', 'D58', 'D6', 'D60', 'D64', 'D65', 'D66', 'D70', 'D71']","['D1', 'D10', 'D14', 'D19', 'D2', 'D23', 'D25', 'D28', 'D29', 'D3', 'D37', 'D38', 'D4', 'D41', 'D43', 'D44', 'D45', 'D46', 'D5', 'D50', 'D52', 'D58', 'D6', 'D60', 'D64', 'D65', 'D66', 'D71', 'D72']"
2,B54,['D73'],['D74'],"['D1', 'D10', 'D14', 'D19', 'D2', 'D23', 'D25', 'D28', 'D29', 'D3', 'D37', 'D38', 'D4', 'D41', 'D43', 'D44', 'D45', 'D46', 'D5', 'D50', 'D52', 'D58', 'D6', 'D60', 'D64', 'D65', 'D66', 'D70', 'D71']","['D1', 'D10', 'D14', 'D19', 'D2', 'D23', 'D25', 'D28', 'D29', 'D3', 'D37', 'D38', 'D4', 'D41', 'D43', 'D44', 'D45', 'D46', 'D5', 'D50', 'D52', 'D58', 'D6', 'D60', 'D64', 'D65', 'D66', 'D70', 'D71', 'D73']"
2,B55,[],[],"['D1', 'D10', 'D14', 'D19', 'D2', 'D23', 'D25', 'D28', 'D29', 'D3', 'D37', 'D38', 'D4', 'D41', 'D43', 'D44', 'D45', 'D46', 'D5', 'D50', 'D52', 'D58', 'D6', 'D60', 'D64', 'D65', 'D66', 'D70', 'D71', 'D73']","['D1', 'D10', 'D14', 'D19', 'D2', 'D23', 'D25', 'D28', 'D29', 'D3', 'D37', 'D38', 'D4', 'D41', 'D43', 'D44', 'D45', 'D46', 'D5', 'D50', 'D52', 'D58', 'D6', 'D60', 'D64', 'D65', 'D66', 'D70', 'D71', 'D73']"
2,B56,[],[],"['D1', 'D10', 'D14', 'D19', 'D2', 'D23', 'D25', 'D28', 'D29', 'D3', 'D37', 'D38', 'D4', 'D41', 'D43', 'D44', 'D45', 'D46', 'D5', 'D50', 'D52', 'D58', 'D6', 'D60', 'D64', 'D65', 'D66', 'D70', 'D71', 'D73']","['D1', 'D10', 'D14', 'D19', 'D2', 'D23', 'D25', 'D28', 'D29', 'D3', 'D37', 'D38', 'D4', 'D41', 'D43', 'D44', 'D45', 'D46', 'D5', 'D50', 'D52', 'D58', 'D6', 'D60', 'D64', 'D65', 'D66', 'D70', 'D71', 'D73']"
2,B57,[],[],"['D1', 'D10', 'D14', 'D19', 'D2', 'D23', 'D25', 'D28', 'D29', 'D3', 'D37', 'D38', 'D4', 'D41', 'D43', 'D44', 'D45', 'D46', 'D5', 'D50', 'D52', 'D58', 'D6', 'D60', 'D64', 'D65', 'D66', 'D70', 'D71', 'D73']","['D1', 'D10', 'D14', 'D19', 'D2', 'D23', 'D25', 'D28', 'D29', 'D3', 'D37', 'D38', 'D4', 'D41', 'D43', 'D44', 'D45', 'D46', 'D5', 'D50', 'D52', 'D58', 'D6', 'D60', 'D64', 'D65', 'D66', 'D70', 'D71', 'D73']"
2,B58,['D74'],['D73'],"['D1', 'D10', 'D14', 'D19', 'D2', 'D23', 'D25', 'D28', 'D29', 'D3', 'D37', 'D38', 'D4', 'D41', 'D43', 'D44', 'D45', 'D46', 'D5', 'D50', 'D52', 'D58', 'D6', 'D60', 'D64', 'D65', 'D66', 'D70', 'D71', 'D73']","['D1', 'D10', 'D14', 'D19', 'D2', 'D23', 'D25', 'D28', 'D29', 'D3', 'D37', 'D38', 'D4', 'D41', 'D43', 'D44', 'D45', 'D46', 'D5', 'D50', 'D52', 'D58', 'D6', 'D60', 'D64', 'D65', 'D66', 'D70', 'D71', 'D74']"
2,B59,[],[],"['D1', 'D10', 'D14', 'D19', 'D2', 'D23', 'D25', 'D28', 'D29', 'D3', 'D37', 'D38', 'D4', 'D41', 'D43', 'D44', 'D45', 'D46', 'D5', 'D50', 'D52', 'D58', 'D6', 'D60', 'D64', 'D65', 'D66', 'D70', 'D71', 'D73']","['D1', 'D10', 'D14', 'D19', 'D2', 'D23', 'D25', 'D28', 'D29', 'D3', 'D37', 'D38', 'D4', 'D41', 'D43', 'D44', 'D45', 'D46', 'D5', 'D50', 'D52', 'D58', 'D6', 'D60', 'D64', 'D65', 'D66', 'D70', 'D71', 'D73']"
2,B60,[],[],"['D1', 'D10', 'D14', 'D19', 'D2', 'D23', 'D25', 'D28', 'D29', 'D3', 'D37', 'D38', 'D4', 'D41', 'D43', 'D44', 'D45', 'D46', 'D5', 'D50', 'D52', 'D58', 'D6', 'D60', 'D64', 'D65', 'D66', 'D70', 'D71', 'D73']","['D1', 'D10', 'D14', 'D19', 'D2', 'D23', 'D25', 'D28', 'D29', 'D3', 'D37', 'D38', 'D4', 'D41', 'D43', 'D44', 'D45', 'D46', 'D5', 'D50', 'D52', 'D58', 'D6', 'D60', 'D64', 'D65', 'D66', 'D70', 'D71', 'D73']"
2,B61,"['D75', 'D76', 'D77']","['D80', 'D81', 'D82']","['D1', 'D10', 'D14', 'D19', 'D2', 'D23', 'D25', 'D28', 'D29', 'D3', 'D37', 'D38', 'D4', 'D41', 'D43', 'D44', 'D45', 'D46', 'D5', 'D50', 'D52', 'D58', 'D6', 'D60', 'D64', 'D65', 'D66', 'D70', 'D71', 'D73']","['D1', 'D10', 'D14', 'D19', 'D2', 'D23', 'D25', 'D28', 'D29', 'D3', 'D37', 'D38', 'D4', 'D41', 'D43', 'D44', 'D45', 'D46', 'D5', 'D50', 'D52', 'D58', 'D6', 'D60', 'D64', 'D65', 'D66', 'D70', 'D71', 'D73', 'D75', 'D76', 'D77']"
2,B62,[],[],"['D1', 'D10', 'D14', 'D19', 'D2', 'D23', 'D25', 'D28', 'D29', 'D3', 'D37', 'D38', 'D4', 'D41', 'D43', 'D44', 'D45', 'D46', 'D5', 'D50', 'D52', 'D58', 'D6', 'D60', 'D64', 'D65', 'D66', 'D70', 'D71', 'D73', 'D75', 'D76', 'D77']","['D1', 'D10', 'D14', 'D19', 'D2', 'D23', 'D25', 'D28', 'D29', 'D3', 'D37', 'D38', 'D4', 'D41', 'D43', 'D44', 'D45', 'D46', 'D5', 'D50', 'D52', 'D58', 'D6', 'D60', 'D64', 'D65', 'D66', 'D70', 'D71', 'D73', 'D75', 'D76', 'D77']"
2,B63,"['D78', 'D79', 'D80', 'D81']","['D75', 'D77', 'D82']","['D1', 'D10', 'D14', 'D19', 'D2', 'D23', 'D25', 'D28', 'D29', 'D3', 'D37', 'D38', 'D4', 'D41', 'D43', 'D44', 'D45', 'D46', 'D5', 'D50', 'D52', 'D58', 'D6', 'D60', 'D64', 'D65', 'D66', 'D70', 'D71', 'D73', 'D75', 'D76', 'D77']","['D1', 'D10', 'D14', 'D19', 'D2', 'D23', 'D25', 'D28', 'D29', 'D3', 'D37', 'D38', 'D4', 'D41', 'D43', 'D44', 'D45', 'D46', 'D5', 'D50', 'D52', 'D58', 'D6', 'D60', 'D64', 'D65', 'D66', 'D70', 'D71', 'D73', 'D76', 'D78', 'D79', 'D80', 'D81']"
2,B64,"['D82', 'D83', 'D84']","['D75', 'D80', 'D86']","['D1', 'D10', 'D14', 'D19', 'D2', 'D23', 'D25', 'D28', 'D29', 'D3', 'D37', 'D38', 'D4', 'D41', 'D43', 'D44', 'D45', 'D46', 'D5', 'D50', 'D52', 'D58', 'D6', 'D60', 'D64', 'D65', 'D66', 'D70', 'D71', 'D73', 'D75', 'D76', 'D77']","['D1', 'D10', 'D14', 'D19', 'D2', 'D23', 'D25', 'D28', 'D29', 'D3', 'D37', 'D38', 'D4', 'D41', 'D43', 'D44', 'D45', 'D46', 'D5', 'D50', 'D52', 'D58', 'D6', 'D60', 'D64', 'D65', 'D66', 'D70', 'D71', 'D73', 'D76', 'D77', 'D82', 'D83', 'D84']"
2,B65,[],[],"['D1', 'D10', 'D14', 'D19', 'D2', 'D23', 'D25', 'D28', 'D29', 'D3', 'D37', 'D38', 'D4', 'D41', 'D43', 'D44', 'D45', 'D46', 'D5', 'D50', 'D52', 'D58', 'D6', 'D60', 'D64', 'D65', 'D66', 'D70', 'D71', 'D73', 'D76', 'D77', 'D82', 'D83', 'D84']","['D1', 'D10', 'D14', 'D19', 'D2', 'D23', 'D25', 'D28', 'D29', 'D3', 'D37', 'D38', 'D4', 'D41', 'D43', 'D44', 'D45', 'D46', 'D5', 'D50', 'D52', 'D58', 'D6', 'D60', 'D64', 'D65', 'D66', 'D70', 'D71', 'D73', 'D76', 'D77', 'D82', 'D83', 'D84']"
2,B66,[],[],"['D1', 'D10', 'D14', 'D19', 'D2', 'D23', 'D25', 'D28', 'D29', 'D3', 'D37', 'D38', 'D4', 'D41', 'D43', 'D44', 'D45', 'D46', 'D5', 'D50', 'D52', 'D58', 'D6', 'D60', 'D64', 'D65', 'D66', 'D70', 'D71', 'D73', 'D76', 'D77', 'D82', 'D83', 'D84']","['D1', 'D10', 'D14', 'D19', 'D2', 'D23', 'D25', 'D28', 'D29', 'D3', 'D37', 'D38', 'D4', 'D41', 'D43', 'D44', 'D45', 'D46', 'D5', 'D50', 'D52', 'D58', 'D6', 'D60', 'D64', 'D65', 'D66', 'D70', 'D71', 'D73', 'D76', 'D77', 'D82', 'D83', 'D84']"
2,B67,['D85'],[],"['D1', 'D10', 'D14', 'D19', 'D2', 'D23', 'D25', 'D28', 'D29', 'D3', 'D37', 'D38', 'D4', 'D41', 'D43', 'D44', 'D45', 'D46', 'D5', 'D50', 'D52', 'D58', 'D6', 'D60', 'D64', 'D65', 'D66', 'D70', 'D71', 'D73', 'D76', 'D77', 'D82', 'D83', 'D84']","['D1', 'D10', 'D14', 'D19', 'D2', 'D23', 'D25', 'D28', 'D29', 'D3', 'D37', 'D38', 'D4', 'D41', 'D43', 'D44', 'D45', 'D46', 'D5', 'D50', 'D52', 'D58', 'D6', 'D60', 'D64', 'D65', 'D66', 'D70', 'D71', 'D73', 'D76', 'D77', 'D82', 'D83', 'D84', 'D85']"
2,B68,[],[],"['D1', 'D10', 'D14', 'D19', 'D2', 'D23', 'D25', 'D28', 'D29', 'D3', 'D37', 'D38', 'D4', 'D41', 'D43', 'D44', 'D45', 'D46', 'D5', 'D50', 'D52', 'D58', 'D6', 'D60', 'D64', 'D65', 'D66', 'D70', 'D71', 'D73', 'D76', 'D77', 'D82', 'D83', 'D84']","['D1', 'D10', 'D14', 'D19', 'D2', 'D23', 'D25', 'D28', 'D29', 'D3', 'D37', 'D38', 'D4', 'D41', 'D43', 'D44', 'D45', 'D46', 'D5', 'D50', 'D52', 'D58', 'D6', 'D60', 'D64', 'D65', 'D66', 'D70', 'D71', 'D73', 'D76', 'D77', 'D82', 'D83', 'D84']"
2,B69,[],[],"['D1', 'D10', 'D14', 'D19', 'D2', 'D23', 'D25', 'D28', 'D29', 'D3', 'D37', 'D38', 'D4', 'D41', 'D43', 'D44', 'D45', 'D46', 'D5', 'D50', 'D52', 'D58', 'D6', 'D60', 'D64', 'D65', 'D66', 'D70', 'D71', 'D73', 'D76', 'D77', 'D82', 'D83', 'D84']","['D1', 'D10', 'D14', 'D19', 'D2', 'D23', 'D25', 'D28', 'D29', 'D3', 'D37', 'D38', 'D4', 'D41', 'D43', 'D44', 'D45', 'D46', 'D5', 'D50', 'D52', 'D58', 'D6', 'D60', 'D64', 'D65', 'D66', 'D70', 'D71', 'D73', 'D76', 'D77', 'D82', 'D83', 'D84']"
2,B70,[],[],"['D1', 'D10', 'D14', 'D19', 'D2', 'D23', 'D25', 'D28', 'D29', 'D3', 'D37', 'D38', 'D4', 'D41', 'D43', 'D44', 'D45', 'D46', 'D5', 'D50', 'D52', 'D58', 'D6', 'D60', 'D64', 'D65', 'D66', 'D70', 'D71', 'D73', 'D76', 'D77', 'D82', 'D83', 'D84']","['D1', 'D10', 'D14', 'D19', 'D2', 'D23', 'D25', 'D28', 'D29', 'D3', 'D37', 'D38', 'D4', 'D41', 'D43', 'D44', 'D45', 'D46', 'D5', 'D50', 'D52', 'D58', 'D6', 'D60', 'D64', 'D65', 'D66', 'D70', 'D71', 'D73', 'D76', 'D77', 'D82', 'D83', 'D84']"
2,B71,['D86'],['D83'],"['D1', 'D10', 'D14', 'D19', 'D2', 'D23', 'D25', 'D28', 'D29', 'D3', 'D37', 'D38', 'D4', 'D41', 'D43', 'D44', 'D45', 'D46', 'D5', 'D50', 'D52', 'D58', 'D6', 'D60', 'D64', 'D65', 'D66', 'D70', 'D71', 'D73', 'D76', 'D77', 'D82', 'D83', 'D84']","['D1', 'D10', 'D14', 'D19', 'D2', 'D23', 'D25', 'D28', 'D29', 'D3', 'D37', 'D38', 'D4', 'D41', 'D43', 'D44', 'D45', 'D46', 'D5', 'D50', 'D52', 'D58', 'D6', 'D60', 'D64', 'D65', 'D66', 'D70', 'D71', 'D73', 'D76', 'D77', 'D82', 'D84', 'D86']"
2,B72,[],[],"['D1', 'D10', 'D14', 'D19', 'D2', 'D23', 'D25', 'D28', 'D29', 'D3', 'D37', 'D38', 'D4', 'D41', 'D43', 'D44', 'D45', 'D46', 'D5', 'D50', 'D52', 'D58', 'D6', 'D60', 'D64', 'D65', 'D66', 'D70', 'D71', 'D73', 'D76', 'D77', 'D82', 'D83', 'D84']","['D1', 'D10', 'D14', 'D19', 'D2', 'D23', 'D25', 'D28', 'D29', 'D3', 'D37', 'D38', 'D4', 'D41', 'D43', 'D44', 'D45', 'D46', 'D5', 'D50', 'D52', 'D58', 'D6', 'D60', 'D64', 'D65', 'D66', 'D70', 'D71', 'D73', 'D76', 'D77', 'D82', 'D83', 'D84']"
2,B73,"['D87', 'D88', 'D89']","['D1', 'D91', 'D92', 'D93', 'D94', 'D95']","['D1', 'D10', 'D14', 'D19', 'D2', 'D23', 'D25', 'D28', 'D29', 'D3', 'D37', 'D38', 'D4', 'D41', 'D43', 'D44', 'D45', 'D46', 'D5', 'D50', 'D52', 'D58', 'D6', 'D60', 'D64', 'D65', 'D66', 'D70', 'D71', 'D73', 'D76', 'D77', 'D82', 'D83', 'D84']","['D10', 'D14', 'D19', 'D2', 'D23', 'D25', 'D28', 'D29', 'D3', 'D37', 'D38', 'D4', 'D41', 'D43', 'D44', 'D45', 'D46', 'D5', 'D50', 'D52', 'D58', 'D6', 'D60', 'D64', 'D65', 'D66', 'D70', 'D71', 'D73', 'D76', 'D77', 'D82', 'D83', 'D84', 'D87', 'D88', 'D89']"
2,B74,[],[],"['D10', 'D14', 'D19', 'D2', 'D23', 'D25', 'D28', 'D29', 'D3', 'D37', 'D38', 'D4', 'D41', 'D43', 'D44', 'D45', 'D46', 'D5', 'D50', 'D52', 'D58', 'D6', 'D60', 'D64', 'D65', 'D66', 'D70', 'D71', 'D73', 'D76', 'D77', 'D82', 'D83', 'D84', 'D87', 'D88', 'D89']","['D10', 'D14', 'D19', 'D2', 'D23', 'D25', 'D28', 'D29', 'D3', 'D37', 'D38', 'D4', 'D41', 'D43', 'D44', 'D45', 'D46', 'D5', 'D50', 'D52', 'D58', 'D6', 'D60', 'D64', 'D65', 'D66', 'D70', 'D71', 'D73', 'D76', 'D77', 'D82', 'D83', 'D84', 'D87', 'D88', 'D89']"
2,B75,"['D90', 'D91', 'D92', 'D93']","['D1', 'D26', 'D87', 'D88', 'D89', 'D94', 'D95']","['D10', 'D14', 'D19', 'D2', 'D23', 'D25', 'D28', 'D29', 'D3', 'D37', 'D38', 'D4', 'D41', 'D43', 'D44', 'D45', 'D46', 'D5', 'D50', 'D52', 'D58', 'D6', 'D60', 'D64', 'D65', 'D66', 'D70', 'D71', 'D73', 'D76', 'D77', 'D82', 'D83', 'D84', 'D87', 'D88', 'D89']","['D10', 'D14', 'D19', 'D2', 'D23', 'D25', 'D28', 'D29', 'D3', 'D37', 'D38', 'D4', 'D41', 'D43', 'D44', 'D45', 'D46', 'D5', 'D50', 'D52', 'D58', 'D6', 'D60', 'D64', 'D65', 'D66', 'D70', 'D71', 'D73', 'D76', 'D77', 'D82', 'D83', 'D84', 'D90', 'D91', 'D92', 'D93']"
2,B76,"['D95', 'D96']","['D88', 'D91', 'D94', 'D97', 'D98']","['D10', 'D14', 'D19', 'D2', 'D23', 'D25', 'D28', 'D29', 'D3', 'D37', 'D38', 'D4', 'D41', 'D43', 'D44', 'D45', 'D46', 'D5', 'D50', 'D52', 'D58', 'D6', 'D60', 'D64', 'D65', 'D66', 'D70', 'D71', 'D73', 'D76', 'D77', 'D82', 'D83', 'D84', 'D87', 'D88', 'D89']","['D10', 'D14', 'D19', 'D2', 'D23', 'D25', 'D28', 'D29', 'D3', 'D37', 'D38', 'D4', 'D41', 'D43', 'D44', 'D45', 'D46', 'D5', 'D50', 'D52', 'D58', 'D6', 'D60', 'D64', 'D65', 'D66', 'D70', 'D71', 'D73', 'D76', 'D77', 'D82', 'D83', 'D84', 'D87', 'D89', 'D95', 'D96']"
2,B77,[],[],"['D10', 'D14', 'D19', 'D2', 'D23', 'D25', 'D28', 'D29', 'D3', 'D37', 'D38', 'D4', 'D41', 'D43', 'D44', 'D45', 'D46', 'D5', 'D50', 'D52', 'D58', 'D6', 'D60', 'D64', 'D65', 'D66', 'D70', 'D71', 'D73', 'D76', 'D77', 'D82', 'D83', 'D84', 'D87', 'D89', 'D95', 'D96']","['D10', 'D14', 'D19', 'D2', 'D23', 'D25', 'D28', 'D29', 'D3', 'D37', 'D38', 'D4', 'D41', 'D43', 'D44', 'D45', 'D46', 'D5', 'D50', 'D52', 'D58', 'D6', 'D60', 'D64', 'D65', 'D66', 'D70', 'D71', 'D73', 'D76', 'D77', 'D82', 'D83', 'D84', 'D87', 'D89', 'D95', 'D96']"
2,B78,[],[],"['D10', 'D14', 'D19', 'D2', 'D23', 'D25', 'D28', 'D29', 'D3', 'D37', 'D38', 'D4', 'D41', 'D43', 'D44', 'D45', 'D46', 'D5', 'D50', 'D52', 'D58', 'D6', 'D60', 'D64', 'D65', 'D66', 'D70', 'D71', 'D73', 'D76', 'D77', 'D82', 'D83', 'D84', 'D87', 'D89', 'D95', 'D96']","['D10', 'D14', 'D19', 'D2', 'D23', 'D25', 'D28', 'D29', 'D3', 'D37', 'D38', 'D4', 'D41', 'D43', 'D44', 'D45', 'D46', 'D5', 'D50', 'D52', 'D58', 'D6', 'D60', 'D64', 'D65', 'D66', 'D70', 'D71', 'D73', 'D76', 'D77', 'D82', 'D83', 'D84', 'D87', 'D89', 'D95', 'D96']"
2,B79,[],[],"['D10', 'D14', 'D19', 'D2', 'D23', 'D25', 'D28', 'D29', 'D3', 'D37', 'D38', 'D4', 'D41', 'D43', 'D44', 'D45', 'D46', 'D5', 'D50', 'D52', 'D58', 'D6', 'D60', 'D64', 'D65', 'D66', 'D70', 'D71', 'D73', 'D76', 'D77', 'D82', 'D83', 'D84', 'D87', 'D89', 'D95', 'D96']","['D10', 'D14', 'D19', 'D2', 'D23', 'D25', 'D28', 'D29', 'D3', 'D37', 'D38', 'D4', 'D41', 'D43', 'D44', 'D45', 'D46', 'D5', 'D50', 'D52', 'D58', 'D6', 'D60', 'D64', 'D65', 'D66', 'D70', 'D71', 'D73', 'D76', 'D77', 'D82', 'D83', 'D84', 'D87', 'D89', 'D95', 'D96']"
2,B80,['D97'],"['D96', 'D98']","['D10', 'D14', 'D19', 'D2', 'D23', 'D25', 'D28', 'D29', 'D3', 'D37', 'D38', 'D4', 'D41', 'D43', 'D44', 'D45', 'D46', 'D5', 'D50', 'D52', 'D58', 'D6', 'D60', 'D64', 'D65', 'D66', 'D70', 'D71', 'D73', 'D76', 'D77', 'D82', 'D83', 'D84', 'D87', 'D89', 'D95', 'D96']","['D10', 'D14', 'D19', 'D2', 'D23', 'D25', 'D28', 'D29', 'D3', 'D37', 'D38', 'D4', 'D41', 'D43', 'D44', 'D45', 'D46', 'D5', 'D50', 'D52', 'D58', 'D6', 'D60', 'D64', 'D65', 'D66', 'D70', 'D71', 'D73', 'D76', 'D77', 'D82', 'D83', 'D84', 'D87', 'D89', 'D95', 'D97']"
2,B81,[],[],"['D10', 'D14', 'D19', 'D2', 'D23', 'D25', 'D28', 'D29', 'D3', 'D37', 'D38', 'D4', 'D41', 'D43', 'D44', 'D45', 'D46', 'D5', 'D50', 'D52', 'D58', 'D6', 'D60', 'D64', 'D65', 'D66', 'D70', 'D71', 'D73', 'D76', 'D77', 'D82', 'D83', 'D84', 'D87', 'D89', 'D95', 'D97']","['D10', 'D14', 'D19', 'D2', 'D23', 'D25', 'D28', 'D29', 'D3', 'D37', 'D38', 'D4', 'D41', 'D43', 'D44', 'D45', 'D46', 'D5', 'D50', 'D52', 'D58', 'D6', 'D60', 'D64', 'D65', 'D66', 'D70', 'D71', 'D73', 'D76', 'D77', 'D82', 'D83', 'D84', 'D87', 'D89', 'D95', 'D97']"
2,B82,['D98'],"['D96', 'D97']","['D10', 'D14', 'D19', 'D2', 'D23', 'D25', 'D28', 'D29', 'D3', 'D37', 'D38', 'D4', 'D41', 'D43', 'D44', 'D45', 'D46', 'D5', 'D50', 'D52', 'D58', 'D6', 'D60', 'D64', 'D65', 'D66', 'D70', 'D71', 'D73', 'D76', 'D77', 'D82', 'D83', 'D84', 'D87', 'D89', 'D95', 'D96']","['D10', 'D14', 'D19', 'D2', 'D23', 'D25', 'D28', 'D29', 'D3', 'D37', 'D38', 'D4', 'D41', 'D43', 'D44', 'D45', 'D46', 'D5', 'D50', 'D52', 'D58', 'D6', 'D60', 'D64', 'D65', 'D66', 'D70', 'D71', 'D73', 'D76', 'D77', 'D82', 'D83', 'D84', 'D87', 'D89', 'D95', 'D98']"
2,B83,[],[],"['D10', 'D14', 'D19', 'D2', 'D23', 'D25', 'D28', 'D29', 'D3', 'D37', 'D38', 'D4', 'D41', 'D43', 'D44', 'D45', 'D46', 'D5', 'D50', 'D52', 'D58', 'D6', 'D60', 'D64', 'D65', 'D66', 'D70', 'D71', 'D73', 'D76', 'D77', 'D82', 'D83', 'D84', 'D87', 'D89', 'D95', 'D96']","['D10', 'D14', 'D19', 'D2', 'D23', 'D25', 'D28', 'D29', 'D3', 'D37', 'D38', 'D4', 'D41', 'D43', 'D44', 'D45', 'D46', 'D5', 'D50', 'D52', 'D58', 'D6', 'D60', 'D64', 'D65', 'D66', 'D70', 'D71', 'D73', 'D76', 'D77', 'D82', 'D83', 'D84', 'D87', 'D89', 'D95', 'D96']"
2,B84,['D99'],['D101'],"['D10', 'D14', 'D19', 'D2', 'D23', 'D25', 'D28', 'D29', 'D3', 'D37', 'D38', 'D4', 'D41', 'D43', 'D44', 'D45', 'D46', 'D5', 'D50', 'D52', 'D58', 'D6', 'D60', 'D64', 'D65', 'D66', 'D70', 'D71', 'D73', 'D76', 'D77', 'D82', 'D83', 'D84', 'D87', 'D89', 'D95', 'D96']","['D10', 'D14', 'D19', 'D2', 'D23', 'D25', 'D28', 'D29', 'D3', 'D37', 'D38', 'D4', 'D41', 'D43', 'D44', 'D45', 'D46', 'D5', 'D50', 'D52', 'D58', 'D6', 'D60', 'D64', 'D65', 'D66', 'D70', 'D71', 'D73', 'D76', 'D77', 'D82', 'D83', 'D84', 'D87', 'D89', 'D95', 'D96', 'D99']"
2,B85,[],[],"['D10', 'D14', 'D19', 'D2', 'D23', 'D25', 'D28', 'D29', 'D3', 'D37', 'D38', 'D4', 'D41', 'D43', 'D44', 'D45', 'D46', 'D5', 'D50', 'D52', 'D58', 'D6', 'D60', 'D64', 'D65', 'D66', 'D70', 'D71', 'D73', 'D76', 'D77', 'D82', 'D83', 'D84', 'D87', 'D89', 'D95', 'D96', 'D99']","['D10', 'D14', 'D19', 'D2', 'D23', 'D25', 'D28', 'D29', 'D3', 'D37', 'D38', 'D4', 'D41', 'D43', 'D44', 'D45', 'D46', 'D5', 'D50', 'D52', 'D58', 'D6', 'D60', 'D64', 'D65', 'D66', 'D70', 'D71', 'D73', 'D76', 'D77', 'D82', 'D83', 'D84', 'D87', 'D89', 'D95', 'D96', 'D99']"
2,B86,"['D100', 'D101']","['D104', 'D67', 'D68', 'D99']","['D10', 'D14', 'D19', 'D2', 'D23', 'D25', 'D28', 'D29', 'D3', 'D37', 'D38', 'D4', 'D41', 'D43', 'D44', 'D45', 'D46', 'D5', 'D50', 'D52', 'D58', 'D6', 'D60', 'D64', 'D65', 'D66', 'D70', 'D71', 'D73', 'D76', 'D77', 'D82', 'D83', 'D84', 'D87', 'D89', 'D95', 'D96', 'D99']","['D10', 'D100', 'D101', 'D14', 'D19', 'D2', 'D23', 'D25', 'D28', 'D29', 'D3', 'D37', 'D38', 'D4', 'D41', 'D43', 'D44', 'D45', 'D46', 'D5', 'D50', 'D52', 'D58', 'D6', 'D60', 'D64', 'D65', 'D66', 'D70', 'D71', 'D73', 'D76', 'D77', 'D82', 'D83', 'D84', 'D87', 'D89', 'D95', 'D96']"
2,B87,"['D102', 'D103']","['D105', 'D15']","['D10', 'D14', 'D19', 'D2', 'D23', 'D25', 'D28', 'D29', 'D3', 'D37', 'D38', 'D4', 'D41', 'D43', 'D44', 'D45', 'D46', 'D5', 'D50', 'D52', 'D58', 'D6', 'D60', 'D64', 'D65', 'D66', 'D70', 'D71', 'D73', 'D76', 'D77', 'D82', 'D83', 'D84', 'D87', 'D89', 'D95', 'D96', 'D99']","['D10', 'D102', 'D103', 'D14', 'D19', 'D2', 'D23', 'D25', 'D28', 'D29', 'D3', 'D37', 'D38', 'D4', 'D41', 'D43', 'D44', 'D45', 'D46', 'D5', 'D50', 'D52', 'D58', 'D6', 'D60', 'D64', 'D65', 'D66', 'D70', 'D71', 'D73', 'D76', 'D77', 'D82', 'D83', 'D84', 'D87', 'D89', 'D95', 'D96', 'D99']"
2,B88,[],[],"['D10', 'D102', 'D103', 'D14', 'D19', 'D2', 'D23', 'D25', 'D28', 'D29', 'D3', 'D37', 'D38', 'D4', 'D41', 'D43', 'D44', 'D45', 'D46', 'D5', 'D50', 'D52', 'D58', 'D6', 'D60', 'D64', 'D65', 'D66', 'D70', 'D71', 'D73', 'D76', 'D77', 'D82', 'D83', 'D84', 'D87', 'D89', 'D95', 'D96', 'D99']","['D10', 'D102', 'D103', 'D14', 'D19', 'D2', 'D23', 'D25', 'D28', 'D29', 'D3', 'D37', 'D38', 'D4', 'D41', 'D43', 'D44', 'D45', 'D46', 'D5', 'D50', 'D52', 'D58', 'D6', 'D60', 'D64', 'D65', 'D66', 'D70', 'D71', 'D73', 'D76', 'D77', 'D82', 'D83', 'D84', 'D87', 'D89', 'D95', 'D96', 'D99']"
2,B89,"['D104', 'D105']","['D100', 'D102', 'D67', 'D68']","['D10', 'D102', 'D103', 'D14', 'D19', 'D2', 'D23', 'D25', 'D28', 'D29', 'D3', 'D37', 'D38', 'D4', 'D41', 'D43', 'D44', 'D45', 'D46', 'D5', 'D50', 'D52', 'D58', 'D6', 'D60', 'D64', 'D65', 'D66', 'D70', 'D71', 'D73', 'D76', 'D77', 'D82', 'D83', 'D84', 'D87', 'D89', 'D95', 'D96', 'D99']","['D10', 'D103', 'D104', 'D105', 'D14', 'D19', 'D2', 'D23', 'D25', 'D28', 'D29', 'D3', 'D37', 'D38', 'D4', 'D41', 'D43', 'D44', 'D45', 'D46', 'D5', 'D50', 'D52', 'D58', 'D6', 'D60', 'D64', 'D65', 'D66', 'D70', 'D71', 'D73', 'D76', 'D77', 'D82', 'D83', 'D84', 'D87', 'D89', 'D95', 'D96', 'D99']"
2,B90,[],[],"['D10', 'D102', 'D103', 'D14', 'D19', 'D2', 'D23', 'D25', 'D28', 'D29', 'D3', 'D37', 'D38', 'D4', 'D41', 'D43', 'D44', 'D45', 'D46', 'D5', 'D50', 'D52', 'D58', 'D6', 'D60', 'D64', 'D65', 'D66', 'D70', 'D71', 'D73', 'D76', 'D77', 'D82', 'D83', 'D84', 'D87', 'D89', 'D95', 'D96', 'D99']","['D10', 'D102', 'D103', 'D14', 'D19', 'D2', 'D23', 'D25', 'D28', 'D29', 'D3', 'D37', 'D38', 'D4', 'D41', 'D43', 'D44', 'D45', 'D46', 'D5', 'D50', 'D52', 'D58', 'D6', 'D60', 'D64', 'D65', 'D66', 'D70', 'D71', 'D73', 'D76', 'D77', 'D82', 'D83', 'D84', 'D87', 'D89', 'D95', 'D96', 'D99']"
3,B0,"['D1', 'D2', 'D3', 'D4', 'D5', 'D6', 'D7']","['D10', 'D89', 'D9', 'D92']",[],"['D1', 'D2', 'D3', 'D4', 'D5', 'D6', 'D7']"
3,B1,[],[],"['D1', 'D2', 'D3', 'D4', 'D5', 'D6', 'D7', 'D8', 'D9']","['D1', 'D2', 'D3', 'D4', 'D5', 'D6', 'D7', 'D8', 'D9']"
3,B2,"['D8', 'D9']","['D10', 'D39', 'D47', 'D53', 'D61', 'D7']","['D1', 'D2', 'D3', 'D4', 'D5', 'D6', 'D7', 'D8', 'D9']","['D1', 'D2', 'D3', 'D4', 'D5', 'D6', 'D8', 'D9']"
3,B3,['D10'],"['D7', 'D9']","['D1', 'D2', 'D3', 'D4', 'D5', 'D6', 'D7', 'D8', 'D9']","['D1', 'D10', 'D2', 'D3', 'D4', 'D5', 'D6', 'D8']"
3,B4,[],[],"['D1', 'D10', 'D11', 'D12', 'D13', 'D2', 'D3', 'D4', 'D5', 'D6', 'D8']","['D1', 'D10', 'D11', 'D12', 'D13', 'D2', 'D3', 'D4', 'D5', 'D6', 'D8']"
3,B5,"['D11', 'D12', 'D13']","['D14', 'D16', 'D17']","['D1', 'D10', 'D11', 'D12', 'D13', 'D2', 'D3', 'D4', 'D5', 'D6', 'D8']","['D1', 'D10', 'D11', 'D12', 'D13', 'D2', 'D3', 'D4', 'D5', 'D6', 'D8']"
3,B6,['D14'],['D13'],"['D1', 'D10', 'D11', 'D12', 'D13', 'D2', 'D3', 'D4', 'D5', 'D6', 'D8']","['D1', 'D10', 'D11', 'D12', 'D14', 'D2', 'D3', 'D4', 'D5', 'D6', 'D8']"
3,B7,[],[],"['D1', 'D10', 'D11', 'D12', 'D14', 'D15', 'D16', 'D17', 'D18', 'D2', 'D3', 'D4', 'D5', 'D6', 'D8']","['D1', 'D10', 'D11', 'D12', 'D14', 'D15', 'D16', 'D17', 'D18', 'D2', 'D3', 'D4', 'D5', 'D6', 'D8']"
3,B8,"['D15', 'D16', 'D17', 'D18']","['D103', 'D11', 'D12', 'D19']","['D1', 'D10', 'D11', 'D12', 'D14', 'D15', 'D16', 'D17', 'D18', 'D2', 'D3', 'D4', 'D5', 'D6', 'D8']","['D1', 'D10', 'D14', 'D15', 'D16', 'D17', 'D18', 'D2', 'D3', 'D4', 'D5', 'D6', 'D8']"
3,B9,"['D19', 'D20']","['D18', 'D22', 'D23']","['D1', 'D10', 'D11', 'D12', 'D14', 'D15', 'D16', 'D17', 'D18', 'D2', 'D3', 'D4', 'D5', 'D6', 'D8']","['D1', 'D10', 'D11', 'D12', 'D14', 'D15', 'D16', 'D17', 'D19', 'D2', 'D20', 'D3', 'D4', 'D5', 'D6', 'D8']"
3,B10,[],[],"['D1', 'D10', 'D11', 'D12', 'D14', 'D15', 'D16', 'D17', 'D19', 'D2', 'D20', 'D21', 'D22', 'D3', 'D4', 'D5', 'D6', 'D8']","['D1', 'D10', 'D11', 'D12', 'D14', 'D15', 'D16', 'D17', 'D19', 'D2', 'D20', 'D21', 'D22', 'D3', 'D4', 'D5', 'D6', 'D8']"
3,B11,"['D21', 'D22']","['D20', 'D23']","['D1', 'D10', 'D11', 'D12', 'D14', 'D15', 'D16', 'D17', 'D19', 'D2', 'D20', 'D21', 'D22', 'D3', 'D4', 'D5', 'D6', 'D8']","['D1', 'D10', 'D11', 'D12', 'D14', 'D15', 'D16', 'D17', 'D19', 'D2', 'D21', 'D22', 'D3', 'D4', 'D5', 'D6', 'D8']"
3,B12,"['D23', 'D24', 'D25']","['D20', 'D22', 'D27', 'D28']","['D1', 'D10', 'D11', 'D12', 'D14', 'D15', 'D16', 'D17', 'D19', 'D2', 'D20', 'D21', 'D22', 'D3', 'D4', 'D5', 'D6', 'D8']","['D1', 'D10', 'D11', 'D12', 'D14', 'D15', 'D16', 'D17', 'D19', 'D2', 'D21', 'D23', 'D24', 'D25', 'D3', 'D4', 'D5', 'D6', 'D8']"
3,B13,[],[],"['D1', 'D10', 'D11', 'D12', 'D14', 'D15', 'D16', 'D17', 'D19', 'D2', 'D21', 'D23', 'D24', 'D25', 'D26', 'D27', 'D3', 'D4', 'D5', 'D6', 'D8']","['D1', 'D10', 'D11', 'D12', 'D14', 'D15', 'D16', 'D17', 'D19', 'D2', 'D21', 'D23', 'D24', 'D25', 'D26', 'D27', 'D3', 'D4', 'D5', 'D6', 'D8']"
3,B14,"['D26', 'D27']","['D24', 'D28', 'D90']","['D1', 'D10', 'D11', 'D12', 'D14', 'D15', 'D16', 'D17', 'D19', 'D2', 'D21', 'D23', 'D24', 'D25', 'D26', 'D27', 'D3', 'D4', 'D5', 'D6', 'D8']","['D1', 'D10', 'D11', 'D12', 'D14', 'D15', 'D16', 'D17', 'D19', 'D2', 'D21', 'D23', 'D25', 'D26', 'D27', 'D3', 'D4', 'D5', 'D6', 'D8']"
3,B15,"['D28', 'D29']","['D24', 'D27', 'D34', 'D35']","['D1', 'D10', 'D11', 'D12', 'D14', 'D15', 'D16', 'D17', 'D19', 'D2', 'D21', 'D23', 'D24', 'D25', 'D26', 'D27', 'D3', 'D4', 'D5', 'D6', 'D8']","['D1', 'D10', 'D11', 'D12', 'D14', 'D15', 'D16', 'D17', 'D19', 'D2', 'D21', 'D23', 'D25', 'D26', 'D28', 'D29', 'D3', 'D4', 'D5', 'D6', 'D8']"
3,B16,[],[],"['D1', 'D10', 'D11', 'D12', 'D14', 'D15', 'D16', 'D17', 'D19', 'D2', 'D21', 'D23', 'D25', 'D26', 'D28', 'D29', 'D3', 'D30', 'D31', 'D32', 'D34', 'D4', 'D5', 'D6', 'D8']","['D1', 'D10', 'D11', 'D12', 'D14', 'D15', 'D16', 'D17', 'D19', 'D2', 'D21', 'D23', 'D25', 'D26', 'D28', 'D29', 'D3', 'D30', 'D31', 'D32', 'D34', 'D4', 'D5', 'D6', 'D8']"
3,B17,"['D30', 'D31', 'D32']","['D33', 'D38']","['D1', 'D10', 'D11', 'D12', 'D14', 'D15', 'D16', 'D17', 'D19', 'D2', 'D21', 'D23', 'D25', 'D26', 'D28', 'D29', 'D3', 'D30', 'D31', 'D32', 'D34', 'D4', 'D5', 'D6', 'D8']","['D1', 'D10', 'D11', 'D12', 'D14', 'D15', 'D16', 'D17', 'D19', 'D2', 'D21', 'D23', 'D25', 'D26', 'D28', 'D29', 'D3', 'D30', 'D31', 'D32', 'D34', 'D4', 'D5', 'D6', 'D8']"
3,B18,[],[],"['D1', 'D10', 'D11', 'D12', 'D14', 'D15', 'D16', 'D17', 'D19', 'D2', 'D21', 'D23', 'D25', 'D26', 'D28', 'D29', 'D3', 'D30', 'D31', 'D32', 'D33', 'D34', 'D4', 'D5', 'D6', 'D8']","['D1', 'D10', 'D11', 'D12', 'D14', 'D15', 'D16', 'D17', 'D19', 'D2', 'D21', 'D23', 'D25', 'D26', 'D28', 'D29', 'D3', 'D30', 'D31', 'D32', 'D33', 'D34', 'D4', 'D5', 'D6', 'D8']"
3,B19,['D33'],['D32'],"['D1', 'D10', 'D11', 'D12', 'D14', 'D15', 'D16', 'D17', 'D19', 'D2', 'D21', 'D23', 'D25', 'D26', 'D28', 'D29', 'D3', 'D30', 'D31', 'D32', 'D33', 'D34', 'D4', 'D5', 'D6', 'D8']","['D1', 'D10', 'D11', 'D12', 'D14', 'D15', 'D16', 'D17', 'D19', 'D2', 'D21', 'D23', 'D25', 'D26', 'D28', 'D29', 'D3', 'D30', 'D31', 'D33', 'D34', 'D4', 'D5', 'D6', 'D8']"
3,B20,['D34'],"['D29', 'D35']","['D1', 'D10', 'D11', 'D12', 'D14', 'D15', 'D16', 'D17', 'D19', 'D2', 'D21', 'D23', 'D25', 'D26', 'D28', 'D29', 'D3', 'D30', 'D31', 'D32', 'D33', 'D34', 'D4', 'D5', 'D6', 'D8']","['D1', 'D10', 'D11', 'D12', 'D14', 'D15', 'D16', 'D17', 'D19', 'D2', 'D21', 'D23', 'D25', 'D26', 'D28', 'D3', 'D30', 'D31', 'D32', 'D33', 'D34', 'D4', 'D5', 'D6', 'D8']"
3,B21,[],[],"['D1', 'D10', 'D11', 'D12', 'D14', 'D15', 'D16', 'D17', 'D19', 'D2', 'D21', 'D23', 'D25', 'D26', 'D28', 'D29', 'D3', 'D30', 'D31', 'D32', 'D34', 'D4', 'D5', 'D6', 'D8']","['D1', 'D10', 'D11', 'D12', 'D14', 'D15', 'D16', 'D17', 'D19', 'D2', 'D21', 'D23', 'D25', 'D26', 'D28', 'D29', 'D3', 'D30', 'D31', 'D32', 'D34', 'D4', 'D5', 'D6', 'D8']"
3,B22,[],[],"['D1', 'D10', 'D11', 'D12', 'D14', 'D15', 'D16', 'D17', 'D19', 'D2', 'D21', 'D23', 'D25', 'D26', 'D28', 'D29', 'D3', 'D30', 'D31', 'D32', 'D34', 'D35', 'D4', 'D5', 'D6', 'D8']","['D1', 'D10', 'D11', 'D12', 'D14', 'D15', 'D16', 'D17', 'D19', 'D2', 'D21', 'D23', 'D25', 'D26', 'D28', 'D29', 'D3', 'D30', 'D31', 'D32', 'D34', 'D35', 'D4', 'D5', 'D6', 'D8']"
3,B23,['D35'],"['D29', 'D34']","['D1', 'D10', 'D11', 'D12', 'D14', 'D15', 'D16', 'D17', 'D19', 'D2', 'D21', 'D23', 'D25', 'D26', 'D28', 'D29', 'D3', 'D30', 'D31', 'D32', 'D34', 'D35', 'D4', 'D5', 'D6', 'D8']","['D1', 'D10', 'D11', 'D12', 'D14', 'D15', 'D16', 'D17', 'D19', 'D2', 'D21', 'D23', 'D25', 'D26', 'D28', 'D3', 'D30', 'D31', 'D32', 'D35', 'D4', 'D5', 'D6', 'D8']"
3,B24,[],[],"['D1', 'D10', 'D11', 'D12', 'D14', 'D15', 'D16', 'D17', 'D19', 'D2', 'D21', 'D23', 'D25', 'D26', 'D28', 'D29', 'D3', 'D30', 'D31', 'D32', 'D34', 'D35', 'D4', 'D5', 'D6', 'D8']","['D1', 'D10', 'D11', 'D12', 'D14', 'D15', 'D16', 'D17', 'D19', 'D2', 'D21', 'D23', 'D25', 'D26', 'D28', 'D29', 'D3', 'D30', 'D31', 'D32', 'D34', 'D35', 'D4', 'D5', 'D6', 'D8']"
3,B25,"['D36', 'D37', 'D38']","['D31', 'D40', 'D41']","['D1', 'D10', 'D11', 'D12', 'D14', 'D15', 'D16', 'D17', 'D19', 'D2', 'D21', 'D23', 'D25', 'D26', 'D28', 'D29', 'D3', 'D30', 'D31', 'D32', 'D34', 'D4', 'D5', 'D6', 'D8']","['D1', 'D10', 'D11', 'D12', 'D14', 'D15', 'D16', 'D17', 'D19', 'D2', 'D21', 'D23', 'D25', 'D26', 'D28', 'D29', 'D3', 'D30', 'D32', 'D34', 'D36', 'D37', 'D38', 'D4', 'D5', 'D6', 'D8']"
3,B26,[],[],"['D1', 'D10', 'D11', 'D12', 'D14', 'D15', 'D16', 'D17', 'D19', 'D2', 'D21', 'D23', 'D25', 'D26', 'D28', 'D29', 'D3', 'D30', 'D32', 'D34', 'D36', 'D37', 'D38', 'D39', 'D4', 'D40', 'D5', 'D6', 'D8']","['D1', 'D10', 'D11', 'D12', 'D14', 'D15', 'D16', 'D17', 'D19', 'D2', 'D21', 'D23', 'D25', 'D26', 'D28', 'D29', 'D3', 'D30', 'D32', 'D34', 'D36', 'D37', 'D38', 'D39', 'D4', 'D40', 'D5', 'D6', 'D8']"
3,B27,"['D39', 'D40']","['D36', 'D41', 'D47', 'D53', 'D61', 'D8']","['D1', 'D10', 'D11', 'D12', 'D14', 'D15', 'D16', 'D17', 'D19', 'D2', 'D21', 'D23', 'D25', 'D26', 'D28', 'D29', 'D3', 'D30', 'D32', 'D34', 'D36', 'D37', 'D38', 'D39', 'D4', 'D40', 'D5', 'D6', 'D8']","['D1', 'D10', 'D11', 'D12', 'D14', 'D15', 'D16', 'D17', 'D19', 'D2', 'D21', 'D23', 'D25', 'D26', 'D28', 'D29', 'D3', 'D30', 'D32', 'D34', 'D37', 'D38', 'D39', 'D4', 'D40', 'D5', 'D6']"
3,B28,"['D41', 'D42', 'D43', 'D44', 'D45', 'D46']","['D36', 'D40', 'D49', 'D50']","['D1', 'D10', 'D11', 'D12', 'D14', 'D15', 'D16', 'D17', 'D19', 'D2', 'D21', 'D23', 'D25', 'D26', 'D28', 'D29', 'D3', 'D30', 'D32', 'D34', 'D36', 'D37', 'D38', 'D39', 'D4', 'D40', 'D5', 'D6', 'D8']","['D1', 'D10', 'D11', 'D12', 'D14', 'D15', 'D16', 'D17', 'D19', 'D2', 'D21', 'D23', 'D25', 'D26', 'D28', 'D29', 'D3', 'D30', 'D32', 'D34', 'D37', 'D38', 'D39', 'D4', 'D41', 'D42', 'D43', 'D44', 'D45', 'D46', 'D5', 'D6', 'D8']"
3,B29,[],[],"['D1', 'D10', 'D11', 'D12', 'D14', 'D15', 'D16', 'D17', 'D19', 'D2', 'D21', 'D23', 'D25', 'D26', 'D28', 'D29', 'D3', 'D30', 'D32', 'D34', 'D37', 'D38', 'D39', 'D4', 'D41', 'D42', 'D43', 'D44', 'D45', 'D46', 'D5', 'D6', 'D8']","['D1', 'D10', 'D11', 'D12', 'D14', 'D15', 'D16', 'D17', 'D19', 'D2', 'D21', 'D23', 'D25', 'D26', 'D28', 'D29', 'D3', 'D30', 'D32', 'D34', 'D37', 'D38', 'D39', 'D4', 'D41', 'D42', 'D43', 'D44', 'D45', 'D46', 'D5', 'D6', 'D8']"
3,B30,[],[],"['D1', 'D10', 'D11', 'D12', 'D14', 'D15', 'D16', 'D17', 'D19', 'D2', 'D21', 'D23', 'D25', 'D26', 'D28', 'D29', 'D3', 'D30', 'D32', 'D34', 'D37', 'D38', 'D39', 'D4', 'D41', 'D42', 'D43', 'D44', 'D45', 'D46', 'D47', 'D48', 'D49', 'D5', 'D6', 'D8']","['D1', 'D10', 'D11', 'D12', 'D14', 'D15', 'D16', 'D17', 'D19', 'D2', 'D21', 'D23', 'D25', 'D26', 'D28', 'D29', 'D3', 'D30', 'D32', 'D34', 'D37', 'D38', 'D39', 'D4', 'D41', 'D42', 'D43', 'D44', 'D45', 'D46', 'D47', 'D48', 'D49', 'D5', 'D6', 'D8']"
3,B31,"['D47', 'D48', 'D49']","['D39', 'D42', 'D50', 'D53', 'D54', 'D61', 'D62', 'D8']","['D1', 'D10', 'D11', 'D12', 'D14', 'D15', 'D16', 'D17', 'D19', 'D2', 'D21', 'D23', 'D25', 'D26', 'D28', 'D29', 'D3', 'D30', 'D32', 'D34', 'D37', 'D38', 'D39', 'D4', 'D41', 'D42', 'D43', 'D44', 'D45', 'D46', 'D47', 'D48', 'D49', 'D5', 'D6', 'D8']","['D1', 'D10', 'D11', 'D12', 'D14', 'D15', 'D16', 'D17', 'D19', 'D2', 'D21', 'D23', 'D25', 'D26', 'D28', 'D29', 'D3', 'D30', 'D32', 'D34', 'D37', 'D38', 'D4', 'D41', 'D43', 'D44', 'D45', 'D46', 'D47', 'D48', 'D49', 'D5', 'D6']"
3,B32,[],[],"['D1', 'D10', 'D11', 'D12', 'D14', 'D15', 'D16', 'D17', 'D19', 'D2', 'D21', 'D23', 'D25', 'D26', 'D28', 'D29', 'D3', 'D30', 'D32', 'D34', 'D37', 'D38', 'D39', 'D4', 'D41', 'D42', 'D43', 'D44', 'D45', 'D46', 'D47', 'D48', 'D49', 'D5', 'D6', 'D8']","['D1', 'D10', 'D11', 'D12', 'D14', 'D15', 'D16', 'D17', 'D19', 'D2', 'D21', 'D23', 'D25', 'D26', 'D28', 'D29', 'D3', 'D30', 'D32', 'D34', 'D37', 'D38', 'D39', 'D4', 'D41', 'D42', 'D43', 'D44', 'D45', 'D46', 'D47', 'D48', 'D49', 'D5', 'D6', 'D8']"
3,B33,"['D50', 'D51', 'D52']","['D42', 'D49', 'D56', 'D57', 'D58']","['D1', 'D10', 'D11', 'D12', 'D14', 'D15', 'D16', 'D17', 'D19', 'D2', 'D21', 'D23', 'D25', 'D26', 'D28', 'D29', 'D3', 'D30', 'D32', 'D34', 'D37', 'D38', 'D39', 'D4', 'D41', 'D42', 'D43', 'D44', 'D45', 'D46', 'D5', 'D6', 'D8']","['D1', 'D10', 'D11', 'D12', 'D14', 'D15', 'D16', 'D17', 'D19', 'D2', 'D21', 'D23', 'D25', 'D26', 'D28', 'D29', 'D3', 'D30', 'D32', 'D34', 'D37', 'D38', 'D39', 'D4', 'D41', 'D43', 'D44', 'D45', 'D46', 'D5', 'D50', 'D51', 'D52', 'D6', 'D8']"
3,B34,[],[],"['D1', 'D10', 'D11', 'D12', 'D14', 'D15', 'D16', 'D17', 'D19', 'D2', 'D21', 'D23', 'D25', 'D26', 'D28', 'D29', 'D3', 'D30', 'D32', 'D34', 'D37', 'D38', 'D39', 'D4', 'D41', 'D43', 'D44', 'D45', 'D46', 'D5', 'D50', 'D51', 'D52', 'D55', 'D56', 'D6', 'D61', 'D62', 'D8']","['D1', 'D10', 'D11', 'D12', 'D14', 'D15', 'D16', 'D17', 'D19', 'D2', 'D21', 'D23', 'D25', 'D26', 'D28', 'D29', 'D3', 'D30', 'D32', 'D34', 'D37', 'D38', 'D39', 'D4', 'D41', 'D43', 'D44', 'D45', 'D46', 'D5', 'D50', 'D51', 'D52', 'D55', 'D56', 'D6', 'D61', 'D62', 'D8']"
3,B35,"['D55', 'D61', 'D62']","['D39', 'D47', 'D48', 'D53', 'D54', 'D8']","['D1', 'D10', 'D11', 'D12', 'D14', 'D15', 'D16', 'D17', 'D19', 'D2', 'D21', 'D23', 'D25', 'D26', 'D28', 'D29', 'D3', 'D30', 'D32', 'D34', 'D37', 'D38', 'D39', 'D4', 'D41', 'D43', 'D44', 'D45', 'D46', 'D5', 'D50', 'D51', 'D52', 'D55', 'D56', 'D6', 'D61', 'D62', 'D8']","['D1', 'D10', 'D11', 'D12', 'D14', 'D15', 'D16', 'D17', 'D19', 'D2', 'D21', 'D23', 'D25', 'D26', 'D28', 'D29', 'D3', 'D30', 'D32', 'D34', 'D37', 'D38', 'D4', 'D41', 'D43', 'D44', 'D45', 'D46', 'D5', 'D50', 'D51', 'D52', 'D55', 'D56', 'D6', 'D61', 'D62']"
3,B36,[],[],"['D1', 'D10', 'D11', 'D12', 'D14', 'D15', 'D16', 'D17', 'D19', 'D2', 'D21', 'D23', 'D25', 'D26', 'D28', 'D29', 'D3', 'D30', 'D32', 'D34', 'D37', 'D38', 'D4', 'D41', 'D43', 'D44', 'D45', 'D46', 'D5', 'D50', 'D51', 'D52', 'D55', 'D56', 'D6', 'D61', 'D62']","['D1', 'D10', 'D11', 'D12', 'D14', 'D15', 'D16', 'D17', 'D19', 'D2', 'D21', 'D23', 'D25', 'D26', 'D28', 'D29', 'D3', 'D30', 'D32', 'D34', 'D37', 'D38', 'D4', 'D41', 'D43', 'D44', 'D45', 'D46', 'D5', 'D50', 'D51', 'D52', 'D55', 'D56', 'D6', 'D61', 'D62']"
3,B37,['D56'],"['D51', 'D57', 'D58']","['D1', 'D10', 'D11', 'D12', 'D14', 'D15', 'D16', 'D17', 'D19', 'D2', 'D21', 'D23', 'D25', 'D26', 'D28', 'D29', 'D3', 'D30', 'D32', 'D34', 'D37', 'D38', 'D4', 'D41', 'D43', 'D44', 'D45', 'D46', 'D5', 'D50', 'D51', 'D52', 'D55', 'D56', 'D6', 'D61', 'D62']","['D1', 'D10', 'D11', 'D12', 'D14', 'D15', 'D16', 'D17', 'D19', 'D2', 'D21', 'D23', 'D25', 'D26', 'D28', 'D29', 'D3', 'D30', 'D32', 'D34', 'D37', 'D38', 'D4', 'D41', 'D43', 'D44', 'D45', 'D46', 'D5', 'D50', 'D52', 'D55', 'D56', 'D6', 'D61', 'D62']"
3,B38,[],[],"['D1', 'D10', 'D11', 'D12', 'D14', 'D15', 'D16', 'D17', 'D19', 'D2', 'D21', 'D23', 'D25', 'D26', 'D28', 'D29', 'D3', 'D30', 'D32', 'D34', 'D37', 'D38', 'D4', 'D41', 'D43', 'D44', 'D45', 'D46', 'D5', 'D50', 'D51', 'D52', 'D55', 'D56', 'D6', 'D61', 'D62']","['D1', 'D10', 'D11', 'D12', 'D14', 'D15', 'D16', 'D17', 'D19', 'D2', 'D21', 'D23', 'D25', 'D26', 'D28', 'D29', 'D3', 'D30', 'D32', 'D34', 'D37', 'D38', 'D4', 'D41', 'D43', 'D44', 'D45', 'D46', 'D5', 'D50', 'D51', 'D52', 'D55', 'D56', 'D6', 'D61', 'D62']"
3,B39,"['D58', 'D59', 'D60']","['D51', 'D56', 'D57', 'D63', 'D64']","['D1', 'D10', 'D11', 'D12', 'D14', 'D15', 'D16', 'D17', 'D19', 'D2', 'D21', 'D23', 'D25', 'D26', 'D28', 'D29', 'D3', 'D30', 'D32', 'D34', 'D37', 'D38', 'D39', 'D4', 'D41', 'D43', 'D44', 'D45', 'D46', 'D5', 'D50', 'D51', 'D52', 'D55', 'D56', 'D6', 'D61', 'D62', 'D8']","['D1', 'D10', 'D11', 'D12', 'D14', 'D15', 'D16', 'D17', 'D19', 'D2', 'D21', 'D23', 'D25', 'D26', 'D28', 'D29', 'D3', 'D30', 'D32', 'D34', 'D37', 'D38', 'D39', 'D4', 'D41', 'D43', 'D44', 'D45', 'D46', 'D5', 'D50', 'D52', 'D55', 'D58', 'D59', 'D6', 'D60', 'D61', 'D62', 'D8']"
3,B40,[],[],"['D1', 'D10', 'D11', 'D12', 'D14', 'D15', 'D16', 'D17', 'D19', 'D2', 'D21', 'D23', 'D25', 'D26', 'D28', 'D29', 'D3', 'D30', 'D32', 'D34', 'D37', 'D38', 'D39', 'D4', 'D41', 'D43', 'D44', 'D45', 'D46', 'D5', 'D50', 'D52', 'D55', 'D58', 'D59', 'D6', 'D60', 'D61', 'D62', 'D63', 'D8']","['D1', 'D10', 'D11', 'D12', 'D14', 'D15', 'D16', 'D17', 'D19', 'D2', 'D21', 'D23', 'D25', 'D26', 'D28', 'D29', 'D3', 'D30', 'D32', 'D34', 'D37', 'D38', 'D39', 'D4', 'D41', 'D43', 'D44', 'D45', 'D46', 'D5', 'D50', 'D52', 'D55', 'D58', 'D59', 'D6', 'D60', 'D61', 'D62', 'D63', 'D8']"
3,B41,"['D61', 'D62']","['D39', 'D47', 'D48', 'D53', 'D54', 'D8']","['D1', 'D10', 'D11', 'D12', 'D14', 'D15', 'D16', 'D17', 'D19', 'D2', 'D21', 'D23', 'D25', 'D26', 'D28', 'D29', 'D3', 'D30', 'D32', 'D34', 'D37', 'D38', 'D39', 'D4', 'D41', 'D43', 'D44', 'D45', 'D46', 'D5', 'D50', 'D52', 'D55', 'D58', 'D59', 'D6', 'D60', 'D61', 'D62', 'D63', 'D8']","['D1', 'D10', 'D11', 'D12', 'D14', 'D15', 'D16', 'D17', 'D19', 'D2', 'D21', 'D23', 'D25', 'D26', 'D28', 'D29', 'D3', 'D30', 'D32', 'D34', 'D37', 'D38', 'D4', 'D41', 'D43', 'D44', 'D45', 'D46', 'D5', 'D50', 'D52', 'D55', 'D58', 'D59', 'D6', 'D60', 'D61', 'D62', 'D63']"
3,B42,[],[],"['D1', 'D10', 'D11', 'D12', 'D14', 'D15', 'D16', 'D17', 'D19', 'D2', 'D21', 'D23', 'D25', 'D26', 'D28', 'D29', 'D3', 'D30', 'D32', 'D34', 'D37', 'D38', 'D4', 'D41', 'D43', 'D44', 'D45', 'D46', 'D5', 'D50', 'D52', 'D55', 'D58', 'D59', 'D6', 'D60', 'D61', 'D62', 'D63']","['D1', 'D10', 'D11', 'D12', 'D14', 'D15', 'D16', 'D17', 'D19', 'D2', 'D21', 'D23', 'D25', 'D26', 'D28', 'D29', 'D3', 'D30', 'D32', 'D34', 'D37', 'D38', 'D4', 'D41', 'D43', 'D44', 'D45', 'D46', 'D5', 'D50', 'D52', 'D55', 'D58', 'D59', 'D6', 'D60', 'D61', 'D62', 'D63']"
3,B43,['D63'],['D60'],"['D1', 'D10', 'D11', 'D12', 'D14', 'D15', 'D16', 'D17', 'D19', 'D2', 'D21', 'D23', 'D25', 'D26', 'D28', 'D29', 'D3', 'D30', 'D32', 'D34', 'D37', 'D38', 'D4', 'D41', 'D43', 'D44', 'D45', 'D46', 'D5', 'D50', 'D52', 'D55', 'D58', 'D59', 'D6', 'D60', 'D61', 'D62', 'D63']","['D1', 'D10', 'D11', 'D12', 'D14', 'D15', 'D16', 'D17', 'D19', 'D2', 'D21', 'D23', 'D25', 'D26', 'D28', 'D29', 'D3', 'D30', 'D32', 'D34', 'D37', 'D38', 'D4', 'D41', 'D43', 'D44', 'D45', 'D46', 'D5', 'D50', 'D52', 'D55', 'D58', 'D59', 'D6', 'D61', 'D62', 'D63']"
3,B44,[],[],"['D1', 'D10', 'D11', 'D12', 'D14', 'D15', 'D16', 'D17', 'D19', 'D2', 'D21', 'D23', 'D25', 'D26', 'D28', 'D29', 'D3', 'D30', 'D32', 'D34', 'D37', 'D38', 'D4', 'D41', 'D43', 'D44', 'D45', 'D46', 'D5', 'D50', 'D52', 'D55', 'D58', 'D59', 'D6', 'D60', 'D61', 'D62', 'D63']","['D1', 'D10', 'D11', 'D12', 'D14', 'D15', 'D16', 'D17', 'D19', 'D2', 'D21', 'D23', 'D25', 'D26', 'D28', 'D29', 'D3', 'D30', 'D32', 'D34', 'D37', 'D38', 'D4', 'D41', 'D43', 'D44', 'D45', 'D46', 'D5', 'D50', 'D52', 'D55', 'D58', 'D59', 'D6', 'D60', 'D61', 'D62', 'D63']"
3,B45,"['D64', 'D65', 'D66']","['D59', 'D69']","['D1', 'D10', 'D11', 'D12', 'D14', 'D15', 'D16', 'D17', 'D19', 'D2', 'D21', 'D23', 'D25', 'D26', 'D28', 'D29', 'D3', 'D30', 'D32', 'D34', 'D37', 'D38', 'D39', 'D4', 'D41', 'D43', 'D44', 'D45', 'D46', 'D5', 'D50', 'D52', 'D55', 'D58', 'D59', 'D6', 'D60', 'D61', 'D62', 'D63', 'D8']","['D1', 'D10', 'D11', 'D12', 'D14', 'D15', 'D16', 'D17', 'D19', 'D2', 'D21', 'D23', 'D25', 'D26', 'D28', 'D29', 'D3', 'D30', 'D32', 'D34', 'D37', 'D38', 'D39', 'D4', 'D41', 'D43', 'D44', 'D45', 'D46', 'D5', 'D50', 'D52', 'D55', 'D58', 'D6', 'D60', 'D61', 'D62', 'D63', 'D64', 'D65', 'D66', 'D8']"
3,B46,[],[],"['D1', 'D10', 'D11', 'D12', 'D14', 'D15', 'D16', 'D17', 'D19', 'D2', 'D21', 'D23', 'D25', 'D26', 'D28', 'D29', 'D3', 'D30', 'D32', 'D34', 'D37', 'D38', 'D39', 'D4', 'D41', 'D43', 'D44', 'D45', 'D46', 'D5', 'D50', 'D52', 'D55', 'D58', 'D6', 'D60', 'D61', 'D62', 'D63', 'D64', 'D65', 'D66', 'D67', 'D68', 'D69', 'D8']","['D1', 'D10', 'D11', 'D12', 'D14', 'D15', 'D16', 'D17', 'D19', 'D2', 'D21', 'D23', 'D25', 'D26', 'D28', 'D29', 'D3', 'D30', 'D32', 'D34', 'D37', 'D38', 'D39', 'D4', 'D41', 'D43', 'D44', 'D45', 'D46', 'D5', 'D50', 'D52', 'D55', 'D58', 'D6', 'D60', 'D61', 'D62', 'D63', 'D64', 'D65', 'D66', 'D67', 'D68', 'D69', 'D8']"
3,B47,['D67'],"['D100', 'D104', 'D68']","['D1', 'D10', 'D11', 'D12', 'D14', 'D15', 'D16', 'D17', 'D19', 'D2', 'D21', 'D23', 'D25', 'D26', 'D28', 'D29', 'D3', 'D30', 'D32', 'D34', 'D37', 'D38', 'D39', 'D4', 'D41', 'D43', 'D44', 'D45', 'D46', 'D5', 'D50', 'D52', 'D55', 'D58', 'D6', 'D60', 'D61', 'D62', 'D63', 'D64', 'D65', 'D66', 'D67', 'D68', 'D69', 'D8']","['D1', 'D10', 'D11', 'D12', 'D14', 'D15', 'D16', 'D17', 'D19', 'D2', 'D21', 'D23', 'D25', 'D26', 'D28', 'D29', 'D3', 'D30', 'D32', 'D34', 'D37', 'D38', 'D39', 'D4', 'D41', 'D43', 'D44', 'D45', 'D46', 'D5', 'D50', 'D52', 'D55', 'D58', 'D6', 'D60', 'D61', 'D62', 'D63', 'D64', 'D65', 'D66', 'D67', 'D69', 'D8']"
3,B48,[],[],"['D1', 'D10', 'D11', 'D12', 'D14', 'D15', 'D16', 'D17', 'D19', 'D2', 'D21', 'D23', 'D25', 'D26', 'D28', 'D29', 'D3', 'D30', 'D32', 'D34', 'D37', 'D38', 'D39', 'D4', 'D41', 'D43', 'D44', 'D45', 'D46', 'D5', 'D50', 'D52', 'D55', 'D58', 'D6', 'D60', 'D61', 'D62', 'D63', 'D64', 'D65', 'D66', 'D67', 'D69', 'D8']","['D1', 'D10', 'D11', 'D12', 'D14', 'D15', 'D16', 'D17', 'D19', 'D2', 'D21', 'D23', 'D25', 'D26', 'D28', 'D29', 'D3', 'D30', 'D32', 'D34', 'D37', 'D38', 'D39', 'D4', 'D41', 'D43', 'D44', 'D45', 'D46', 'D5', 'D50', 'D52', 'D55', 'D58', 'D6', 'D60', 'D61', 'D62', 'D63', 'D64', 'D65', 'D66', 'D67', 'D69', 'D8']"
3,B49,['D68'],"['D100', 'D104', 'D67']","['D1', 'D10', 'D11', 'D12', 'D14', 'D15', 'D16', 'D17', 'D19', 'D2', 'D21', 'D23', 'D25', 'D26', 'D28', 'D29', 'D3', 'D30', 'D32', 'D34', 'D37', 'D38', 'D39', 'D4', 'D41', 'D43', 'D44', 'D45', 'D46', 'D5', 'D50', 'D52', 'D55', 'D58', 'D6', 'D60', 'D61', 'D62', 'D63', 'D64', 'D65', 'D66', 'D67', 'D69', 'D8']","['D1', 'D10', 'D11', 'D12', 'D14', 'D15', 'D16', 'D17', 'D19', 'D2', 'D21', 'D23', 'D25', 'D26', 'D28', 'D29', 'D3', 'D30', 'D32', 'D34', 'D37', 'D38', 'D39', 'D4', 'D41', 'D43', 'D44', 'D45', 'D46', 'D5', 'D50', 'D52', 'D55', 'D58', 'D6', 'D60', 'D61', 'D62', 'D63', 'D64', 'D65', 'D66', 'D68', 'D69', 'D8']"
3,B50,['D69'],['D65'],"['D1', 'D10', 'D11', 'D12', 'D14', 'D15', 'D16', 'D17', 'D19', 'D2', 'D21', 'D23', 'D25', 'D26', 'D28', 'D29', 'D3', 'D30', 'D32', 'D34', 'D37', 'D38', 'D39', 'D4', 'D41', 'D43', 'D44', 'D45', 'D46', 'D5', 'D50', 'D52', 'D55', 'D58', 'D6', 'D60', 'D61', 'D62', 'D63', 'D64', 'D65', 'D66', 'D67', 'D68', 'D69', 'D8']","['D1', 'D10', 'D11', 'D12', 'D14', 'D15', 'D16', 'D17', 'D19', 'D2', 'D21', 'D23', 'D25', 'D26', 'D28', 'D29', 'D3', 'D30', 'D32', 'D34', 'D37', 'D38', 'D39', 'D4', 'D41', 'D43', 'D44', 'D45', 'D46', 'D5', 'D50', 'D52', 'D55', 'D58', 'D6', 'D60', 'D61', 'D62', 'D63', 'D64', 'D66', 'D67', 'D68', 'D69', 'D8']"
3,B51,"['D70', 'D71']",['D72'],"['D1', 'D10', 'D11', 'D12', 'D14', 'D15', 'D16', 'D17', 'D19', 'D2', 'D21', 'D23', 'D25', 'D26', 'D28', 'D29', 'D3', 'D30', 'D32', 'D34', 'D37', 'D38', 'D39', 'D4', 'D41', 'D43', 'D44', 'D45', 'D46', 'D5', 'D50', 'D52', 'D55', 'D58', 'D6', 'D60', 'D61', 'D62', 'D63', 'D64', 'D65', 'D66', 'D67', 'D68', 'D69', 'D8']","['D1', 'D10', 'D11', 'D12', 'D14', 'D15', 'D16', 'D17', 'D19', 'D2', 'D21', 'D23', 'D25', 'D26', 'D28', 'D29', 'D3', 'D30', 'D32', 'D34', 'D37', 'D38', 'D39', 'D4', 'D41', 'D43', 'D44', 'D45', 'D46', 'D5', 'D50', 'D52', 'D55', 'D58', 'D6', 'D60', 'D61', 'D62', 'D63', 'D64', 'D65', 'D66', 'D67', 'D68', 'D69', 'D70', 'D71', 'D8']"
3,B52,[],[],"['D1', 'D10', 'D11', 'D12', 'D14', 'D15', 'D16', 'D17', 'D19', 'D2', 'D21', 'D23', 'D25', 'D26', 'D28', 'D29', 'D3', 'D30', 'D32', 'D34', 'D37', 'D38', 'D39', 'D4', 'D41', 'D43', 'D44', 'D45', 'D46', 'D5', 'D50', 'D52', 'D55', 'D58', 'D6', 'D60', 'D61', 'D62', 'D63', 'D64', 'D65', 'D66', 'D67', 'D68', 'D69', 'D70', 'D71', 'D72', 'D8']","['D1', 'D10', 'D11', 'D12', 'D14', 'D15', 'D16', 'D17', 'D19', 'D2', 'D21', 'D23', 'D25', 'D26', 'D28', 'D29', 'D3', 'D30', 'D32', 'D34', 'D37', 'D38', 'D39', 'D4', 'D41', 'D43', 'D44', 'D45', 'D46', 'D5', 'D50', 'D52', 'D55', 'D58', 'D6', 'D60', 'D61', 'D62', 'D63', 'D64', 'D65', 'D66', 'D67', 'D68', 'D69', 'D70', 'D71', 'D72', 'D8']"
3,B53,['D72'],['D70'],"['D1', 'D10', 'D11', 'D12', 'D14', 'D15', 'D16', 'D17', 'D19', 'D2', 'D21', 'D23', 'D25', 'D26', 'D28', 'D29', 'D3', 'D30', 'D32', 'D34', 'D37', 'D38', 'D39', 'D4', 'D41', 'D43', 'D44', 'D45', 'D46', 'D5', 'D50', 'D52', 'D55', 'D58', 'D6', 'D60', 'D61', 'D62', 'D63', 'D64', 'D65', 'D66', 'D67', 'D68', 'D69', 'D70', 'D71', 'D72', 'D8']","['D1', 'D10', 'D11', 'D12', 'D14', 'D15', 'D16', 'D17', 'D19', 'D2', 'D21', 'D23', 'D25', 'D26', 'D28', 'D29', 'D3', 'D30', 'D32', 'D34', 'D37', 'D38', 'D39', 'D4', 'D41', 'D43', 'D44', 'D45', 'D46', 'D5', 'D50', 'D52', 'D55', 'D58', 'D6', 'D60', 'D61', 'D62', 'D63', 'D64', 'D65', 'D66', 'D67', 'D68', 'D69', 'D71', 'D72', 'D8']"
3,B54,['D73'],['D74'],"['D1', 'D10', 'D11', 'D12', 'D14', 'D15', 'D16', 'D17', 'D19', 'D2', 'D21', 'D23', 'D25', 'D26', 'D28', 'D29', 'D3', 'D30', 'D32', 'D34', 'D37', 'D38', 'D39', 'D4', 'D41', 'D43', 'D44', 'D45', 'D46', 'D5', 'D50', 'D52', 'D55', 'D58', 'D6', 'D60', 'D61', 'D62', 'D63', 'D64', 'D65', 'D66', 'D67', 'D68', 'D69', 'D70', 'D71', 'D72', 'D8']","['D1', 'D10', 'D11', 'D12', 'D14', 'D15', 'D16', 'D17', 'D19', 'D2', 'D21', 'D23', 'D25', 'D26', 'D28', 'D29', 'D3', 'D30', 'D32', 'D34', 'D37', 'D38', 'D39', 'D4', 'D41', 'D43', 'D44', 'D45', 'D46', 'D5', 'D50', 'D52', 'D55', 'D58', 'D6', 'D60', 'D61', 'D62', 'D63', 'D64', 'D65', 'D66', 'D67', 'D68', 'D69', 'D70', 'D71', 'D72', 'D73', 'D8']"
3,B55,[],[],"['D1', 'D10', 'D11', 'D12', 'D14', 'D15', 'D16', 'D17', 'D19', 'D2', 'D21', 'D23', 'D25', 'D26', 'D28', 'D29', 'D3', 'D30', 'D32', 'D34', 'D37', 'D38', 'D39', 'D4', 'D41', 'D43', 'D44', 'D45', 'D46', 'D5', 'D50', 'D52', 'D55', 'D58', 'D6', 'D60', 'D61', 'D62', 'D63', 'D64', 'D65', 'D66', 'D67', 'D68', 'D69', 'D70', 'D71', 'D72', 'D73', 'D8']","['D1', 'D10', 'D11', 'D12', 'D14', 'D15', 'D16', 'D17', 'D19', 'D2', 'D21', 'D23', 'D25', 'D26', 'D28', 'D29', 'D3', 'D30', 'D32', 'D34', 'D37', 'D38', 'D39', 'D4', 'D41', 'D43', 'D44', 'D45', 'D46', 'D5', 'D50', 'D52', 'D55', 'D58', 'D6', 'D60', 'D61', 'D62', 'D63', 'D64', 'D65', 'D66', 'D67', 'D68', 'D69', 'D70', 'D71', 'D72', 'D73', 'D8']"
3,B56,[],[],"['D1', 'D10', 'D11', 'D12', 'D14', 'D15', 'D16', 'D17', 'D19', 'D2', 'D21', 'D23', 'D25', 'D26', 'D28', 'D29', 'D3', 'D30', 'D32', 'D34', 'D37', 'D38', 'D39', 'D4', 'D41', 'D43', 'D44', 'D45', 'D46', 'D5', 'D50', 'D52', 'D55', 'D58', 'D6', 'D60', 'D61', 'D62', 'D63', 'D64', 'D65', 'D66', 'D67', 'D68', 'D69', 'D70', 'D71', 'D72', 'D73', 'D8']","['D1', 'D10', 'D11', 'D12', 'D14', 'D15', 'D16', 'D17', 'D19', 'D2', 'D21', 'D23', 'D25', 'D26', 'D28', 'D29', 'D3', 'D30', 'D32', 'D34', 'D37', 'D38', 'D39', 'D4', 'D41', 'D43', 'D44', 'D45', 'D46', 'D5', 'D50', 'D52', 'D55', 'D58', 'D6', 'D60', 'D61', 'D62', 'D63', 'D64', 'D65', 'D66', 'D67', 'D68', 'D69', 'D70', 'D71', 'D72', 'D73', 'D8']"
3,B57,[],[],"['D1', 'D10', 'D11', 'D12', 'D14', 'D15', 'D16', 'D17', 'D19', 'D2', 'D21', 'D23', 'D25', 'D26', 'D28', 'D29', 'D3', 'D30', 'D32', 'D34', 'D37', 'D38', 'D39', 'D4', 'D41', 'D43', 'D44', 'D45', 'D46', 'D5', 'D50', 'D52', 'D55', 'D58', 'D6', 'D60', 'D61', 'D62', 'D63', 'D64', 'D65', 'D66', 'D67', 'D68', 'D69', 'D70', 'D71', 'D72', 'D73', 'D74', 'D8']","['D1', 'D10', 'D11', 'D12', 'D14', 'D15', 'D16', 'D17', 'D19', 'D2', 'D21', 'D23', 'D25', 'D26', 'D28', 'D29', 'D3', 'D30', 'D32', 'D34', 'D37', 'D38', 'D39', 'D4', 'D41', 'D43', 'D44', 'D45', 'D46', 'D5', 'D50', 'D52', 'D55', 'D58', 'D6', 'D60', 'D61', 'D62', 'D63', 'D64', 'D65', 'D66', 'D67', 'D68', 'D69', 'D70', 'D71', 'D72', 'D73', 'D74', 'D8']"
3,B58,['D74'],['D73'],"['D1', 'D10', 'D11', 'D12', 'D14', 'D15', 'D16', 'D17', 'D19', 'D2', 'D21', 'D23', 'D25', 'D26', 'D28', 'D29', 'D3', 'D30', 'D32', 'D34', 'D37', 'D38', 'D39', 'D4', 'D41', 'D43', 'D44', 'D45', 'D46', 'D5', 'D50', 'D52', 'D55', 'D58', 'D6', 'D60', 'D61', 'D62', 'D63', 'D64', 'D65', 'D66', 'D67', 'D68', 'D69', 'D70', 'D71', 'D72', 'D73', 'D74', 'D8']","['D1', 'D10', 'D11', 'D12', 'D14', 'D15', 'D16', 'D17', 'D19', 'D2', 'D21', 'D23', 'D25', 'D26', 'D28', 'D29', 'D3', 'D30', 'D32', 'D34', 'D37', 'D38', 'D39', 'D4', 'D41', 'D43', 'D44', 'D45', 'D46', 'D5', 'D50', 'D52', 'D55', 'D58', 'D6', 'D60', 'D61', 'D62', 'D63', 'D64', 'D65', 'D66', 'D67', 'D68', 'D69', 'D70', 'D71', 'D72', 'D74', 'D8']"
3,B59,[],[],"['D1', 'D10', 'D11', 'D12', 'D14', 'D15', 'D16', 'D17', 'D19', 'D2', 'D21', 'D23', 'D25', 'D26', 'D28', 'D29', 'D3', 'D30', 'D32', 'D34', 'D37', 'D38', 'D39', 'D4', 'D41', 'D43', 'D44', 'D45', 'D46', 'D5', 'D50', 'D52', 'D55', 'D58', 'D6', 'D60', 'D61', 'D62', 'D63', 'D64', 'D65', 'D66', 'D67', 'D68', 'D69', 'D70', 'D71', 'D72', 'D73', 'D74', 'D8']","['D1', 'D10', 'D11', 'D12', 'D14', 'D15', 'D16', 'D17', 'D19', 'D2', 'D21', 'D23', 'D25', 'D26', 'D28', 'D29', 'D3', 'D30', 'D32', 'D34', 'D37', 'D38', 'D39', 'D4', 'D41', 'D43', 'D44', 'D45', 'D46', 'D5', 'D50', 'D52', 'D55', 'D58', 'D6', 'D60', 'D61', 'D62', 'D63', 'D64', 'D65', 'D66', 'D67', 'D68', 'D69', 'D70', 'D71', 'D72', 'D73', 'D74', 'D8']"
3,B60,[],[],"['D1', 'D10', 'D11', 'D12', 'D14', 'D15', 'D16', 'D17', 'D19', 'D2', 'D21', 'D23', 'D25', 'D26', 'D28', 'D29', 'D3', 'D30', 'D32', 'D34', 'D37', 'D38', 'D39', 'D4', 'D41', 'D43', 'D44', 'D45', 'D46', 'D5', 'D50', 'D52', 'D55', 'D58', 'D6', 'D60', 'D61', 'D62', 'D63', 'D64', 'D65', 'D66', 'D67', 'D68', 'D69', 'D70', 'D71', 'D72', 'D73', 'D8']","['D1', 'D10', 'D11', 'D12', 'D14', 'D15', 'D16', 'D17', 'D19', 'D2', 'D21', 'D23', 'D25', 'D26', 'D28', 'D29', 'D3', 'D30', 'D32', 'D34', 'D37', 'D38', 'D39', 'D4', 'D41', 'D43', 'D44', 'D45', 'D46', 'D5', 'D50', 'D52', 'D55', 'D58', 'D6', 'D60', 'D61', 'D62', 'D63', 'D64', 'D65', 'D66', 'D67', 'D68', 'D69', 'D70', 'D71', 'D72', 'D73', 'D8']"
3,B61,"['D75', 'D76', 'D77']","['D80', 'D81', 'D82']","['D1', 'D10', 'D11', 'D12', 'D14', 'D15', 'D16', 'D17', 'D19', 'D2', 'D21', 'D23', 'D25', 'D26', 'D28', 'D29', 'D3', 'D30', 'D32', 'D34', 'D37', 'D38', 'D39', 'D4', 'D41', 'D43', 'D44', 'D45', 'D46', 'D5', 'D50', 'D52', 'D55', 'D58', 'D6', 'D60', 'D61', 'D62', 'D63', 'D64', 'D65', 'D66', 'D67', 'D68', 'D69', 'D70', 'D71', 'D72', 'D73', 'D8']","['D1', 'D10', 'D11', 'D12', 'D14', 'D15', 'D16', 'D17', 'D19', 'D2', 'D21', 'D23', 'D25', 'D26', 'D28', 'D29', 'D3', 'D30', 'D32', 'D34', 'D37', 'D38', 'D39', 'D4', 'D41', 'D43', 'D44', 'D45', 'D46', 'D5', 'D50', 'D52', 'D55', 'D58', 'D6', 'D60', 'D61', 'D62', 'D63', 'D64', 'D65', 'D66', 'D67', 'D68', 'D69', 'D70', 'D71', 'D72', 'D73', 'D75', 'D76', 'D77', 'D8']"
3,B62,[],[],"['D1', 'D10', 'D11', 'D12', 'D14', 'D15', 'D16', 'D17', 'D19', 'D2', 'D21', 'D23', 'D25', 'D26', 'D28', 'D29', 'D3', 'D30', 'D32', 'D34', 'D37', 'D38', 'D39', 'D4', 'D41', 'D43', 'D44', 'D45', 'D46', 'D5', 'D50', 'D52', 'D55', 'D58', 'D6', 'D60', 'D61', 'D62', 'D63', 'D64', 'D65', 'D66', 'D67', 'D68', 'D69', 'D70', 'D71', 'D72', 'D73', 'D75', 'D76', 'D77', 'D78', 'D79', 'D8', 'D80', 'D81']","['D1', 'D10', 'D11', 'D12', 'D14', 'D15', 'D16', 'D17', 'D19', 'D2', 'D21', 'D23', 'D25', 'D26', 'D28', 'D29', 'D3', 'D30', 'D32', 'D34', 'D37', 'D38', 'D39', 'D4', 'D41', 'D43', 'D44', 'D45', 'D46', 'D5', 'D50', 'D52', 'D55', 'D58', 'D6', 'D60', 'D61', 'D62', 'D63', 'D64', 'D65', 'D66', 'D67', 'D68', 'D69', 'D70', 'D71', 'D72', 'D73', 'D75', 'D76', 'D77', 'D78', 'D79', 'D8', 'D80', 'D81']"
3,B63,"['D78', 'D79', 'D80', 'D81']","['D75', 'D77', 'D82']","['D1', 'D10', 'D11', 'D12', 'D14', 'D15', 'D16', 'D17', 'D19', 'D2', 'D21', 'D23', 'D25', 'D26', 'D28', 'D29', 'D3', 'D30', 'D32', 'D34', 'D37', 'D38', 'D39', 'D4', 'D41', 'D43', 'D44', 'D45', 'D46', 'D5', 'D50', 'D52', 'D55', 'D58', 'D6', 'D60', 'D61', 'D62', 'D63', 'D64', 'D65', 'D66', 'D67', 'D68', 'D69', 'D70', 'D71', 'D72', 'D73', 'D75', 'D76', 'D77', 'D78', 'D79', 'D8', 'D80', 'D81']","['D1', 'D10', 'D11', 'D12', 'D14', 'D15', 'D16', 'D17', 'D19', 'D2', 'D21', 'D23', 'D25', 'D26', 'D28', 'D29', 'D3', 'D30', 'D32', 'D34', 'D37', 'D38', 'D39', 'D4', 'D41', 'D43', 'D44', 'D45', 'D46', 'D5', 'D50', 'D52', 'D55', 'D58', 'D6', 'D60', 'D61', 'D62', 'D63', 'D64', 'D65', 'D66', 'D67', 'D68', 'D69', 'D70', 'D71', 'D72', 'D73', 'D76', 'D78', 'D79', 'D8', 'D80', 'D81']"
3,B64,"['D82', 'D83', 'D84']","['D75', 'D80', 'D86']","['D1', 'D10', 'D11', 'D12', 'D14', 'D15', 'D16', 'D17', 'D19', 'D2', 'D21', 'D23', 'D25', 'D26', 'D28', 'D29', 'D3', 'D30', 'D32', 'D34', 'D37', 'D38', 'D39', 'D4', 'D41', 'D43', 'D44', 'D45', 'D46', 'D5', 'D50', 'D52', 'D55', 'D58', 'D6', 'D60', 'D61', 'D62', 'D63', 'D64', 'D65', 'D66', 'D67', 'D68', 'D69', 'D70', 'D71', 'D72', 'D73', 'D75', 'D76', 'D77', 'D78', 'D79', 'D8', 'D80', 'D81']","['D1', 'D10', 'D11', 'D12', 'D14', 'D15', 'D16', 'D17', 'D19', 'D2', 'D21', 'D23', 'D25', 'D26', 'D28', 'D29', 'D3', 'D30', 'D32', 'D34', 'D37', 'D38', 'D39', 'D4', 'D41', 'D43', 'D44', 'D45', 'D46', 'D5', 'D50', 'D52', 'D55', 'D58', 'D6', 'D60', 'D61', 'D62', 'D63', 'D64', 'D65', 'D66', 'D67', 'D68', 'D69', 'D70', 'D71', 'D72', 'D73', 'D76', 'D77', 'D78', 'D79', 'D8', 'D81', 'D82', 'D83', 'D84']"
3,B65,[],[],"['D1', 'D10', 'D11', 'D12', 'D14', 'D15', 'D16', 'D17', 'D19', 'D2', 'D21', 'D23', 'D25', 'D26', 'D28', 'D29', 'D3', 'D30', 'D32', 'D34', 'D37', 'D38', 'D39', 'D4', 'D41', 'D43', 'D44', 'D45', 'D46', 'D5', 'D50', 'D52', 'D55', 'D58', 'D6', 'D60', 'D61', 'D62', 'D63', 'D64', 'D65', 'D66', 'D67', 'D68', 'D69', 'D70', 'D71', 'D72', 'D73', 'D76', 'D77', 'D78', 'D79', 'D8', 'D81', 'D82', 'D83', 'D84']","['D1', 'D10', 'D11', 'D12', 'D14', 'D15', 'D16', 'D17', 'D19', 'D2', 'D21', 'D23', 'D25', 'D26', 'D28', 'D29', 'D3', 'D30', 'D32', 'D34', 'D37', 'D38', 'D39', 'D4', 'D41', 'D43', 'D44', 'D45', 'D46', 'D5', 'D50', 'D52', 'D55', 'D58', 'D6', 'D60', 'D61', 'D62', 'D63', 'D64', 'D65', 'D66', 'D67', 'D68', 'D69', 'D70', 'D71', 'D72', 'D73', 'D76', 'D77', 'D78', 'D79', 'D8', 'D81', 'D82', 'D83', 'D84']"
3,B66,[],[],"['D1', 'D10', 'D11', 'D12', 'D14', 'D15', 'D16', 'D17', 'D19', 'D2', 'D21', 'D23', 'D25', 'D26', 'D28', 'D29', 'D3', 'D30', 'D32', 'D34', 'D37', 'D38', 'D39', 'D4', 'D41', 'D43', 'D44', 'D45', 'D46', 'D5', 'D50', 'D52', 'D55', 'D58', 'D6', 'D60', 'D61', 'D62', 'D63', 'D64', 'D65', 'D66', 'D67', 'D68', 'D69', 'D70', 'D71', 'D72', 'D73', 'D76', 'D77', 'D78', 'D79', 'D8', 'D81', 'D82', 'D83', 'D84', 'D85']","['D1', 'D10', 'D11', 'D12', 'D14', 'D15', 'D16', 'D17', 'D19', 'D2', 'D21', 'D23', 'D25', 'D26', 'D28', 'D29', 'D3', 'D30', 'D32', 'D34', 'D37', 'D38', 'D39', 'D4', 'D41', 'D43', 'D44', 'D45', 'D46', 'D5', 'D50', 'D52', 'D55', 'D58', 'D6', 'D60', 'D61', 'D62', 'D63', 'D64', 'D65', 'D66', 'D67', 'D68', 'D69', 'D70', 'D71', 'D72', 'D73', 'D76', 'D77', 'D78', 'D79', 'D8', 'D81', 'D82', 'D83', 'D84', 'D85']"
3,B67,['D85'],[],"['D1', 'D10', 'D11', 'D12', 'D14', 'D15', 'D16', 'D17', 'D19', 'D2', 'D21', 'D23', 'D25', 'D26', 'D28', 'D29', 'D3', 'D30', 'D32', 'D34', 'D37', 'D38', 'D39', 'D4', 'D41', 'D43', 'D44', 'D45', 'D46', 'D5', 'D50', 'D52', 'D55', 'D58', 'D6', 'D60', 'D61', 'D62', 'D63', 'D64', 'D65', 'D66', 'D67', 'D68', 'D69', 'D70', 'D71', 'D72', 'D73', 'D76', 'D77', 'D78', 'D79', 'D8', 'D81', 'D82', 'D83', 'D84', 'D85']","['D1', 'D10', 'D11', 'D12', 'D14', 'D15', 'D16', 'D17', 'D19', 'D2', 'D21', 'D23', 'D25', 'D26', 'D28', 'D29', 'D3', 'D30', 'D32', 'D34', 'D37', 'D38', 'D39', 'D4', 'D41', 'D43', 'D44', 'D45', 'D46', 'D5', 'D50', 'D52', 'D55', 'D58', 'D6', 'D60', 'D61', 'D62', 'D63', 'D64', 'D65', 'D66', 'D67', 'D68', 'D69', 'D70', 'D71', 'D72', 'D73', 'D76', 'D77', 'D78', 'D79', 'D8', 'D81', 'D82', 'D83', 'D84', 'D85']"
3,B68,[],[],"['D1', 'D10', 'D11', 'D12', 'D14', 'D15', 'D16', 'D17', 'D19', 'D2', 'D21', 'D23', 'D25', 'D26', 'D28', 'D29', 'D3', 'D30', 'D32', 'D34', 'D37', 'D38', 'D39', 'D4', 'D41', 'D43', 'D44', 'D45', 'D46', 'D5', 'D50', 'D52', 'D55', 'D58', 'D6', 'D60', 'D61', 'D62', 'D63', 'D64', 'D65', 'D66', 'D67', 'D68', 'D69', 'D70', 'D71', 'D72', 'D73', 'D76', 'D77', 'D78', 'D79', 'D8', 'D81', 'D82', 'D83', 'D84', 'D85']","['D1', 'D10', 'D11', 'D12', 'D14', 'D15', 'D16', 'D17', 'D19', 'D2', 'D21', 'D23', 'D25', 'D26', 'D28', 'D29', 'D3', 'D30', 'D32', 'D34', 'D37', 'D38', 'D39', 'D4', 'D41', 'D43', 'D44', 'D45', 'D46', 'D5', 'D50', 'D52', 'D55', 'D58', 'D6', 'D60', 'D61', 'D62', 'D63', 'D64', 'D65', 'D66', 'D67', 'D68', 'D69', 'D70', 'D71', 'D72', 'D73', 'D76', 'D77', 'D78', 'D79', 'D8', 'D81', 'D82', 'D83', 'D84', 'D85']"
3,B69,[],[],"['D1', 'D10', 'D11', 'D12', 'D14', 'D15', 'D16', 'D17', 'D19', 'D2', 'D21', 'D23', 'D25', 'D26', 'D28', 'D29', 'D3', 'D30', 'D32', 'D34', 'D37', 'D38', 'D39', 'D4', 'D41', 'D43', 'D44', 'D45', 'D46', 'D5', 'D50', 'D52', 'D55', 'D58', 'D6', 'D60', 'D61', 'D62', 'D63', 'D64', 'D65', 'D66', 'D67', 'D68', 'D69', 'D70', 'D71', 'D72', 'D73', 'D76', 'D77', 'D78', 'D79', 'D8', 'D81', 'D82', 'D83', 'D84']","['D1', 'D10', 'D11', 'D12', 'D14', 'D15', 'D16', 'D17', 'D19', 'D2', 'D21', 'D23', 'D25', 'D26', 'D28', 'D29', 'D3', 'D30', 'D32', 'D34', 'D37', 'D38', 'D39', 'D4', 'D41', 'D43', 'D44', 'D45', 'D46', 'D5', 'D50', 'D52', 'D55', 'D58', 'D6', 'D60', 'D61', 'D62', 'D63', 'D64', 'D65', 'D66', 'D67', 'D68', 'D69', 'D70', 'D71', 'D72', 'D73', 'D76', 'D77', 'D78', 'D79', 'D8', 'D81', 'D82', 'D83', 'D84']"
3,B70,[],[],"['D1', 'D10', 'D11', 'D12', 'D14', 'D15', 'D16', 'D17', 'D19', 'D2', 'D21', 'D23', 'D25', 'D26', 'D28', 'D29', 'D3', 'D30', 'D32', 'D34', 'D37', 'D38', 'D39', 'D4', 'D41', 'D43', 'D44', 'D45', 'D46', 'D5', 'D50', 'D52', 'D55', 'D58', 'D6', 'D60', 'D61', 'D62', 'D63', 'D64', 'D65', 'D66', 'D67', 'D68', 'D69', 'D70', 'D71', 'D72', 'D73', 'D76', 'D77', 'D78', 'D79', 'D8', 'D81', 'D82', 'D83', 'D84', 'D86']","['D1', 'D10', 'D11', 'D12', 'D14', 'D15', 'D16', 'D17', 'D19', 'D2', 'D21', 'D23', 'D25', 'D26', 'D28', 'D29', 'D3', 'D30', 'D32', 'D34', 'D37', 'D38', 'D39', 'D4', 'D41', 'D43', 'D44', 'D45', 'D46', 'D5', 'D50', 'D52', 'D55', 'D58', 'D6', 'D60', 'D61', 'D62', 'D63', 'D64', 'D65', 'D66', 'D67', 'D68', 'D69', 'D70', 'D71', 'D72', 'D73', 'D76', 'D77', 'D78', 'D79', 'D8', 'D81', 'D82', 'D83', 'D84', 'D86']"
3,B71,['D86'],['D83'],"['D1', 'D10', 'D11', 'D12', 'D14', 'D15', 'D16', 'D17', 'D19', 'D2', 'D21', 'D23', 'D25', 'D26', 'D28', 'D29', 'D3', 'D30', 'D32', 'D34', 'D37', 'D38', 'D39', 'D4', 'D41', 'D43', 'D44', 'D45', 'D46', 'D5', 'D50', 'D52', 'D55', 'D58', 'D6', 'D60', 'D61', 'D62', 'D63', 'D64', 'D65', 'D66', 'D67', 'D68', 'D69', 'D70', 'D71', 'D72', 'D73', 'D76', 'D77', 'D78', 'D79', 'D8', 'D81', 'D82', 'D83', 'D84', 'D86']","['D1', 'D10', 'D11', 'D12', 'D14', 'D15', 'D16', 'D17', 'D19', 'D2', 'D21', 'D23', 'D25', 'D26', 'D28', 'D29', 'D3', 'D30', 'D32', 'D34', 'D37', 'D38', 'D39', 'D4', 'D41', 'D43', 'D44', 'D45', 'D46', 'D5', 'D50', 'D52', 'D55', 'D58', 'D6', 'D60', 'D61', 'D62', 'D63', 'D64', 'D65', 'D66', 'D67', 'D68', 'D69', 'D70', 'D71', 'D72', 'D73', 'D76', 'D77', 'D78', 'D79', 'D8', 'D81', 'D82', 'D84', 'D86']"
3,B72,[],[],"['D1', 'D10', 'D11', 'D12', 'D14', 'D15', 'D16', 'D17', 'D19', 'D2', 'D21', 'D23', 'D25', 'D26', 'D28', 'D29', 'D3', 'D30', 'D32', 'D34', 'D37', 'D38', 'D39', 'D4', 'D41', 'D43', 'D44', 'D45', 'D46', 'D5', 'D50', 'D52', 'D55', 'D58', 'D6', 'D60', 'D61', 'D62', 'D63', 'D64', 'D65', 'D66', 'D67', 'D68', 'D69', 'D70', 'D71', 'D72', 'D73', 'D76', 'D77', 'D78', 'D79', 'D8', 'D81', 'D82', 'D83', 'D84', 'D86']","['D1', 'D10', 'D11', 'D12', 'D14', 'D15', 'D16', 'D17', 'D19', 'D2', 'D21', 'D23', 'D25', 'D26', 'D28', 'D29', 'D3', 'D30', 'D32', 'D34', 'D37', 'D38', 'D39', 'D4', 'D41', 'D43', 'D44', 'D45', 'D46', 'D5', 'D50', 'D52', 'D55', 'D58', 'D6', 'D60', 'D61', 'D62', 'D63', 'D64', 'D65', 'D66', 'D67', 'D68', 'D69', 'D70', 'D71', 'D72', 'D73', 'D76', 'D77', 'D78', 'D79', 'D8', 'D81', 'D82', 'D83', 'D84', 'D86']"
3,B73,"['D87', 'D88', 'D89']","['D1', 'D91', 'D92', 'D93', 'D94', 'D95']","['D1', 'D10', 'D11', 'D12', 'D14', 'D15', 'D16', 'D17', 'D19', 'D2', 'D21', 'D23', 'D25', 'D26', 'D28', 'D29', 'D3', 'D30', 'D32', 'D34', 'D37', 'D38', 'D39', 'D4', 'D41', 'D43', 'D44', 'D45', 'D46', 'D5', 'D50', 'D52', 'D55', 'D58', 'D6', 'D60', 'D61', 'D62', 'D63', 'D64', 'D65', 'D66', 'D67', 'D68', 'D69', 'D70', 'D71', 'D72', 'D73', 'D76', 'D77', 'D78', 'D79', 'D8', 'D81', 'D82', 'D83', 'D84']","['D10', 'D11', 'D12', 'D14', 'D15', 'D16', 'D17', 'D19', 'D2', 'D21', 'D23', 'D25', 'D26', 'D28', 'D29', 'D3', 'D30', 'D32', 'D34', 'D37', 'D38', 'D39', 'D4', 'D41', 'D43', 'D44', 'D45', 'D46', 'D5', 'D50', 'D52', 'D55', 'D58', 'D6', 'D60', 'D61', 'D62', 'D63', 'D64', 'D65', 'D66', 'D67', 'D68', 'D69', 'D70', 'D71', 'D72', 'D73', 'D76', 'D77', 'D78', 'D79', 'D8', 'D81', 'D82', 'D83', 'D84', 'D87', 'D88', 'D89']"
3,B74,[],[],"['D10', 'D11', 'D12', 'D14', 'D15', 'D16', 'D17', 'D19', 'D2', 'D21', 'D23', 'D25', 'D26', 'D28', 'D29', 'D3', 'D30', 'D32', 'D34', 'D37', 'D38', 'D39', 'D4', 'D41', 'D43', 'D44', 'D45', 'D46', 'D5', 'D50', 'D52', 'D55', 'D58', 'D6', 'D60', 'D61', 'D62', 'D63', 'D64', 'D65', 'D66', 'D67', 'D68', 'D69', 'D70', 'D71', 'D72', 'D73', 'D76', 'D77', 'D78', 'D79', 'D8', 'D81', 'D82', 'D83', 'D84', 'D87', 'D88', 'D89', 'D90', 'D91', 'D92', 'D93']","['D10', 'D11', 'D12', 'D14', 'D15', 'D16', 'D17', 'D19', 'D2', 'D21', 'D23', 'D25', 'D26', 'D28', 'D29', 'D3', 'D30', 'D32', 'D34', 'D37', 'D38', 'D39', 'D4', 'D41', 'D43', 'D44', 'D45', 'D46', 'D5', 'D50', 'D52', 'D55', 'D58', 'D6', 'D60', 'D61', 'D62', 'D63', 'D64', 'D65', 'D66', 'D67', 'D68', 'D69', 'D70', 'D71', 'D72', 'D73', 'D76', 'D77', 'D78', 'D79', 'D8', 'D81', 'D82', 'D83', 'D84', 'D87', 'D88', 'D89', 'D90', 'D91', 'D92', 'D93']"
3,B75,"['D90', 'D91', 'D92', 'D93']","['D1', 'D26', 'D87', 'D88', 'D89', 'D94', 'D95']","['D10', 'D11', 'D12', 'D14', 'D15', 'D16', 'D17', 'D19', 'D2', 'D21', 'D23', 'D25', 'D26', 'D28', 'D29', 'D3', 'D30', 'D32', 'D34', 'D37', 'D38', 'D39', 'D4', 'D41', 'D43', 'D44', 'D45', 'D46', 'D5', 'D50', 'D52', 'D55', 'D58', 'D6', 'D60', 'D61', 'D62', 'D63', 'D64', 'D65', 'D66', 'D67', 'D68', 'D69', 'D70', 'D71', 'D72', 'D73', 'D76', 'D77', 'D78', 'D79', 'D8', 'D81', 'D82', 'D83', 'D84', 'D87', 'D88', 'D89', 'D90', 'D91', 'D92', 'D93']","['D10', 'D11', 'D12', 'D14', 'D15', 'D16', 'D17', 'D19', 'D2', 'D21', 'D23', 'D25', 'D28', 'D29', 'D3', 'D30', 'D32', 'D34', 'D37', 'D38', 'D39', 'D4', 'D41', 'D43', 'D44', 'D45', 'D46', 'D5', 'D50', 'D52', 'D55', 'D58', 'D6', 'D60', 'D61', 'D62', 'D63', 'D64', 'D65', 'D66', 'D67', 'D68', 'D69', 'D70', 'D71', 'D72', 'D73', 'D76', 'D77', 'D78', 'D79', 'D8', 'D81', 'D82', 'D83', 'D84', 'D90', 'D91', 'D92', 'D93']"
3,B76,"['D95', 'D96']","['D88', 'D91', 'D94', 'D97', 'D98']","['D10', 'D11', 'D12', 'D14', 'D15', 'D16', 'D17', 'D19', 'D2', 'D21', 'D23', 'D25', 'D26', 'D28', 'D29', 'D3', 'D30', 'D32', 'D34', 'D37', 'D38', 'D39', 'D4', 'D41', 'D43', 'D44', 'D45', 'D46', 'D5', 'D50', 'D52', 'D55', 'D58', 'D6', 'D60', 'D61', 'D62', 'D63', 'D64', 'D65', 'D66', 'D67', 'D68', 'D69', 'D70', 'D71', 'D72', 'D73', 'D76', 'D77', 'D78', 'D79', 'D8', 'D81', 'D82', 'D83', 'D84', 'D87', 'D88', 'D89', 'D90', 'D91', 'D92', 'D93']","['D10', 'D11', 'D12', 'D14', 'D15', 'D16', 'D17', 'D19', 'D2', 'D21', 'D23', 'D25', 'D26', 'D28', 'D29', 'D3', 'D30', 'D32', 'D34', 'D37', 'D38', 'D39', 'D4', 'D41', 'D43', 'D44', 'D45', 'D46', 'D5', 'D50', 'D52', 'D55', 'D58', 'D6', 'D60', 'D61', 'D62', 'D63', 'D64', 'D65', 'D66', 'D67', 'D68', 'D69', 'D70', 'D71', 'D72', 'D73', 'D76', 'D77', 'D78', 'D79', 'D8', 'D81', 'D82', 'D83', 'D84', 'D87', 'D89', 'D90', 'D92', 'D93', 'D95', 'D96']"
3,B77,[],[],"['D10', 'D11', 'D12', 'D14', 'D15', 'D16', 'D17', 'D19', 'D2', 'D21', 'D23', 'D25', 'D26', 'D28', 'D29', 'D3', 'D30', 'D32', 'D34', 'D37', 'D38', 'D39', 'D4', 'D41', 'D43', 'D44', 'D45', 'D46', 'D5', 'D50', 'D52', 'D55', 'D58', 'D6', 'D60', 'D61', 'D62', 'D63', 'D64', 'D65', 'D66', 'D67', 'D68', 'D69', 'D70', 'D71', 'D72', 'D73', 'D76', 'D77', 'D78', 'D79', 'D8', 'D81', 'D82', 'D83', 'D84', 'D87', 'D89', 'D90', 'D92', 'D93', 'D95', 'D96']","['D10', 'D11', 'D12', 'D14', 'D15', 'D16', 'D17', 'D19', 'D2', 'D21', 'D23', 'D25', 'D26', 'D28', 'D29', 'D3', 'D30', 'D32', 'D34', 'D37', 'D38', 'D39', 'D4', 'D41', 'D43', 'D44', 'D45', 'D46', 'D5', 'D50', 'D52', 'D55', 'D58', 'D6', 'D60', 'D61', 'D62', 'D63', 'D64', 'D65', 'D66', 'D67', 'D68', 'D69', 'D70', 'D71', 'D72', 'D73', 'D76', 'D77', 'D78', 'D79', 'D8', 'D81', 'D82', 'D83', 'D84', 'D87', 'D89', 'D90', 'D92', 'D93', 'D95', 'D96']"
3,B78,[],[],"['D10', 'D11', 'D12', 'D14', 'D15', 'D16', 'D17', 'D19', 'D2', 'D21', 'D23', 'D25', 'D26', 'D28', 'D29', 'D3', 'D30', 'D32', 'D34', 'D37', 'D38', 'D39', 'D4', 'D41', 'D43', 'D44', 'D45', 'D46', 'D5', 'D50', 'D52', 'D55', 'D58', 'D6', 'D60', 'D61', 'D62', 'D63', 'D64', 'D65', 'D66', 'D67', 'D68', 'D69', 'D70', 'D71', 'D72', 'D73', 'D76', 'D77', 'D78', 'D79', 'D8', 'D81', 'D82', 'D83', 'D84', 'D87', 'D89', 'D90', 'D92', 'D93', 'D95', 'D96', 'D97']","['D10', 'D11', 'D12', 'D14', 'D15', 'D16', 'D17', 'D19', 'D2', 'D21', 'D23', 'D25', 'D26', 'D28', 'D29', 'D3', 'D30', 'D32', 'D34', 'D37', 'D38', 'D39', 'D4', 'D41', 'D43', 'D44', 'D45', 'D46', 'D5', 'D50', 'D52', 'D55', 'D58', 'D6', 'D60', 'D61', 'D62', 'D63', 'D64', 'D65', 'D66', 'D67', 'D68', 'D69', 'D70', 'D71', 'D72', 'D73', 'D76', 'D77', 'D78', 'D79', 'D8', 'D81', 'D82', 'D83', 'D84', 'D87', 'D89', 'D90', 'D92', 'D93', 'D95', 'D96', 'D97']"
3,B79,[],[],"['D10', 'D11', 'D12', 'D14', 'D15', 'D16', 'D17', 'D19', 'D2', 'D21', 'D23', 'D25', 'D26', 'D28', 'D29', 'D3', 'D30', 'D32', 'D34', 'D37', 'D38', 'D39', 'D4', 'D41', 'D43', 'D44', 'D45', 'D46', 'D5', 'D50', 'D52', 'D55', 'D58', 'D6', 'D60', 'D61', 'D62', 'D63', 'D64', 'D65', 'D66', 'D67', 'D68', 'D69', 'D70', 'D71', 'D72', 'D73', 'D76', 'D77', 'D78', 'D79', 'D8', 'D81', 'D82', 'D83', 'D84', 'D87', 'D89', 'D90', 'D92', 'D93', 'D95', 'D96', 'D97']","['D10', 'D11', 'D12', 'D14', 'D15', 'D16', 'D17', 'D19', 'D2', 'D21', 'D23', 'D25', 'D26', 'D28', 'D29', 'D3', 'D30', 'D32', 'D34', 'D37', 'D38', 'D39', 'D4', 'D41', 'D43', 'D44', 'D45', 'D46', 'D5', 'D50', 'D52', 'D55', 'D58', 'D6', 'D60', 'D61', 'D62', 'D63', 'D64', 'D65', 'D66', 'D67', 'D68', 'D69', 'D70', 'D71', 'D72', 'D73', 'D76', 'D77', 'D78', 'D79', 'D8', 'D81', 'D82', 'D83', 'D84', 'D87', 'D89', 'D90', 'D92', 'D93', 'D95', 'D96', 'D97']"
3,B80,['D97'],"['D96', 'D98']","['D10', 'D11', 'D12', 'D14', 'D15', 'D16', 'D17', 'D19', 'D2', 'D21', 'D23', 'D25', 'D26', 'D28', 'D29', 'D3', 'D30', 'D32', 'D34', 'D37', 'D38', 'D39', 'D4', 'D41', 'D43', 'D44', 'D45', 'D46', 'D5', 'D50', 'D52', 'D55', 'D58', 'D6', 'D60', 'D61', 'D62', 'D63', 'D64', 'D65', 'D66', 'D67', 'D68', 'D69', 'D70', 'D71', 'D72', 'D73', 'D76', 'D77', 'D78', 'D79', 'D8', 'D81', 'D82', 'D83', 'D84', 'D87', 'D89', 'D90', 'D92', 'D93', 'D95', 'D96', 'D97']","['D10', 'D11', 'D12', 'D14', 'D15', 'D16', 'D17', 'D19', 'D2', 'D21', 'D23', 'D25', 'D26', 'D28', 'D29', 'D3', 'D30', 'D32', 'D34', 'D37', 'D38', 'D39', 'D4', 'D41', 'D43', 'D44', 'D45', 'D46', 'D5', 'D50', 'D52', 'D55', 'D58', 'D6', 'D60', 'D61', 'D62', 'D63', 'D64', 'D65', 'D66', 'D67', 'D68', 'D69', 'D70', 'D71', 'D72', 'D73', 'D76', 'D77', 'D78', 'D79', 'D8', 'D81', 'D82', 'D83', 'D84', 'D87', 'D89', 'D90', 'D92', 'D93', 'D95', 'D97']"
3,B81,[],[],"['D10', 'D11', 'D12', 'D14', 'D15', 'D16', 'D17', 'D19', 'D2', 'D21', 'D23', 'D25', 'D26', 'D28', 'D29', 'D3', 'D30', 'D32', 'D34', 'D37', 'D38', 'D39', 'D4', 'D41', 'D43', 'D44', 'D45', 'D46', 'D5', 'D50', 'D52', 'D55', 'D58', 'D6', 'D60', 'D61', 'D62', 'D63', 'D64', 'D65', 'D66', 'D67', 'D68', 'D69', 'D70', 'D71', 'D72', 'D73', 'D76', 'D77', 'D78', 'D79', 'D8', 'D81', 'D82', 'D83', 'D84', 'D87', 'D89', 'D90', 'D92', 'D93', 'D95', 'D97', 'D98']","['D10', 'D11', 'D12', 'D14', 'D15', 'D16', 'D17', 'D19', 'D2', 'D21', 'D23', 'D25', 'D26', 'D28', 'D29', 'D3', 'D30', 'D32', 'D34', 'D37', 'D38', 'D39', 'D4', 'D41', 'D43', 'D44', 'D45', 'D46', 'D5', 'D50', 'D52', 'D55', 'D58', 'D6', 'D60', 'D61', 'D62', 'D63', 'D64', 'D65', 'D66', 'D67', 'D68', 'D69', 'D70', 'D71', 'D72', 'D73', 'D76', 'D77', 'D78', 'D79', 'D8', 'D81', 'D82', 'D83', 'D84', 'D87', 'D89', 'D90', 'D92', 'D93', 'D95', 'D97', 'D98']"
3,B82,['D98'],"['D96', 'D97']","['D10', 'D11', 'D12', 'D14', 'D15', 'D16', 'D17', 'D19', 'D2', 'D21', 'D23', 'D25', 'D26', 'D28', 'D29', 'D3', 'D30', 'D32', 'D34', 'D37', 'D38', 'D39', 'D4', 'D41', 'D43', 'D44', 'D45', 'D46', 'D5', 'D50', 'D52', 'D55', 'D58', 'D6', 'D60', 'D61', 'D62', 'D63', 'D64', 'D65', 'D66', 'D67', 'D68', 'D69', 'D70', 'D71', 'D72', 'D73', 'D76', 'D77', 'D78', 'D79', 'D8', 'D81', 'D82', 'D83', 'D84', 'D87', 'D89', 'D90', 'D92', 'D93', 'D95', 'D96', 'D97']","['D10', 'D11', 'D12', 'D14', 'D15', 'D16', 'D17', 'D19', 'D2', 'D21', 'D23', 'D25', 'D26', 'D28', 'D29', 'D3', 'D30', 'D32', 'D34', 'D37', 'D38', 'D39', 'D4', 'D41', 'D43', 'D44', 'D45', 'D46', 'D5', 'D50', 'D52', 'D55', 'D58', 'D6', 'D60', 'D61', 'D62', 'D63', 'D64', 'D65', 'D66', 'D67', 'D68', 'D69', 'D70', 'D71', 'D72', 'D73', 'D76', 'D77', 'D78', 'D79', 'D8', 'D81', 'D82', 'D83', 'D84', 'D87', 'D89', 'D90', 'D92', 'D93', 'D95', 'D98']"
3,B83,[],[],"['D10', 'D11', 'D12', 'D14', 'D15', 'D16', 'D17', 'D19', 'D2', 'D21', 'D23', 'D25', 'D26', 'D28', 'D29', 'D3', 'D30', 'D32', 'D34', 'D37', 'D38', 'D39', 'D4', 'D41', 'D43', 'D44', 'D45', 'D46', 'D5', 'D50', 'D52', 'D55', 'D58', 'D6', 'D60', 'D61', 'D62', 'D63', 'D64', 'D65', 'D66', 'D67', 'D68', 'D69', 'D70', 'D71', 'D72', 'D73', 'D76', 'D77', 'D78', 'D79', 'D8', 'D81', 'D82', 'D83', 'D84', 'D87', 'D89', 'D90', 'D92', 'D93', 'D95', 'D96', 'D97']","['D10', 'D11', 'D12', 'D14', 'D15', 'D16', 'D17', 'D19', 'D2', 'D21', 'D23', 'D25', 'D26', 'D28', 'D29', 'D3', 'D30', 'D32', 'D34', 'D37', 'D38', 'D39', 'D4', 'D41', 'D43', 'D44', 'D45', 'D46', 'D5', 'D50', 'D52', 'D55', 'D58', 'D6', 'D60', 'D61', 'D62', 'D63', 'D64', 'D65', 'D66', 'D67', 'D68', 'D69', 'D70', 'D71', 'D72', 'D73', 'D76', 'D77', 'D78', 'D79', 'D8', 'D81', 'D82', 'D83', 'D84', 'D87', 'D89', 'D90', 'D92', 'D93', 'D95', 'D96', 'D97']"
3,B84,['D99'],['D101'],"['D10', 'D11', 'D12', 'D14', 'D15', 'D16', 'D17', 'D19', 'D2', 'D21', 'D23', 'D25', 'D26', 'D28', 'D29', 'D3', 'D30', 'D32', 'D34', 'D37', 'D38', 'D39', 'D4', 'D41', 'D43', 'D44', 'D45', 'D46', 'D5', 'D50', 'D52', 'D55', 'D58', 'D6', 'D60', 'D61', 'D62', 'D63', 'D64', 'D65', 'D66', 'D67', 'D68', 'D69', 'D70', 'D71', 'D72', 'D73', 'D76', 'D77', 'D78', 'D79', 'D8', 'D81', 'D82', 'D83', 'D84', 'D87', 'D89', 'D90', 'D92', 'D93', 'D95', 'D96']","['D10', 'D11', 'D12', 'D14', 'D15', 'D16', 'D17', 'D19', 'D2', 'D21', 'D23', 'D25', 'D26', 'D28', 'D29', 'D3', 'D30', 'D32', 'D34', 'D37', 'D38', 'D39', 'D4', 'D41', 'D43', 'D44', 'D45', 'D46', 'D5', 'D50', 'D52', 'D55', 'D58', 'D6', 'D60', 'D61', 'D62', 'D63', 'D64', 'D65', 'D66', 'D67', 'D68', 'D69', 'D70', 'D71', 'D72', 'D73', 'D76', 'D77', 'D78', 'D79', 'D8', 'D81', 'D82', 'D83', 'D84', 'D87', 'D89', 'D90', 'D92', 'D93', 'D95', 'D96', 'D99']"
3,B85,[],[],"['D10', 'D100', 'D101', 'D11', 'D12', 'D14', 'D15', 'D16', 'D17', 'D19', 'D2', 'D21', 'D23', 'D25', 'D26', 'D28', 'D29', 'D3', 'D30', 'D32', 'D34', 'D37', 'D38', 'D39', 'D4', 'D41', 'D43', 'D44', 'D45', 'D46', 'D5', 'D50', 'D52', 'D55', 'D58', 'D6', 'D60', 'D61', 'D62', 'D63', 'D64', 'D65', 'D66', 'D67', 'D68', 'D69', 'D70', 'D71', 'D72', 'D73', 'D76', 'D77', 'D78', 'D79', 'D8', 'D81', 'D82', 'D83', 'D84', 'D87', 'D89', 'D90', 'D92', 'D93', 'D95', 'D96', 'D99']","['D10', 'D100', 'D101', 'D11', 'D12', 'D14', 'D15', 'D16', 'D17', 'D19', 'D2', 'D21', 'D23', 'D25', 'D26', 'D28', 'D29', 'D3', 'D30', 'D32', 'D34', 'D37', 'D38', 'D39', 'D4', 'D41', 'D43', 'D44', 'D45', 'D46', 'D5', 'D50', 'D52', 'D55', 'D58', 'D6', 'D60', 'D61', 'D62', 'D63', 'D64', 'D65', 'D66', 'D67', 'D68', 'D69', 'D70', 'D71', 'D72', 'D73', 'D76', 'D77', 'D78', 'D79', 'D8', 'D81', 'D82', 'D83', 'D84', 'D87', 'D89', 'D90', 'D92', 'D93', 'D95', 'D96', 'D99']"
3,B86,"['D100', 'D101']","['D104', 'D67', 'D68', 'D99']","['D10', 'D100', 'D101', 'D11', 'D12', 'D14', 'D15', 'D16', 'D17', 'D19', 'D2', 'D21', 'D23', 'D25', 'D26', 'D28', 'D29', 'D3', 'D30', 'D32', 'D34', 'D37', 'D38', 'D39', 'D4', 'D41', 'D43', 'D44', 'D45', 'D46', 'D5', 'D50', 'D52', 'D55', 'D58', 'D6', 'D60', 'D61', 'D62', 'D63', 'D64', 'D65', 'D66', 'D67', 'D68', 'D69', 'D70', 'D71', 'D72', 'D73', 'D76', 'D77', 'D78', 'D79', 'D8', 'D81', 'D82', 'D83', 'D84', 'D87', 'D89', 'D90', 'D92', 'D93', 'D95', 'D96', 'D99']","['D10', 'D100', 'D101', 'D11', 'D12', 'D14', 'D15', 'D16', 'D17', 'D19', 'D2', 'D21', 'D23', 'D25', 'D26', 'D28', 'D29', 'D3', 'D30', 'D32', 'D34', 'D37', 'D38', 'D39', 'D4', 'D41', 'D43', 'D44', 'D45', 'D46', 'D5', 'D50', 'D52', 'D55', 'D58', 'D6', 'D60', 'D61', 'D62', 'D63', 'D64', 'D65', 'D66', 'D69', 'D70', 'D71', 'D72', 'D73', 'D76', 'D77', 'D78', 'D79', 'D8', 'D81', 'D82', 'D83', 'D84', 'D87', 'D89', 'D90', 'D92', 'D93', 'D95', 'D96']"
3,B87,"['D102', 'D103']","['D105', 'D15']","['D10', 'D100', 'D101', 'D11', 'D12', 'D14', 'D15', 'D16', 'D17', 'D19', 'D2', 'D21', 'D23', 'D25', 'D26', 'D28', 'D29', 'D3', 'D30', 'D32', 'D34', 'D37', 'D38', 'D39', 'D4', 'D41', 'D43', 'D44', 'D45', 'D46', 'D5', 'D50', 'D52', 'D55', 'D58', 'D6', 'D60', 'D61', 'D62', 'D63', 'D64', 'D65', 'D66', 'D67', 'D68', 'D69', 'D70', 'D71', 'D72', 'D73', 'D76', 'D77', 'D78', 'D79', 'D8', 'D81', 'D82', 'D83', 'D84', 'D87', 'D89', 'D90', 'D92', 'D93', 'D95', 'D96', 'D99']","['D10', 'D100', 'D101', 'D102', 'D103', 'D11', 'D12', 'D14', 'D16', 'D17', 'D19', 'D2', 'D21', 'D23', 'D25', 'D26', 'D28', 'D29', 'D3', 'D30', 'D32', 'D34', 'D37', 'D38', 'D39', 'D4', 'D41', 'D43', 'D44', 'D45', 'D46', 'D5', 'D50', 'D52', 'D55', 'D58', 'D6', 'D60', 'D61', 'D62', 'D63', 'D64', 'D65', 'D66', 'D67', 'D68', 'D69', 'D70', 'D71', 'D72', 'D73', 'D76', 'D77', 'D78', 'D79', 'D8', 'D81', 'D82', 'D83', 'D84', 'D87', 'D89', 'D90', 'D92', 'D93', 'D95', 'D96', 'D99']"
3,B88,[],[],"['D10', 'D100', 'D101', 'D102', 'D103', 'D104', 'D105', 'D11', 'D12', 'D14', 'D16', 'D17', 'D19', 'D2', 'D21', 'D23', 'D25', 'D26', 'D28', 'D29', 'D3', 'D30', 'D32', 'D34', 'D37', 'D38', 'D39', 'D4', 'D41', 'D43', 'D44', 'D45', 'D46', 'D5', 'D50', 'D52', 'D55', 'D58', 'D6', 'D60', 'D61', 'D62', 'D63', 'D64', 'D65', 'D66', 'D67', 'D68', 'D69', 'D70', 'D71', 'D72', 'D73', 'D76', 'D77', 'D78', 'D79', 'D8', 'D81', 'D82', 'D83', 'D84', 'D87', 'D89', 'D90', 'D92', 'D93', 'D95', 'D96', 'D99']","['D10', 'D100', 'D101', 'D102', 'D103', 'D104', 'D105', 'D11', 'D12', 'D14', 'D16', 'D17', 'D19', 'D2', 'D21', 'D23', 'D25', 'D26', 'D28', 'D29', 'D3', 'D30', 'D32', 'D34', 'D37', 'D38', 'D39', 'D4', 'D41', 'D43', 'D44', 'D45', 'D46', 'D5', 'D50', 'D52', 'D55', 'D58', 'D6', 'D60', 'D61', 'D62', 'D63', 'D64', 'D65', 'D66', 'D67', 'D68', 'D69', 'D70', 'D71', 'D72', 'D73', 'D76', 'D77', 'D78', 'D79', 'D8', 'D81', 'D82', 'D83', 'D84', 'D87', 'D89', 'D90', 'D92', 'D93', 'D95', 'D96', 'D99']"
3,B89,"['D104', 'D105']","['D100', 'D102', 'D67', 'D68']","['D10', 'D100', 'D101', 'D102', 'D103', 'D104', 'D105', 'D11', 'D12', 'D14', 'D16', 'D17', 'D19', 'D2', 'D21', 'D23', 'D25', 'D26', 'D28', 'D29', 'D3', 'D30', 'D32', 'D34', 'D37', 'D38', 'D39', 'D4', 'D41', 'D43', 'D44', 'D45', 'D46', 'D5', 'D50', 'D52', 'D55', 'D58', 'D6', 'D60', 'D61', 'D62', 'D63', 'D64', 'D65', 'D66', 'D67', 'D68', 'D69', 'D70', 'D71', 'D72', 'D73', 'D76', 'D77', 'D78', 'D79', 'D8', 'D81', 'D82', 'D83', 'D84', 'D87', 'D89', 'D90', 'D92', 'D93', 'D95', 'D96', 'D99']","['D10', 'D101', 'D103', 'D104', 'D105', 'D11', 'D12', 'D14', 'D16', 'D17', 'D19', 'D2', 'D21', 'D23', 'D25', 'D26', 'D28', 'D29', 'D3', 'D30', 'D32', 'D34', 'D37', 'D38', 'D39', 'D4', 'D41', 'D43', 'D44', 'D45', 'D46', 'D5', 'D50', 'D52', 'D55', 'D58', 'D6', 'D60', 'D61', 'D62', 'D63', 'D64', 'D65', 'D66', 'D69', 'D70', 'D71', 'D72', 'D73', 'D76', 'D77', 'D78', 'D79', 'D8', 'D81', 'D82', 'D83', 'D84', 'D87', 'D89', 'D90', 'D92', 'D93', 'D95', 'D96', 'D99']"
3,B90,[],[],"['D10', 'D100', 'D101', 'D102', 'D103', 'D104', 'D105', 'D11', 'D12', 'D14', 'D16', 'D17', 'D19', 'D2', 'D21', 'D23', 'D25', 'D26', 'D28', 'D29', 'D3', 'D30', 'D32', 'D34', 'D37', 'D38', 'D39', 'D4', 'D41', 'D43', 'D44', 'D45', 'D46', 'D5', 'D50', 'D52', 'D55', 'D58', 'D6', 'D60', 'D61', 'D62', 'D63', 'D64', 'D65', 'D66', 'D67', 'D68', 'D69', 'D70', 'D71', 'D72', 'D73', 'D76', 'D77', 'D78', 'D79', 'D8', 'D81', 'D82', 'D83', 'D84', 'D87', 'D89', 'D90', 'D92', 'D93', 'D95', 'D96', 'D99']","['D10', 'D100', 'D101', 'D102', 'D103', 'D104', 'D105', 'D11', 'D12', 'D14', 'D16', 'D17', 'D19', 'D2', 'D21', 'D23', 'D25', 'D26', 'D28', 'D29', 'D3', 'D30', 'D32', 'D34', 'D37', 'D38', 'D39', 'D4', 'D41', 'D43', 'D44', 'D45', 'D46', 'D5', 'D50', 'D52', 'D55', 'D58', 'D6', 'D60', 'D61', 'D62', 'D63', 'D64', 'D65', 'D66', 'D67', 'D68', 'D69', 'D70', 'D71', 'D72', 'D73', 'D76', 'D77', 'D78', 'D79', 'D8', 'D81', 'D82', 'D83', 'D84', 'D87', 'D89', 'D90', 'D92', 'D93', 'D95', 'D96', 'D99']"
4,B0,"['D1', 'D2', 'D3', 'D4', 'D5', 'D6', 'D7']","['D10', 'D89', 'D9', 'D92']",[],"['D1', 'D2', 'D3', 'D4', 'D5', 'D6', 'D7']"
4,B1,[],[],"['D1', 'D2', 'D3', 'D4', 'D5', 'D6', 'D7', 'D8', 'D9']","['D1', 'D2', 'D3', 'D4', 'D5', 'D6', 'D7', 'D8', 'D9']"
4,B2,"['D8', 'D9']","['D10', 'D39', 'D47', 'D53', 'D61', 'D7']","['D1', 'D2', 'D3', 'D4', 'D5', 'D6', 'D7', 'D8', 'D9']","['D1', 'D2', 'D3', 'D4', 'D5', 'D6', 'D8', 'D9']"
4,B3,['D10'],"['D7', 'D9']","['D1', 'D2', 'D3', 'D4', 'D5', 'D6', 'D7', 'D8', 'D9']","['D1', 'D10', 'D2', 'D3', 'D4', 'D5', 'D6', 'D8']"
4,B4,[],[],"['D1', 'D10', 'D11', 'D12', 'D13', 'D2', 'D3', 'D4', 'D5', 'D6', 'D8']","['D1', 'D10', 'D11', 'D12', 'D13', 'D2', 'D3', 'D4', 'D5', 'D6', 'D8']"
4,B5,"['D11', 'D12', 'D13']","['D14', 'D16', 'D17']","['D1', 'D10', 'D11', 'D12', 'D13', 'D2', 'D3', 'D4', 'D5', 'D6', 'D8']","['D1', 'D10', 'D11', 'D12', 'D13', 'D2', 'D3', 'D4', 'D5', 'D6', 'D8']"
4,B6,['D14'],['D13'],"['D1', 'D10', 'D11', 'D12', 'D13', 'D2', 'D3', 'D4', 'D5', 'D6', 'D8']","['D1', 'D10', 'D11', 'D12', 'D14', 'D2', 'D3', 'D4', 'D5', 'D6', 'D8']"
4,B7,[],[],"['D1', 'D10', 'D11', 'D12', 'D14', 'D15', 'D16', 'D17', 'D18', 'D2', 'D3', 'D4', 'D5', 'D6', 'D8']","['D1', 'D10', 'D11', 'D12', 'D14', 'D15', 'D16', 'D17', 'D18', 'D2', 'D3', 'D4', 'D5', 'D6', 'D8']"
4,B8,"['D15', 'D16', 'D17', 'D18']","['D103', 'D11', 'D12', 'D19']","['D1', 'D10', 'D11', 'D12', 'D14', 'D15', 'D16', 'D17', 'D18', 'D2', 'D3', 'D4', 'D5', 'D6', 'D8']","['D1', 'D10', 'D14', 'D15', 'D16', 'D17', 'D18', 'D2', 'D3', 'D4', 'D5', 'D6', 'D8']"
4,B9,"['D19', 'D20']","['D18', 'D22', 'D23']","['D1', 'D10', 'D11', 'D12', 'D14', 'D15', 'D16', 'D17', 'D18', 'D2', 'D3', 'D4', 'D5', 'D6', 'D8']","['D1', 'D10', 'D11', 'D12', 'D14', 'D15', 'D16', 'D17', 'D19', 'D2', 'D20', 'D3', 'D4', 'D5', 'D6', 'D8']"
4,B10,[],[],"['D1', 'D10', 'D11', 'D12', 'D14', 'D15', 'D16', 'D17', 'D19', 'D2', 'D20', 'D21', 'D22', 'D3', 'D4', 'D5', 'D6', 'D8']","['D1', 'D10', 'D11', 'D12', 'D14', 'D15', 'D16', 'D17', 'D19', 'D2', 'D20', 'D21', 'D22', 'D3', 'D4', 'D5', 'D6', 'D8']"
4,B11,"['D21', 'D22']","['D20', 'D23']","['D1', 'D10', 'D11', 'D12', 'D14', 'D15', 'D16', 'D17', 'D19', 'D2', 'D20', 'D21', 'D22', 'D3', 'D4', 'D5', 'D6', 'D8']","['D1', 'D10', 'D11', 'D12', 'D14', 'D15', 'D16', 'D17', 'D19', 'D2', 'D21', 'D22', 'D3', 'D4', 'D5', 'D6', 'D8']"
4,B12,"['D23', 'D24', 'D25']","['D20', 'D22', 'D27', 'D28']","['D1', 'D10', 'D11', 'D12', 'D14', 'D15', 'D16', 'D17', 'D19', 'D2', 'D20', 'D21', 'D22', 'D3', 'D4', 'D5', 'D6', 'D8']","['D1', 'D10', 'D11', 'D12', 'D14', 'D15', 'D16', 'D17', 'D19', 'D2', 'D21', 'D23', 'D24', 'D25', 'D3', 'D4', 'D5', 'D6', 'D8']"
4,B13,[],[],"['D1', 'D10', 'D11', 'D12', 'D14', 'D15', 'D16', 'D17', 'D19', 'D2', 'D21', 'D23', 'D24', 'D25', 'D26', 'D27', 'D3', 'D4', 'D5', 'D6', 'D8']","['D1', 'D10', 'D11', 'D12', 'D14', 'D15', 'D16', 'D17', 'D19', 'D2', 'D21', 'D23', 'D24', 'D25', 'D26', 'D27', 'D3', 'D4', 'D5', 'D6', 'D8']"
4,B14,"['D26', 'D27']","['D24', 'D28', 'D90']","['D1', 'D10', 'D11', 'D12', 'D14', 'D15', 'D16', 'D17', 'D19', 'D2', 'D21', 'D23', 'D24', 'D25', 'D26', 'D27', 'D3', 'D4', 'D5', 'D6', 'D8']","['D1', 'D10', 'D11', 'D12', 'D14', 'D15', 'D16', 'D17', 'D19', 'D2', 'D21', 'D23', 'D25', 'D26', 'D27', 'D3', 'D4', 'D5', 'D6', 'D8']"
4,B15,"['D28', 'D29']","['D24', 'D27', 'D34', 'D35']","['D1', 'D10', 'D11', 'D12', 'D14', 'D15', 'D16', 'D17', 'D19', 'D2', 'D21', 'D23', 'D24', 'D25', 'D26', 'D27', 'D3', 'D4', 'D5', 'D6', 'D8']","['D1', 'D10', 'D11', 'D12', 'D14', 'D15', 'D16', 'D17', 'D19', 'D2', 'D21', 'D23', 'D25', 'D26', 'D28', 'D29', 'D3', 'D4', 'D5', 'D6', 'D8']"
4,B16,[],[],"['D1', 'D10', 'D11', 'D12', 'D14', 'D15', 'D16', 'D17', 'D19', 'D2', 'D21', 'D23', 'D25', 'D26', 'D28', 'D29', 'D3', 'D30', 'D31', 'D32', 'D34', 'D4', 'D5', 'D6', 'D8']","['D1', 'D10', 'D11', 'D12', 'D14', 'D15', 'D16', 'D17', 'D19', 'D2', 'D21', 'D23', 'D25', 'D26', 'D28', 'D29', 'D3', 'D30', 'D31', 'D32', 'D34', 'D4', 'D5', 'D6', 'D8']"
4,B17,"['D30', 'D31', 'D32']","['D33', 'D38']","['D1', 'D10', 'D11', 'D12', 'D14', 'D15', 'D16', 'D17', 'D19', 'D2', 'D21', 'D23', 'D25', 'D26', 'D28', 'D29', 'D3', 'D30', 'D31', 'D32', 'D34', 'D4', 'D5', 'D6', 'D8']","['D1', 'D10', 'D11', 'D12', 'D14', 'D15', 'D16', 'D17', 'D19', 'D2', 'D21', 'D23', 'D25', 'D26', 'D28', 'D29', 'D3', 'D30', 'D31', 'D32', 'D34', 'D4', 'D5', 'D6', 'D8']"
4,B18,[],[],"['D1', 'D10', 'D11', 'D12', 'D14', 'D15', 'D16', 'D17', 'D19', 'D2', 'D21', 'D23', 'D25', 'D26', 'D28', 'D29', 'D3', 'D30', 'D31', 'D32', 'D33', 'D34', 'D4', 'D5', 'D6', 'D8']","['D1', 'D10', 'D11', 'D12', 'D14', 'D15', 'D16', 'D17', 'D19', 'D2', 'D21', 'D23', 'D25', 'D26', 'D28', 'D29', 'D3', 'D30', 'D31', 'D32', 'D33', 'D34', 'D4', 'D5', 'D6', 'D8']"
4,B19,['D33'],['D32'],"['D1', 'D10', 'D11', 'D12', 'D14', 'D15', 'D16', 'D17', 'D19', 'D2', 'D21', 'D23', 'D25', 'D26', 'D28', 'D29', 'D3', 'D30', 'D31', 'D32', 'D33', 'D34', 'D4', 'D5', 'D6', 'D8']","['D1', 'D10', 'D11', 'D12', 'D14', 'D15', 'D16', 'D17', 'D19', 'D2', 'D21', 'D23', 'D25', 'D26', 'D28', 'D29', 'D3', 'D30', 'D31', 'D33', 'D34', 'D4', 'D5', 'D6', 'D8']"
4,B20,['D34'],"['D29', 'D35']","['D1', 'D10', 'D11', 'D12', 'D14', 'D15', 'D16', 'D17', 'D19', 'D2', 'D21', 'D23', 'D25', 'D26', 'D28', 'D29', 'D3', 'D30', 'D31', 'D32', 'D33', 'D34', 'D4', 'D5', 'D6', 'D8']","['D1', 'D10', 'D11', 'D12', 'D14', 'D15', 'D16', 'D17', 'D19', 'D2', 'D21', 'D23', 'D25', 'D26', 'D28', 'D3', 'D30', 'D31', 'D32', 'D33', 'D34', 'D4', 'D5', 'D6', 'D8']"
4,B21,[],[],"['D1', 'D10', 'D11', 'D12', 'D14', 'D15', 'D16', 'D17', 'D19', 'D2', 'D21', 'D23', 'D25', 'D26', 'D28', 'D29', 'D3', 'D30', 'D31', 'D32', 'D34', 'D4', 'D5', 'D6', 'D8']","['D1', 'D10', 'D11', 'D12', 'D14', 'D15', 'D16', 'D17', 'D19', 'D2', 'D21', 'D23', 'D25', 'D26', 'D28', 'D29', 'D3', 'D30', 'D31', 'D32', 'D34', 'D4', 'D5', 'D6', 'D8']"
4,B22,[],[],"['D1', 'D10', 'D11', 'D12', 'D14', 'D15', 'D16', 'D17', 'D19', 'D2', 'D21', 'D23', 'D25', 'D26', 'D28', 'D29', 'D3', 'D30', 'D31', 'D32', 'D34', 'D35', 'D4', 'D5', 'D6', 'D8']","['D1', 'D10', 'D11', 'D12', 'D14', 'D15', 'D16', 'D17', 'D19', 'D2', 'D21', 'D23', 'D25', 'D26', 'D28', 'D29', 'D3', 'D30', 'D31', 'D32', 'D34', 'D35', 'D4', 'D5', 'D6', 'D8']"
4,B23,['D35'],"['D29', 'D34']","['D1', 'D10', 'D11', 'D12', 'D14', 'D15', 'D16', 'D17', 'D19', 'D2', 'D21', 'D23', 'D25', 'D26', 'D28', 'D29', 'D3', 'D30', 'D31', 'D32', 'D34', 'D35', 'D4', 'D5', 'D6', 'D8']","['D1', 'D10', 'D11', 'D12', 'D14', 'D15', 'D16', 'D17', 'D19', 'D2', 'D21', 'D23', 'D25', 'D26', 'D28', 'D3', 'D30', 'D31', 'D32', 'D35', 'D4', 'D5', 'D6', 'D8']"
4,B24,[],[],"['D1', 'D10', 'D11', 'D12', 'D14', 'D15', 'D16', 'D17', 'D19', 'D2', 'D21', 'D23', 'D25', 'D26', 'D28', 'D29', 'D3', 'D30', 'D31', 'D32', 'D34', 'D35', 'D4', 'D5', 'D6', 'D8']","['D1', 'D10', 'D11', 'D12', 'D14', 'D15', 'D16', 'D17', 'D19', 'D2', 'D21', 'D23', 'D25', 'D26', 'D28', 'D29', 'D3', 'D30', 'D31', 'D32', 'D34', 'D35', 'D4', 'D5', 'D6', 'D8']"
4,B25,"['D36', 'D37', 'D38']","['D31', 'D40', 'D41']","['D1', 'D10', 'D11', 'D12', 'D14', 'D15', 'D16', 'D17', 'D19', 'D2', 'D21', 'D23', 'D25', 'D26', 'D28', 'D29', 'D3', 'D30', 'D31', 'D32', 'D34', 'D4', 'D5', 'D6', 'D8']","['D1', 'D10', 'D11', 'D12', 'D14', 'D15', 'D16', 'D17', 'D19', 'D2', 'D21', 'D23', 'D25', 'D26', 'D28', 'D29', 'D3', 'D30', 'D32', 'D34', 'D36', 'D37', 'D38', 'D4', 'D5', 'D6', 'D8']"
4,B26,[],[],"['D1', 'D10', 'D11', 'D12', 'D14', 'D15', 'D16', 'D17', 'D19', 'D2', 'D21', 'D23', 'D25', 'D26', 'D28', 'D29', 'D3', 'D30', 'D32', 'D34', 'D36', 'D37', 'D38', 'D39', 'D4', 'D40', 'D5', 'D6', 'D8']","['D1', 'D10', 'D11', 'D12', 'D14', 'D15', 'D16', 'D17', 'D19', 'D2', 'D21', 'D23', 'D25', 'D26', 'D28', 'D29', 'D3', 'D30', 'D32', 'D34', 'D36', 'D37', 'D38', 'D39', 'D4', 'D40', 'D5', 'D6', 'D8']"
4,B27,"['D39', 'D40']","['D36', 'D41', 'D47', 'D53', 'D61', 'D8']","['D1', 'D10', 'D11', 'D12', 'D14', 'D15', 'D16', 'D17', 'D19', 'D2', 'D21', 'D23', 'D25', 'D26', 'D28', 'D29', 'D3', 'D30', 'D32', 'D34', 'D36', 'D37', 'D38', 'D39', 'D4', 'D40', 'D5', 'D6', 'D8']","['D1', 'D10', 'D11', 'D12', 'D14', 'D15', 'D16', 'D17', 'D19', 'D2', 'D21', 'D23', 'D25', 'D26', 'D28', 'D29', 'D3', 'D30', 'D32', 'D34', 'D37', 'D38', 'D39', 'D4', 'D40', 'D5', 'D6']"
4,B28,"['D41', 'D42', 'D43', 'D44', 'D45', 'D46']","['D36', 'D40', 'D49', 'D50']","['D1', 'D10', 'D11', 'D12', 'D14', 'D15', 'D16', 'D17', 'D19', 'D2', 'D21', 'D23', 'D25', 'D26', 'D28', 'D29', 'D3', 'D30', 'D32', 'D34', 'D36', 'D37', 'D38', 'D39', 'D4', 'D40', 'D5', 'D6', 'D8']","['D1', 'D10', 'D11', 'D12', 'D14', 'D15', 'D16', 'D17', 'D19', 'D2', 'D21', 'D23', 'D25', 'D26', 'D28', 'D29', 'D3', 'D30', 'D32', 'D34', 'D37', 'D38', 'D39', 'D4', 'D41', 'D42', 'D43', 'D44', 'D45', 'D46', 'D5', 'D6', 'D8']"
4,B29,[],[],"['D1', 'D10', 'D11', 'D12', 'D14', 'D15', 'D16', 'D17', 'D19', 'D2', 'D21', 'D23', 'D25', 'D26', 'D28', 'D29', 'D3', 'D30', 'D32', 'D34', 'D37', 'D38', 'D39', 'D4', 'D41', 'D42', 'D43', 'D44', 'D45', 'D46', 'D5', 'D6', 'D8']","['D1', 'D10', 'D11', 'D12', 'D14', 'D15', 'D16', 'D17', 'D19', 'D2', 'D21', 'D23', 'D25', 'D26', 'D28', 'D29', 'D3', 'D30', 'D32', 'D34', 'D37', 'D38', 'D39', 'D4', 'D41', 'D42', 'D43', 'D44', 'D45', 'D46', 'D5', 'D6', 'D8']"
4,B30,[],[],"['D1', 'D10', 'D11', 'D12', 'D14', 'D15', 'D16', 'D17', 'D19', 'D2', 'D21', 'D23', 'D25', 'D26', 'D28', 'D29', 'D3', 'D30', 'D32', 'D34', 'D37', 'D38', 'D39', 'D4', 'D41', 'D42', 'D43', 'D44', 'D45', 'D46', 'D47', 'D48', 'D49', 'D5', 'D6', 'D8']","['D1', 'D10', 'D11', 'D12', 'D14', 'D15', 'D16', 'D17', 'D19', 'D2', 'D21', 'D23', 'D25', 'D26', 'D28', 'D29', 'D3', 'D30', 'D32', 'D34', 'D37', 'D38', 'D39', 'D4', 'D41', 'D42', 'D43', 'D44', 'D45', 'D46', 'D47', 'D48', 'D49', 'D5', 'D6', 'D8']"
4,B31,"['D47', 'D48', 'D49']","['D39', 'D42', 'D50', 'D53', 'D54', 'D61', 'D62', 'D8']","['D1', 'D10', 'D11', 'D12', 'D14', 'D15', 'D16', 'D17', 'D19', 'D2', 'D21', 'D23', 'D25', 'D26', 'D28', 'D29', 'D3', 'D30', 'D32', 'D34', 'D37', 'D38', 'D39', 'D4', 'D41', 'D42', 'D43', 'D44', 'D45', 'D46', 'D47', 'D48', 'D49', 'D5', 'D6', 'D8']","['D1', 'D10', 'D11', 'D12', 'D14', 'D15', 'D16', 'D17', 'D19', 'D2', 'D21', 'D23', 'D25', 'D26', 'D28', 'D29', 'D3', 'D30', 'D32', 'D34', 'D37', 'D38', 'D4', 'D41', 'D43', 'D44', 'D45', 'D46', 'D47', 'D48', 'D49', 'D5', 'D6']"
4,B32,[],[],"['D1', 'D10', 'D11', 'D12', 'D14', 'D15', 'D16', 'D17', 'D19', 'D2', 'D21', 'D23', 'D25', 'D26', 'D28', 'D29', 'D3', 'D30', 'D32', 'D34', 'D37', 'D38', 'D39', 'D4', 'D41', 'D42', 'D43', 'D44', 'D45', 'D46', 'D47', 'D48', 'D49', 'D5', 'D6', 'D8']","['D1', 'D10', 'D11', 'D12', 'D14', 'D15', 'D16', 'D17', 'D19', 'D2', 'D21', 'D23', 'D25', 'D26', 'D28', 'D29', 'D3', 'D30', 'D32', 'D34', 'D37', 'D38', 'D39', 'D4', 'D41', 'D42', 'D43', 'D44', 'D45', 'D46', 'D47', 'D48', 'D49', 'D5', 'D6', 'D8']"
4,B33,"['D50', 'D51', 'D52']","['D42', 'D49', 'D56', 'D57', 'D58']","['D1', 'D10', 'D11', 'D12', 'D14', 'D15', 'D16', 'D17', 'D19', 'D2', 'D21', 'D23', 'D25', 'D26', 'D28', 'D29', 'D3', 'D30', 'D32', 'D34', 'D37', 'D38', 'D39', 'D4', 'D41', 'D42', 'D43', 'D44', 'D45', 'D46', 'D5', 'D6', 'D8']","['D1', 'D10', 'D11', 'D12', 'D14', 'D15', 'D16', 'D17', 'D19', 'D2', 'D21', 'D23', 'D25', 'D26', 'D28', 'D29', 'D3', 'D30', 'D32', 'D34', 'D37', 'D38', 'D39', 'D4', 'D41', 'D43', 'D44', 'D45', 'D46', 'D5', 'D50', 'D51', 'D52', 'D6', 'D8']"
4,B34,[],[],"['D1', 'D10', 'D11', 'D12', 'D14', 'D15', 'D16', 'D17', 'D19', 'D2', 'D21', 'D23', 'D25', 'D26', 'D28', 'D29', 'D3', 'D30', 'D32', 'D34', 'D37', 'D38', 'D39', 'D4', 'D41', 'D43', 'D44', 'D45', 'D46', 'D5', 'D50', 'D51', 'D52', 'D55', 'D56', 'D6', 'D61', 'D62', 'D8']","['D1', 'D10', 'D11', 'D12', 'D14', 'D15', 'D16', 'D17', 'D19', 'D2', 'D21', 'D23', 'D25', 'D26', 'D28', 'D29', 'D3', 'D30', 'D32', 'D34', 'D37', 'D38', 'D39', 'D4', 'D41', 'D43', 'D44', 'D45', 'D46', 'D5', 'D50', 'D51', 'D52', 'D55', 'D56', 'D6', 'D61', 'D62', 'D8']"
4,B35,"['D55', 'D61', 'D62']","['D39', 'D47', 'D48', 'D53', 'D54', 'D8']","['D1', 'D10', 'D11', 'D12', 'D14', 'D15', 'D16', 'D17', 'D19', 'D2', 'D21', 'D23', 'D25', 'D26', 'D28', 'D29', 'D3', 'D30', 'D32', 'D34', 'D37', 'D38', 'D39', 'D4', 'D41', 'D43', 'D44', 'D45', 'D46', 'D5', 'D50', 'D51', 'D52', 'D55', 'D56', 'D6', 'D61', 'D62', 'D8']","['D1', 'D10', 'D11', 'D12', 'D14', 'D15', 'D16', 'D17', 'D19', 'D2', 'D21', 'D23', 'D25', 'D26', 'D28', 'D29', 'D3', 'D30', 'D32', 'D34', 'D37', 'D38', 'D4', 'D41', 'D43', 'D44', 'D45', 'D46', 'D5', 'D50', 'D51', 'D52', 'D55', 'D56', 'D6', 'D61', 'D62']"
4,B36,[],[],"['D1', 'D10', 'D11', 'D12', 'D14', 'D15', 'D16', 'D17', 'D19', 'D2', 'D21', 'D23', 'D25', 'D26', 'D28', 'D29', 'D3', 'D30', 'D32', 'D34', 'D37', 'D38', 'D4', 'D41', 'D43', 'D44', 'D45', 'D46', 'D5', 'D50', 'D51', 'D52', 'D55', 'D56', 'D6', 'D61', 'D62']","['D1', 'D10', 'D11', 'D12', 'D14', 'D15', 'D16', 'D17', 'D19', 'D2', 'D21', 'D23', 'D25', 'D26', 'D28', 'D29', 'D3', 'D30', 'D32', 'D34', 'D37', 'D38', 'D4', 'D41', 'D43', 'D44', 'D45', 'D46', 'D5', 'D50', 'D51', 'D52', 'D55', 'D56', 'D6', 'D61', 'D62']"
4,B37,['D56'],"['D51', 'D57', 'D58']","['D1', 'D10', 'D11', 'D12', 'D14', 'D15', 'D16', 'D17', 'D19', 'D2', 'D21', 'D23', 'D25', 'D26', 'D28', 'D29', 'D3', 'D30', 'D32', 'D34', 'D37', 'D38', 'D4', 'D41', 'D43', 'D44', 'D45', 'D46', 'D5', 'D50', 'D51', 'D52', 'D55', 'D56', 'D6', 'D61', 'D62']","['D1', 'D10', 'D11', 'D12', 'D14', 'D15', 'D16', 'D17', 'D19', 'D2', 'D21', 'D23', 'D25', 'D26', 'D28', 'D29', 'D3', 'D30', 'D32', 'D34', 'D37', 'D38', 'D4', 'D41', 'D43', 'D44', 'D45', 'D46', 'D5', 'D50', 'D52', 'D55', 'D56', 'D6', 'D61', 'D62']"
4,B38,[],[],"['D1', 'D10', 'D11', 'D12', 'D14', 'D15', 'D16', 'D17', 'D19', 'D2', 'D21', 'D23', 'D25', 'D26', 'D28', 'D29', 'D3', 'D30', 'D32', 'D34', 'D37', 'D38', 'D4', 'D41', 'D43', 'D44', 'D45', 'D46', 'D5', 'D50', 'D51', 'D52', 'D55', 'D56', 'D6', 'D61', 'D62']","['D1', 'D10', 'D11', 'D12', 'D14', 'D15', 'D16', 'D17', 'D19', 'D2', 'D21', 'D23', 'D25', 'D26', 'D28', 'D29', 'D3', 'D30', 'D32', 'D34', 'D37', 'D38', 'D4', 'D41', 'D43', 'D44', 'D45', 'D46', 'D5', 'D50', 'D51', 'D52', 'D55', 'D56', 'D6', 'D61', 'D62']"
4,B39,"['D58', 'D59', 'D60']","['D51', 'D56', 'D57', 'D63', 'D64']","['D1', 'D10', 'D11', 'D12', 'D14', 'D15', 'D16', 'D17', 'D19', 'D2', 'D21', 'D23', 'D25', 'D26', 'D28', 'D29', 'D3', 'D30', 'D32', 'D34', 'D37', 'D38', 'D39', 'D4', 'D41', 'D43', 'D44', 'D45', 'D46', 'D5', 'D50', 'D51', 'D52', 'D55', 'D56', 'D6', 'D61', 'D62', 'D8']","['D1', 'D10', 'D11', 'D12', 'D14', 'D15', 'D16', 'D17', 'D19', 'D2', 'D21', 'D23', 'D25', 'D26', 'D28', 'D29', 'D3', 'D30', 'D32', 'D34', 'D37', 'D38', 'D39', 'D4', 'D41', 'D43', 'D44', 'D45', 'D46', 'D5', 'D50', 'D52', 'D55', 'D58', 'D59', 'D6', 'D60', 'D61', 'D62', 'D8']"
4,B40,[],[],"['D1', 'D10', 'D11', 'D12', 'D14', 'D15', 'D16', 'D17', 'D19', 'D2', 'D21', 'D23', 'D25', 'D26', 'D28', 'D29', 'D3', 'D30', 'D32', 'D34', 'D37', 'D38', 'D39', 'D4', 'D41', 'D43', 'D44', 'D45', 'D46', 'D5', 'D50', 'D52', 'D55', 'D58', 'D59', 'D6', 'D60', 'D61', 'D62', 'D63', 'D8']","['D1', 'D10', 'D11', 'D12', 'D14', 'D15', 'D16', 'D17', 'D19', 'D2', 'D21', 'D23', 'D25', 'D26', 'D28', 'D29', 'D3', 'D30', 'D32', 'D34', 'D37', 'D38', 'D39', 'D4', 'D41', 'D43', 'D44', 'D45', 'D46', 'D5', 'D50', 'D52', 'D55', 'D58', 'D59', 'D6', 'D60', 'D61', 'D62', 'D63', 'D8']"
4,B41,"['D61', 'D62']","['D39', 'D47', 'D48', 'D53', 'D54', 'D8']","['D1', 'D10', 'D11', 'D12', 'D14', 'D15', 'D16', 'D17', 'D19', 'D2', 'D21', 'D23', 'D25', 'D26', 'D28', 'D29', 'D3', 'D30', 'D32', 'D34', 'D37', 'D38', 'D39', 'D4', 'D41', 'D43', 'D44', 'D45', 'D46', 'D5', 'D50', 'D52', 'D55', 'D58', 'D59', 'D6', 'D60', 'D61', 'D62', 'D63', 'D8']","['D1', 'D10', 'D11', 'D12', 'D14', 'D15', 'D16', 'D17', 'D19', 'D2', 'D21', 'D23', 'D25', 'D26', 'D28', 'D29', 'D3', 'D30', 'D32', 'D34', 'D37', 'D38', 'D4', 'D41', 'D43', 'D44', 'D45', 'D46', 'D5', 'D50', 'D52', 'D55', 'D58', 'D59', 'D6', 'D60', 'D61', 'D62', 'D63']"
4,B42,[],[],"['D1', 'D10', 'D11', 'D12', 'D14', 'D15', 'D16', 'D17', 'D19', 'D2', 'D21', 'D23', 'D25', 'D26', 'D28', 'D29', 'D3', 'D30', 'D32', 'D34', 'D37', 'D38', 'D4', 'D41', 'D43', 'D44', 'D45', 'D46', 'D5', 'D50', 'D52', 'D55', 'D58', 'D59', 'D6', 'D60', 'D61', 'D62', 'D63']","['D1', 'D10', 'D11', 'D12', 'D14', 'D15', 'D16', 'D17', 'D19', 'D2', 'D21', 'D23', 'D25', 'D26', 'D28', 'D29', 'D3', 'D30', 'D32', 'D34', 'D37', 'D38', 'D4', 'D41', 'D43', 'D44', 'D45', 'D46', 'D5', 'D50', 'D52', 'D55', 'D58', 'D59', 'D6', 'D60', 'D61', 'D62', 'D63']"
4,B43,['D63'],['D60'],"['D1', 'D10', 'D11', 'D12', 'D14', 'D15', 'D16', 'D17', 'D19', 'D2', 'D21', 'D23', 'D25', 'D26', 'D28', 'D29', 'D3', 'D30', 'D32', 'D34', 'D37', 'D38', 'D4', 'D41', 'D43', 'D44', 'D45', 'D46', 'D5', 'D50', 'D52', 'D55', 'D58', 'D59', 'D6', 'D60', 'D61', 'D62', 'D63']","['D1', 'D10', 'D11', 'D12', 'D14', 'D15', 'D16', 'D17', 'D19', 'D2', 'D21', 'D23', 'D25', 'D26', 'D28', 'D29', 'D3', 'D30', 'D32', 'D34', 'D37', 'D38', 'D4', 'D41', 'D43', 'D44', 'D45', 'D46', 'D5', 'D50', 'D52', 'D55', 'D58', 'D59', 'D6', 'D61', 'D62', 'D63']"
4,B44,[],[],"['D1', 'D10', 'D11', 'D12', 'D14', 'D15', 'D16', 'D17', 'D19', 'D2', 'D21', 'D23', 'D25', 'D26', 'D28', 'D29', 'D3', 'D30', 'D32', 'D34', 'D37', 'D38', 'D4', 'D41', 'D43', 'D44', 'D45', 'D46', 'D5', 'D50', 'D52', 'D55', 'D58', 'D59', 'D6', 'D60', 'D61', 'D62', 'D63']","['D1', 'D10', 'D11', 'D12', 'D14', 'D15', 'D16', 'D17', 'D19', 'D2', 'D21', 'D23', 'D25', 'D26', 'D28', 'D29', 'D3', 'D30', 'D32', 'D34', 'D37', 'D38', 'D4', 'D41', 'D43', 'D44', 'D45', 'D46', 'D5', 'D50', 'D52', 'D55', 'D58', 'D59', 'D6', 'D60', 'D61', 'D62', 'D63']"
4,B45,"['D64', 'D65', 'D66']","['D59', 'D69']","['D1', 'D10', 'D11', 'D12', 'D14', 'D15', 'D16', 'D17', 'D19', 'D2', 'D21', 'D23', 'D25', 'D26', 'D28', 'D29', 'D3', 'D30', 'D32', 'D34', 'D37', 'D38', 'D39', 'D4', 'D41', 'D43', 'D44', 'D45', 'D46', 'D5', 'D50', 'D52', 'D55', 'D58', 'D59', 'D6', 'D60', 'D61', 'D62', 'D63', 'D8']","['D1', 'D10', 'D11', 'D12', 'D14', 'D15', 'D16', 'D17', 'D19', 'D2', 'D21', 'D23', 'D25', 'D26', 'D28', 'D29', 'D3', 'D30', 'D32', 'D34', 'D37', 'D38', 'D39', 'D4', 'D41', 'D43', 'D44', 'D45', 'D46', 'D5', 'D50', 'D52', 'D55', 'D58', 'D6', 'D60', 'D61', 'D62', 'D63', 'D64', 'D65', 'D66', 'D8']"
4,B46,[],[],"['D1', 'D10', 'D11', 'D12', 'D14', 'D15', 'D16', 'D17', 'D19', 'D2', 'D21', 'D23', 'D25', 'D26', 'D28', 'D29', 'D3', 'D30', 'D32', 'D34', 'D37', 'D38', 'D39', 'D4', 'D41', 'D43', 'D44', 'D45', 'D46', 'D5', 'D50', 'D52', 'D55', 'D58', 'D6', 'D60', 'D61', 'D62', 'D63', 'D64', 'D65', 'D66', 'D67', 'D68', 'D69', 'D8']","['D1', 'D10', 'D11', 'D12', 'D14', 'D15', 'D16', 'D17', 'D19', 'D2', 'D21', 'D23', 'D25', 'D26', 'D28', 'D29', 'D3', 'D30', 'D32', 'D34', 'D37', 'D38', 'D39', 'D4', 'D41', 'D43', 'D44', 'D45', 'D46', 'D5', 'D50', 'D52', 'D55', 'D58', 'D6', 'D60', 'D61', 'D62', 'D63', 'D64', 'D65', 'D66', 'D67', 'D68', 'D69', 'D8']"
4,B47,['D67'],"['D100', 'D104', 'D68']","['D1', 'D10', 'D11', 'D12', 'D14', 'D15', 'D16', 'D17', 'D19', 'D2', 'D21', 'D23', 'D25', 'D26', 'D28', 'D29', 'D3', 'D30', 'D32', 'D34', 'D37', 'D38', 'D39', 'D4', 'D41', 'D43', 'D44', 'D45', 'D46', 'D5', 'D50', 'D52', 'D55', 'D58', 'D6', 'D60', 'D61', 'D62', 'D63', 'D64', 'D65', 'D66', 'D67', 'D68', 'D69', 'D8']","['D1', 'D10', 'D11', 'D12', 'D14', 'D15', 'D16', 'D17', 'D19', 'D2', 'D21', 'D23', 'D25', 'D26', 'D28', 'D29', 'D3', 'D30', 'D32', 'D34', 'D37', 'D38', 'D39', 'D4', 'D41', 'D43', 'D44', 'D45', 'D46', 'D5', 'D50', 'D52', 'D55', 'D58', 'D6', 'D60', 'D61', 'D62', 'D63', 'D64', 'D65', 'D66', 'D67', 'D69', 'D8']"
4,B48,[],[],"['D1', 'D10', 'D11', 'D12', 'D14', 'D15', 'D16', 'D17', 'D19', 'D2', 'D21', 'D23', 'D25', 'D26', 'D28', 'D29', 'D3', 'D30', 'D32', 'D34', 'D37', 'D38', 'D39', 'D4', 'D41', 'D43', 'D44', 'D45', 'D46', 'D5', 'D50', 'D52', 'D55', 'D58', 'D6', 'D60', 'D61', 'D62', 'D63', 'D64', 'D65', 'D66', 'D67', 'D69', 'D8']","['D1', 'D10', 'D11', 'D12', 'D14', 'D15', 'D16', 'D17', 'D19', 'D2', 'D21', 'D23', 'D25', 'D26', 'D28', 'D29', 'D3', 'D30', 'D32', 'D34', 'D37', 'D38', 'D39', 'D4', 'D41', 'D43', 'D44', 'D45', 'D46', 'D5', 'D50', 'D52', 'D55', 'D58', 'D6', 'D60', 'D61', 'D62', 'D63', 'D64', 'D65', 'D66', 'D67', 'D69', 'D8']"
4,B49,['D68'],"['D100', 'D104', 'D67']","['D1', 'D10', 'D11', 'D12', 'D14', 'D15', 'D16', 'D17', 'D19', 'D2', 'D21', 'D23', 'D25', 'D26', 'D28', 'D29', 'D3', 'D30', 'D32', 'D34', 'D37', 'D38', 'D39', 'D4', 'D41', 'D43', 'D44', 'D45', 'D46', 'D5', 'D50', 'D52', 'D55', 'D58', 'D6', 'D60', 'D61', 'D62', 'D63', 'D64', 'D65', 'D66', 'D67', 'D69', 'D8']","['D1', 'D10', 'D11', 'D12', 'D14', 'D15', 'D16', 'D17', 'D19', 'D2', 'D21', 'D23', 'D25', 'D26', 'D28', 'D29', 'D3', 'D30', 'D32', 'D34', 'D37', 'D38', 'D39', 'D4', 'D41', 'D43', 'D44', 'D45', 'D46', 'D5', 'D50', 'D52', 'D55', 'D58', 'D6', 'D60', 'D61', 'D62', 'D63', 'D64', 'D65', 'D66', 'D68', 'D69', 'D8']"
4,B50,['D69'],['D65'],"['D1', 'D10', 'D11', 'D12', 'D14', 'D15', 'D16', 'D17', 'D19', 'D2', 'D21', 'D23', 'D25', 'D26', 'D28', 'D29', 'D3', 'D30', 'D32', 'D34', 'D37', 'D38', 'D39', 'D4', 'D41', 'D43', 'D44', 'D45', 'D46', 'D5', 'D50', 'D52', 'D55', 'D58', 'D6', 'D60', 'D61', 'D62', 'D63', 'D64', 'D65', 'D66', 'D67', 'D68', 'D69', 'D8']","['D1', 'D10', 'D11', 'D12', 'D14', 'D15', 'D16', 'D17', 'D19', 'D2', 'D21', 'D23', 'D25', 'D26', 'D28', 'D29', 'D3', 'D30', 'D32', 'D34', 'D37', 'D38', 'D39', 'D4', 'D41', 'D43', 'D44', 'D45', 'D46', 'D5', 'D50', 'D52', 'D55', 'D58', 'D6', 'D60', 'D61', 'D62', 'D63', 'D64', 'D66', 'D67', 'D68', 'D69', 'D8']"
4,B51,"['D70', 'D71']",['D72'],"['D1', 'D10', 'D11', 'D12', 'D14', 'D15', 'D16', 'D17', 'D19', 'D2', 'D21', 'D23', 'D25', 'D26', 'D28', 'D29', 'D3', 'D30', 'D32', 'D34', 'D37', 'D38', 'D39', 'D4', 'D41', 'D43', 'D44', 'D45', 'D46', 'D5', 'D50', 'D52', 'D55', 'D58', 'D6', 'D60', 'D61', 'D62', 'D63', 'D64', 'D65', 'D66', 'D67', 'D68', 'D69', 'D8']","['D1', 'D10', 'D11', 'D12', 'D14', 'D15', 'D16', 'D17', 'D19', 'D2', 'D21', 'D23', 'D25', 'D26', 'D28', 'D29', 'D3', 'D30', 'D32', 'D34', 'D37', 'D38', 'D39', 'D4', 'D41', 'D43', 'D44', 'D45', 'D46', 'D5', 'D50', 'D52', 'D55', 'D58', 'D6', 'D60', 'D61', 'D62', 'D63', 'D64', 'D65', 'D66', 'D67', 'D68', 'D69', 'D70', 'D71', 'D8']"
4,B52,[],[],"['D1', 'D10', 'D11', 'D12', 'D14', 'D15', 'D16', 'D17', 'D19', 'D2', 'D21', 'D23', 'D25', 'D26', 'D28', 'D29', 'D3', 'D30', 'D32', 'D34', 'D37', 'D38', 'D39', 'D4', 'D41', 'D43', 'D44', 'D45', 'D46', 'D5', 'D50', 'D52', 'D55', 'D58', 'D6', 'D60', 'D61', 'D62', 'D63', 'D64', 'D65', 'D66', 'D67', 'D68', 'D69', 'D70', 'D71', 'D72', 'D8']","['D1', 'D10', 'D11', 'D12', 'D14', 'D15', 'D16', 'D17', 'D19', 'D2', 'D21', 'D23', 'D25', 'D26', 'D28', 'D29', 'D3', 'D30', 'D32', 'D34', 'D37', 'D38', 'D39', 'D4', 'D41', 'D43', 'D44', 'D45', 'D46', 'D5', 'D50', 'D52', 'D55', 'D58', 'D6', 'D60', 'D61', 'D62', 'D63', 'D64', 'D65', 'D66', 'D67', 'D68', 'D69', 'D70', 'D71', 'D72', 'D8']"
4,B53,['D72'],['D70'],"['D1', 'D10', 'D11', 'D12', 'D14', 'D15', 'D16', 'D17', 'D19', 'D2', 'D21', 'D23', 'D25', 'D26', 'D28', 'D29', 'D3', 'D30', 'D32', 'D34', 'D37', 'D38', 'D39', 'D4', 'D41', 'D43', 'D44', 'D45', 'D46', 'D5', 'D50', 'D52', 'D55', 'D58', 'D6', 'D60', 'D61', 'D62', 'D63', 'D64', 'D65', 'D66', 'D67', 'D68', 'D69', 'D70', 'D71', 'D72', 'D8']","['D1', 'D10', 'D11', 'D12', 'D14', 'D15', 'D16', 'D17', 'D19', 'D2', 'D21', 'D23', 'D25', 'D26', 'D28', 'D29', 'D3', 'D30', 'D32', 'D34', 'D37', 'D38', 'D39', 'D4', 'D41', 'D43', 'D44', 'D45', 'D46', 'D5', 'D50', 'D52', 'D55', 'D58', 'D6', 'D60', 'D61', 'D62', 'D63', 'D64', 'D65', 'D66', 'D67', 'D68', 'D69', 'D71', 'D72', 'D8']"
4,B54,['D73'],['D74'],"['D1', 'D10', 'D11', 'D12', 'D14', 'D15', 'D16', 'D17', 'D19', 'D2', 'D21', 'D23', 'D25', 'D26', 'D28', 'D29', 'D3', 'D30', 'D32', 'D34', 'D37', 'D38', 'D39', 'D4', 'D41', 'D43', 'D44', 'D45', 'D46', 'D5', 'D50', 'D52', 'D55', 'D58', 'D6', 'D60', 'D61', 'D62', 'D63', 'D64', 'D65', 'D66', 'D67', 'D68', 'D69', 'D70', 'D71', 'D72', 'D8']","['D1', 'D10', 'D11', 'D12', 'D14', 'D15', 'D16', 'D17', 'D19', 'D2', 'D21', 'D23', 'D25', 'D26', 'D28', 'D29', 'D3', 'D30', 'D32', 'D34', 'D37', 'D38', 'D39', 'D4', 'D41', 'D43', 'D44', 'D45', 'D46', 'D5', 'D50', 'D52', 'D55', 'D58', 'D6', 'D60', 'D61', 'D62', 'D63', 'D64', 'D65', 'D66', 'D67', 'D68', 'D69', 'D70', 'D71', 'D72', 'D73', 'D8']"
4,B55,[],[],"['D1', 'D10', 'D11', 'D12', 'D14', 'D15', 'D16', 'D17', 'D19', 'D2', 'D21', 'D23', 'D25', 'D26', 'D28', 'D29', 'D3', 'D30', 'D32', 'D34', 'D37', 'D38', 'D39', 'D4', 'D41', 'D43', 'D44', 'D45', 'D46', 'D5', 'D50', 'D52', 'D55', 'D58', 'D6', 'D60', 'D61', 'D62', 'D63', 'D64', 'D65', 'D66', 'D67', 'D68', 'D69', 'D70', 'D71', 'D72', 'D73', 'D8']","['D1', 'D10', 'D11', 'D12', 'D14', 'D15', 'D16', 'D17', 'D19', 'D2', 'D21', 'D23', 'D25', 'D26', 'D28', 'D29', 'D3', 'D30', 'D32', 'D34', 'D37', 'D38', 'D39', 'D4', 'D41', 'D43', 'D44', 'D45', 'D46', 'D5', 'D50', 'D52', 'D55', 'D58', 'D6', 'D60', 'D61', 'D62', 'D63', 'D64', 'D65', 'D66', 'D67', 'D68', 'D69', 'D70', 'D71', 'D72', 'D73', 'D8']"
4,B56,[],[],"['D1', 'D10', 'D11', 'D12', 'D14', 'D15', 'D16', 'D17', 'D19', 'D2', 'D21', 'D23', 'D25', 'D26', 'D28', 'D29', 'D3', 'D30', 'D32', 'D34', 'D37', 'D38', 'D39', 'D4', 'D41', 'D43', 'D44', 'D45', 'D46', 'D5', 'D50', 'D52', 'D55', 'D58', 'D6', 'D60', 'D61', 'D62', 'D63', 'D64', 'D65', 'D66', 'D67', 'D68', 'D69', 'D70', 'D71', 'D72', 'D73', 'D8']","['D1', 'D10', 'D11', 'D12', 'D14', 'D15', 'D16', 'D17', 'D19', 'D2', 'D21', 'D23', 'D25', 'D26', 'D28', 'D29', 'D3', 'D30', 'D32', 'D34', 'D37', 'D38', 'D39', 'D4', 'D41', 'D43', 'D44', 'D45', 'D46', 'D5', 'D50', 'D52', 'D55', 'D58', 'D6', 'D60', 'D61', 'D62', 'D63', 'D64', 'D65', 'D66', 'D67', 'D68', 'D69', 'D70', 'D71', 'D72', 'D73', 'D8']"
4,B57,[],[],"['D1', 'D10', 'D11', 'D12', 'D14', 'D15', 'D16', 'D17', 'D19', 'D2', 'D21', 'D23', 'D25', 'D26', 'D28', 'D29', 'D3', 'D30', 'D32', 'D34', 'D37', 'D38', 'D39', 'D4', 'D41', 'D43', 'D44', 'D45', 'D46', 'D5', 'D50', 'D52', 'D55', 'D58', 'D6', 'D60', 'D61', 'D62', 'D63', 'D64', 'D65', 'D66', 'D67', 'D68', 'D69', 'D70', 'D71', 'D72', 'D73', 'D74', 'D8']","['D1', 'D10', 'D11', 'D12', 'D14', 'D15', 'D16', 'D17', 'D19', 'D2', 'D21', 'D23', 'D25', 'D26', 'D28', 'D29', 'D3', 'D30', 'D32', 'D34', 'D37', 'D38', 'D39', 'D4', 'D41', 'D43', 'D44', 'D45', 'D46', 'D5', 'D50', 'D52', 'D55', 'D58', 'D6', 'D60', 'D61', 'D62', 'D63', 'D64', 'D65', 'D66', 'D67', 'D68', 'D69', 'D70', 'D71', 'D72', 'D73', 'D74', 'D8']"
4,B58,['D74'],['D73'],"['D1', 'D10', 'D11', 'D12', 'D14', 'D15', 'D16', 'D17', 'D19', 'D2', 'D21', 'D23', 'D25', 'D26', 'D28', 'D29', 'D3', 'D30', 'D32', 'D34', 'D37', 'D38', 'D39', 'D4', 'D41', 'D43', 'D44', 'D45', 'D46', 'D5', 'D50', 'D52', 'D55', 'D58', 'D6', 'D60', 'D61', 'D62', 'D63', 'D64', 'D65', 'D66', 'D67', 'D68', 'D69', 'D70', 'D71', 'D72', 'D73', 'D74', 'D8']","['D1', 'D10', 'D11', 'D12', 'D14', 'D15', 'D16', 'D17', 'D19', 'D2', 'D21', 'D23', 'D25', 'D26', 'D28', 'D29', 'D3', 'D30', 'D32', 'D34', 'D37', 'D38', 'D39', 'D4', 'D41', 'D43', 'D44', 'D45', 'D46', 'D5', 'D50', 'D52', 'D55', 'D58', 'D6', 'D60', 'D61', 'D62', 'D63', 'D64', 'D65', 'D66', 'D67', 'D68', 'D69', 'D70', 'D71', 'D72', 'D74', 'D8']"
4,B59,[],[],"['D1', 'D10', 'D11', 'D12', 'D14', 'D15', 'D16', 'D17', 'D19', 'D2', 'D21', 'D23', 'D25', 'D26', 'D28', 'D29', 'D3', 'D30', 'D32', 'D34', 'D37', 'D38', 'D39', 'D4', 'D41', 'D43', 'D44', 'D45', 'D46', 'D5', 'D50', 'D52', 'D55', 'D58', 'D6', 'D60', 'D61', 'D62', 'D63', 'D64', 'D65', 'D66', 'D67', 'D68', 'D69', 'D70', 'D71', 'D72', 'D73', 'D74', 'D8']","['D1', 'D10', 'D11', 'D12', 'D14', 'D15', 'D16', 'D17', 'D19', 'D2', 'D21', 'D23', 'D25', 'D26', 'D28', 'D29', 'D3', 'D30', 'D32', 'D34', 'D37', 'D38', 'D39', 'D4', 'D41', 'D43', 'D44', 'D45', 'D46', 'D5', 'D50', 'D52', 'D55', 'D58', 'D6', 'D60', 'D61', 'D62', 'D63', 'D64', 'D65', 'D66', 'D67', 'D68', 'D69', 'D70', 'D71', 'D72', 'D73', 'D74', 'D8']"
4,B60,[],[],"['D1', 'D10', 'D11', 'D12', 'D14', 'D15', 'D16', 'D17', 'D19', 'D2', 'D21', 'D23', 'D25', 'D26', 'D28', 'D29', 'D3', 'D30', 'D32', 'D34', 'D37', 'D38', 'D39', 'D4', 'D41', 'D43', 'D44', 'D45', 'D46', 'D5', 'D50', 'D52', 'D55', 'D58', 'D6', 'D60', 'D61', 'D62', 'D63', 'D64', 'D65', 'D66', 'D67', 'D68', 'D69', 'D70', 'D71', 'D72', 'D73', 'D8']","['D1', 'D10', 'D11', 'D12', 'D14', 'D15', 'D16', 'D17', 'D19', 'D2', 'D21', 'D23', 'D25', 'D26', 'D28', 'D29', 'D3', 'D30', 'D32', 'D34', 'D37', 'D38', 'D39', 'D4', 'D41', 'D43', 'D44', 'D45', 'D46', 'D5', 'D50', 'D52', 'D55', 'D58', 'D6', 'D60', 'D61', 'D62', 'D63', 'D64', 'D65', 'D66', 'D67', 'D68', 'D69', 'D70', 'D71', 'D72', 'D73', 'D8']"
4,B61,"['D75', 'D76', 'D77']","['D80', 'D81', 'D82']","['D1', 'D10', 'D11', 'D12', 'D14', 'D15', 'D16', 'D17', 'D19', 'D2', 'D21', 'D23', 'D25', 'D26', 'D28', 'D29', 'D3', 'D30', 'D32', 'D34', 'D37', 'D38', 'D39', 'D4', 'D41', 'D43', 'D44', 'D45', 'D46', 'D5', 'D50', 'D52', 'D55', 'D58', 'D6', 'D60', 'D61', 'D62', 'D63', 'D64', 'D65', 'D66', 'D67', 'D68', 'D69', 'D70', 'D71', 'D72', 'D73', 'D8']","['D1', 'D10', 'D11', 'D12', 'D14', 'D15', 'D16', 'D17', 'D19', 'D2', 'D21', 'D23', 'D25', 'D26', 'D28', 'D29', 'D3', 'D30', 'D32', 'D34', 'D37', 'D38', 'D39', 'D4', 'D41', 'D43', 'D44', 'D45', 'D46', 'D5', 'D50', 'D52', 'D55', 'D58', 'D6', 'D60', 'D61', 'D62', 'D63', 'D64', 'D65', 'D66', 'D67', 'D68', 'D69', 'D70', 'D71', 'D72', 'D73', 'D75', 'D76', 'D77', 'D8']"
4,B62,[],[],"['D1', 'D10', 'D11', 'D12', 'D14', 'D15', 'D16', 'D17', 'D19', 'D2', 'D21', 'D23', 'D25', 'D26', 'D28', 'D29', 'D3', 'D30', 'D32', 'D34', 'D37', 'D38', 'D39', 'D4', 'D41', 'D43', 'D44', 'D45', 'D46', 'D5', 'D50', 'D52', 'D55', 'D58', 'D6', 'D60', 'D61', 'D62', 'D63', 'D64', 'D65', 'D66', 'D67', 'D68', 'D69', 'D70', 'D71', 'D72', 'D73', 'D75', 'D76', 'D77', 'D78', 'D79', 'D8', 'D80', 'D81']","['D1', 'D10', 'D11', 'D12', 'D14', 'D15', 'D16', 'D17', 'D19', 'D2', 'D21', 'D23', 'D25', 'D26', 'D28', 'D29', 'D3', 'D30', 'D32', 'D34', 'D37', 'D38', 'D39', 'D4', 'D41', 'D43', 'D44', 'D45', 'D46', 'D5', 'D50', 'D52', 'D55', 'D58', 'D6', 'D60', 'D61', 'D62', 'D63', 'D64', 'D65', 'D66', 'D67', 'D68', 'D69', 'D70', 'D71', 'D72', 'D73', 'D75', 'D76', 'D77', 'D78', 'D79', 'D8', 'D80', 'D81']"
4,B63,"['D78', 'D79', 'D80', 'D81']","['D75', 'D77', 'D82']","['D1', 'D10', 'D11', 'D12', 'D14', 'D15', 'D16', 'D17', 'D19', 'D2', 'D21', 'D23', 'D25', 'D26', 'D28', 'D29', 'D3', 'D30', 'D32', 'D34', 'D37', 'D38', 'D39', 'D4', 'D41', 'D43', 'D44', 'D45', 'D46', 'D5', 'D50', 'D52', 'D55', 'D58', 'D6', 'D60', 'D61', 'D62', 'D63', 'D64', 'D65', 'D66', 'D67', 'D68', 'D69', 'D70', 'D71', 'D72', 'D73', 'D75', 'D76', 'D77', 'D78', 'D79', 'D8', 'D80', 'D81']","['D1', 'D10', 'D11', 'D12', 'D14', 'D15', 'D16', 'D17', 'D19', 'D2', 'D21', 'D23', 'D25', 'D26', 'D28', 'D29', 'D3', 'D30', 'D32', 'D34', 'D37', 'D38', 'D39', 'D4', 'D41', 'D43', 'D44', 'D45', 'D46', 'D5', 'D50', 'D52', 'D55', 'D58', 'D6', 'D60', 'D61', 'D62', 'D63', 'D64', 'D65', 'D66', 'D67', 'D68', 'D69', 'D70', 'D71', 'D72', 'D73', 'D76', 'D78', 'D79', 'D8', 'D80', 'D81']"
4,B64,"['D82', 'D83', 'D84']","['D75', 'D80', 'D86']","['D1', 'D10', 'D11', 'D12', 'D14', 'D15', 'D16', 'D17', 'D19', 'D2', 'D21', 'D23', 'D25', 'D26', 'D28', 'D29', 'D3', 'D30', 'D32', 'D34', 'D37', 'D38', 'D39', 'D4', 'D41', 'D43', 'D44', 'D45', 'D46', 'D5', 'D50', 'D52', 'D55', 'D58', 'D6', 'D60', 'D61', 'D62', 'D63', 'D64', 'D65', 'D66', 'D67', 'D68', 'D69', 'D70', 'D71', 'D72', 'D73', 'D75', 'D76', 'D77', 'D78', 'D79', 'D8', 'D80', 'D81']","['D1', 'D10', 'D11', 'D12', 'D14', 'D15', 'D16', 'D17', 'D19', 'D2', 'D21', 'D23', 'D25', 'D26', 'D28', 'D29', 'D3', 'D30', 'D32', 'D34', 'D37', 'D38', 'D39', 'D4', 'D41', 'D43', 'D44', 'D45', 'D46', 'D5', 'D50', 'D52', 'D55', 'D58', 'D6', 'D60', 'D61', 'D62', 'D63', 'D64', 'D65', 'D66', 'D67', 'D68', 'D69', 'D70', 'D71', 'D72', 'D73', 'D76', 'D77', 'D78', 'D79', 'D8', 'D81', 'D82', 'D83', 'D84']"
4,B65,[],[],"['D1', 'D10', 'D11', 'D12', 'D14', 'D15', 'D16', 'D17', 'D19', 'D2', 'D21', 'D23', 'D25', 'D26', 'D28', 'D29', 'D3', 'D30', 'D32', 'D34', 'D37', 'D38', 'D39', 'D4', 'D41', 'D43', 'D44', 'D45', 'D46', 'D5', 'D50', 'D52', 'D55', 'D58', 'D6', 'D60', 'D61', 'D62', 'D63', 'D64', 'D65', 'D66', 'D67', 'D68', 'D69', 'D70', 'D71', 'D72', 'D73', 'D76', 'D77', 'D78', 'D79', 'D8', 'D81', 'D82', 'D83', 'D84']","['D1', 'D10', 'D11', 'D12', 'D14', 'D15', 'D16', 'D17', 'D19', 'D2', 'D21', 'D23', 'D25', 'D26', 'D28', 'D29', 'D3', 'D30', 'D32', 'D34', 'D37', 'D38', 'D39', 'D4', 'D41', 'D43', 'D44', 'D45', 'D46', 'D5', 'D50', 'D52', 'D55', 'D58', 'D6', 'D60', 'D61', 'D62', 'D63', 'D64', 'D65', 'D66', 'D67', 'D68', 'D69', 'D70', 'D71', 'D72', 'D73', 'D76', 'D77', 'D78', 'D79', 'D8', 'D81', 'D82', 'D83', 'D84']"
4,B66,[],[],"['D1', 'D10', 'D11', 'D12', 'D14', 'D15', 'D16', 'D17', 'D19', 'D2', 'D21', 'D23', 'D25', 'D26', 'D28', 'D29', 'D3', 'D30', 'D32', 'D34', 'D37', 'D38', 'D39', 'D4', 'D41', 'D43', 'D44', 'D45', 'D46', 'D5', 'D50', 'D52', 'D55', 'D58', 'D6', 'D60', 'D61', 'D62', 'D63', 'D64', 'D65', 'D66', 'D67', 'D68', 'D69', 'D70', 'D71', 'D72', 'D73', 'D76', 'D77', 'D78', 'D79', 'D8', 'D81', 'D82', 'D83', 'D84', 'D85']","['D1', 'D10', 'D11', 'D12', 'D14', 'D15', 'D16', 'D17', 'D19', 'D2', 'D21', 'D23', 'D25', 'D26', 'D28', 'D29', 'D3', 'D30', 'D32', 'D34', 'D37', 'D38', 'D39', 'D4', 'D41', 'D43', 'D44', 'D45', 'D46', 'D5', 'D50', 'D52', 'D55', 'D58', 'D6', 'D60', 'D61', 'D62', 'D63', 'D64', 'D65', 'D66', 'D67', 'D68', 'D69', 'D70', 'D71', 'D72', 'D73', 'D76', 'D77', 'D78', 'D79', 'D8', 'D81', 'D82', 'D83', 'D84', 'D85']"
4,B67,['D85'],[],"['D1', 'D10', 'D11', 'D12', 'D14', 'D15', 'D16', 'D17', 'D19', 'D2', 'D21', 'D23', 'D25', 'D26', 'D28', 'D29', 'D3', 'D30', 'D32', 'D34', 'D37', 'D38', 'D39', 'D4', 'D41', 'D43', 'D44', 'D45', 'D46', 'D5', 'D50', 'D52', 'D55', 'D58', 'D6', 'D60', 'D61', 'D62', 'D63', 'D64', 'D65', 'D66', 'D67', 'D68', 'D69', 'D70', 'D71', 'D72', 'D73', 'D76', 'D77', 'D78', 'D79', 'D8', 'D81', 'D82', 'D83', 'D84', 'D85']","['D1', 'D10', 'D11', 'D12', 'D14', 'D15', 'D16', 'D17', 'D19', 'D2', 'D21', 'D23', 'D25', 'D26', 'D28', 'D29', 'D3', 'D30', 'D32', 'D34', 'D37', 'D38', 'D39', 'D4', 'D41', 'D43', 'D44', 'D45', 'D46', 'D5', 'D50', 'D52', 'D55', 'D58', 'D6', 'D60', 'D61', 'D62', 'D63', 'D64', 'D65', 'D66', 'D67', 'D68', 'D69', 'D70', 'D71', 'D72', 'D73', 'D76', 'D77', 'D78', 'D79', 'D8', 'D81', 'D82', 'D83', 'D84', 'D85']"
4,B68,[],[],"['D1', 'D10', 'D11', 'D12', 'D14', 'D15', 'D16', 'D17', 'D19', 'D2', 'D21', 'D23', 'D25', 'D26', 'D28', 'D29', 'D3', 'D30', 'D32', 'D34', 'D37', 'D38', 'D39', 'D4', 'D41', 'D43', 'D44', 'D45', 'D46', 'D5', 'D50', 'D52', 'D55', 'D58', 'D6', 'D60', 'D61', 'D62', 'D63', 'D64', 'D65', 'D66', 'D67', 'D68', 'D69', 'D70', 'D71', 'D72', 'D73', 'D76', 'D77', 'D78', 'D79', 'D8', 'D81', 'D82', 'D83', 'D84', 'D85']","['D1', 'D10', 'D11', 'D12', 'D14', 'D15', 'D16', 'D17', 'D19', 'D2', 'D21', 'D23', 'D25', 'D26', 'D28', 'D29', 'D3', 'D30', 'D32', 'D34', 'D37', 'D38', 'D39', 'D4', 'D41', 'D43', 'D44', 'D45', 'D46', 'D5', 'D50', 'D52', 'D55', 'D58', 'D6', 'D60', 'D61', 'D62', 'D63', 'D64', 'D65', 'D66', 'D67', 'D68', 'D69', 'D70', 'D71', 'D72', 'D73', 'D76', 'D77', 'D78', 'D79', 'D8', 'D81', 'D82', 'D83', 'D84', 'D85']"
4,B69,[],[],"['D1', 'D10', 'D11', 'D12', 'D14', 'D15', 'D16', 'D17', 'D19', 'D2', 'D21', 'D23', 'D25', 'D26', 'D28', 'D29', 'D3', 'D30', 'D32', 'D34', 'D37', 'D38', 'D39', 'D4', 'D41', 'D43', 'D44', 'D45', 'D46', 'D5', 'D50', 'D52', 'D55', 'D58', 'D6', 'D60', 'D61', 'D62', 'D63', 'D64', 'D65', 'D66', 'D67', 'D68', 'D69', 'D70', 'D71', 'D72', 'D73', 'D76', 'D77', 'D78', 'D79', 'D8', 'D81', 'D82', 'D83', 'D84']","['D1', 'D10', 'D11', 'D12', 'D14', 'D15', 'D16', 'D17', 'D19', 'D2', 'D21', 'D23', 'D25', 'D26', 'D28', 'D29', 'D3', 'D30', 'D32', 'D34', 'D37', 'D38', 'D39', 'D4', 'D41', 'D43', 'D44', 'D45', 'D46', 'D5', 'D50', 'D52', 'D55', 'D58', 'D6', 'D60', 'D61', 'D62', 'D63', 'D64', 'D65', 'D66', 'D67', 'D68', 'D69', 'D70', 'D71', 'D72', 'D73', 'D76', 'D77', 'D78', 'D79', 'D8', 'D81', 'D82', 'D83', 'D84']"
4,B70,[],[],"['D1', 'D10', 'D11', 'D12', 'D14', 'D15', 'D16', 'D17', 'D19', 'D2', 'D21', 'D23', 'D25', 'D26', 'D28', 'D29', 'D3', 'D30', 'D32', 'D34', 'D37', 'D38', 'D39', 'D4', 'D41', 'D43', 'D44', 'D45', 'D46', 'D5', 'D50', 'D52', 'D55', 'D58', 'D6', 'D60', 'D61', 'D62', 'D63', 'D64', 'D65', 'D66', 'D67', 'D68', 'D69', 'D70', 'D71', 'D72', 'D73', 'D76', 'D77', 'D78', 'D79', 'D8', 'D81', 'D82', 'D83', 'D84', 'D86']","['D1', 'D10', 'D11', 'D12', 'D14', 'D15', 'D16', 'D17', 'D19', 'D2', 'D21', 'D23', 'D25', 'D26', 'D28', 'D29', 'D3', 'D30', 'D32', 'D34', 'D37', 'D38', 'D39', 'D4', 'D41', 'D43', 'D44', 'D45', 'D46', 'D5', 'D50', 'D52', 'D55', 'D58', 'D6', 'D60', 'D61', 'D62', 'D63', 'D64', 'D65', 'D66', 'D67', 'D68', 'D69', 'D70', 'D71', 'D72', 'D73', 'D76', 'D77', 'D78', 'D79', 'D8', 'D81', 'D82', 'D83', 'D84', 'D86']"
4,B71,['D86'],['D83'],"['D1', 'D10', 'D11', 'D12', 'D14', 'D15', 'D16', 'D17', 'D19', 'D2', 'D21', 'D23', 'D25', 'D26', 'D28', 'D29', 'D3', 'D30', 'D32', 'D34', 'D37', 'D38', 'D39', 'D4', 'D41', 'D43', 'D44', 'D45', 'D46', 'D5', 'D50', 'D52', 'D55', 'D58', 'D6', 'D60', 'D61', 'D62', 'D63', 'D64', 'D65', 'D66', 'D67', 'D68', 'D69', 'D70', 'D71', 'D72', 'D73', 'D76', 'D77', 'D78', 'D79', 'D8', 'D81', 'D82', 'D83', 'D84', 'D86']","['D1', 'D10', 'D11', 'D12', 'D14', 'D15', 'D16', 'D17', 'D19', 'D2', 'D21', 'D23', 'D25', 'D26', 'D28', 'D29', 'D3', 'D30', 'D32', 'D34', 'D37', 'D38', 'D39', 'D4', 'D41', 'D43', 'D44', 'D45', 'D46', 'D5', 'D50', 'D52', 'D55', 'D58', 'D6', 'D60', 'D61', 'D62', 'D63', 'D64', 'D65', 'D66', 'D67', 'D68', 'D69', 'D70', 'D71', 'D72', 'D73', 'D76', 'D77', 'D78', 'D79', 'D8', 'D81', 'D82', 'D84', 'D86']"
4,B72,[],[],"['D1', 'D10', 'D11', 'D12', 'D14', 'D15', 'D16', 'D17', 'D19', 'D2', 'D21', 'D23', 'D25', 'D26', 'D28', 'D29', 'D3', 'D30', 'D32', 'D34', 'D37', 'D38', 'D39', 'D4', 'D41', 'D43', 'D44', 'D45', 'D46', 'D5', 'D50', 'D52', 'D55', 'D58', 'D6', 'D60', 'D61', 'D62', 'D63', 'D64', 'D65', 'D66', 'D67', 'D68', 'D69', 'D70', 'D71', 'D72', 'D73', 'D76', 'D77', 'D78', 'D79', 'D8', 'D81', 'D82', 'D83', 'D84', 'D86']","['D1', 'D10', 'D11', 'D12', 'D14', 'D15', 'D16', 'D17', 'D19', 'D2', 'D21', 'D23', 'D25', 'D26', 'D28', 'D29', 'D3', 'D30', 'D32', 'D34', 'D37', 'D38', 'D39', 'D4', 'D41', 'D43', 'D44', 'D45', 'D46', 'D5', 'D50', 'D52', 'D55', 'D58', 'D6', 'D60', 'D61', 'D62', 'D63', 'D64', 'D65', 'D66', 'D67', 'D68', 'D69', 'D70', 'D71', 'D72', 'D73', 'D76', 'D77', 'D78', 'D79', 'D8', 'D81', 'D82', 'D83', 'D84', 'D86']"
4,B73,"['D87', 'D88', 'D89']","['D1', 'D91', 'D92', 'D93', 'D94', 'D95']","['D1', 'D10', 'D11', 'D12', 'D14', 'D15', 'D16', 'D17', 'D19', 'D2', 'D21', 'D23', 'D25', 'D26', 'D28', 'D29', 'D3', 'D30', 'D32', 'D34', 'D37', 'D38', 'D39', 'D4', 'D41', 'D43', 'D44', 'D45', 'D46', 'D5', 'D50', 'D52', 'D55', 'D58', 'D6', 'D60', 'D61', 'D62', 'D63', 'D64', 'D65', 'D66', 'D67', 'D68', 'D69', 'D70', 'D71', 'D72', 'D73', 'D76', 'D77', 'D78', 'D79', 'D8', 'D81', 'D82', 'D83', 'D84']","['D10', 'D11', 'D12', 'D14', 'D15', 'D16', 'D17', 'D19', 'D2', 'D21', 'D23', 'D25', 'D26', 'D28', 'D29', 'D3', 'D30', 'D32', 'D34', 'D37', 'D38', 'D39', 'D4', 'D41', 'D43', 'D44', 'D45', 'D46', 'D5', 'D50', 'D52', 'D55', 'D58', 'D6', 'D60', 'D61', 'D62', 'D63', 'D64', 'D65', 'D66', 'D67', 'D68', 'D69', 'D70', 'D71', 'D72', 'D73', 'D76', 'D77', 'D78', 'D79', 'D8', 'D81', 'D82', 'D83', 'D84', 'D87', 'D88', 'D89']"
4,B74,[],[],"['D10', 'D11', 'D12', 'D14', 'D15', 'D16', 'D17', 'D19', 'D2', 'D21', 'D23', 'D25', 'D26', 'D28', 'D29', 'D3', 'D30', 'D32', 'D34', 'D37', 'D38', 'D39', 'D4', 'D41', 'D43', 'D44', 'D45', 'D46', 'D5', 'D50', 'D52', 'D55', 'D58', 'D6', 'D60', 'D61', 'D62', 'D63', 'D64', 'D65', 'D66', 'D67', 'D68', 'D69', 'D70', 'D71', 'D72', 'D73', 'D76', 'D77', 'D78', 'D79', 'D8', 'D81', 'D82', 'D83', 'D84', 'D87', 'D88', 'D89', 'D90', 'D91', 'D92', 'D93']","['D10', 'D11', 'D12', 'D14', 'D15', 'D16', 'D17', 'D19', 'D2', 'D21', 'D23', 'D25', 'D26', 'D28', 'D29', 'D3', 'D30', 'D32', 'D34', 'D37', 'D38', 'D39', 'D4', 'D41', 'D43', 'D44', 'D45', 'D46', 'D5', 'D50', 'D52', 'D55', 'D58', 'D6', 'D60', 'D61', 'D62', 'D63', 'D64', 'D65', 'D66', 'D67', 'D68', 'D69', 'D70', 'D71', 'D72', 'D73', 'D76', 'D77', 'D78', 'D79', 'D8', 'D81', 'D82', 'D83', 'D84', 'D87', 'D88', 'D89', 'D90', 'D91', 'D92', 'D93']"
4,B75,"['D90', 'D91', 'D92', 'D93']","['D1', 'D26', 'D87', 'D88', 'D89', 'D94', 'D95']","['D10', 'D11', 'D12', 'D14', 'D15', 'D16', 'D17', 'D19', 'D2', 'D21', 'D23', 'D25', 'D26', 'D28', 'D29', 'D3', 'D30', 'D32', 'D34', 'D37', 'D38', 'D39', 'D4', 'D41', 'D43', 'D44', 'D45', 'D46', 'D5', 'D50', 'D52', 'D55', 'D58', 'D6', 'D60', 'D61', 'D62', 'D63', 'D64', 'D65', 'D66', 'D67', 'D68', 'D69', 'D70', 'D71', 'D72', 'D73', 'D76', 'D77', 'D78', 'D79', 'D8', 'D81', 'D82', 'D83', 'D84', 'D87', 'D88', 'D89', 'D90', 'D91', 'D92', 'D93']","['D10', 'D11', 'D12', 'D14', 'D15', 'D16', 'D17', 'D19', 'D2', 'D21', 'D23', 'D25', 'D28', 'D29', 'D3', 'D30', 'D32', 'D34', 'D37', 'D38', 'D39', 'D4', 'D41', 'D43', 'D44', 'D45', 'D46', 'D5', 'D50', 'D52', 'D55', 'D58', 'D6', 'D60', 'D61', 'D62', 'D63', 'D64', 'D65', 'D66', 'D67', 'D68', 'D69', 'D70', 'D71', 'D72', 'D73', 'D76', 'D77', 'D78', 'D79', 'D8', 'D81', 'D82', 'D83', 'D84', 'D90', 'D91', 'D92', 'D93']"
4,B76,"['D95', 'D96']","['D88', 'D91', 'D94', 'D97', 'D98']","['D10', 'D11', 'D12', 'D14', 'D15', 'D16', 'D17', 'D19', 'D2', 'D21', 'D23', 'D25', 'D26', 'D28', 'D29', 'D3', 'D30', 'D32', 'D34', 'D37', 'D38', 'D39', 'D4', 'D41', 'D43', 'D44', 'D45', 'D46', 'D5', 'D50', 'D52', 'D55', 'D58', 'D6', 'D60', 'D61', 'D62', 'D63', 'D64', 'D65', 'D66', 'D67', 'D68', 'D69', 'D70', 'D71', 'D72', 'D73', 'D76', 'D77', 'D78', 'D79', 'D8', 'D81', 'D82', 'D83', 'D84', 'D87', 'D88', 'D89', 'D90', 'D91', 'D92', 'D93']","['D10', 'D11', 'D12', 'D14', 'D15', 'D16', 'D17', 'D19', 'D2', 'D21', 'D23', 'D25', 'D26', 'D28', 'D29', 'D3', 'D30', 'D32', 'D34', 'D37', 'D38', 'D39', 'D4', 'D41', 'D43', 'D44', 'D45', 'D46', 'D5', 'D50', 'D52', 'D55', 'D58', 'D6', 'D60', 'D61', 'D62', 'D63', 'D64', 'D65', 'D66', 'D67', 'D68', 'D69', 'D70', 'D71', 'D72', 'D73', 'D76', 'D77', 'D78', 'D79', 'D8', 'D81', 'D82', 'D83', 'D84', 'D87', 'D89', 'D90', 'D92', 'D93', 'D95', 'D96']"
4,B77,[],[],"['D10', 'D11', 'D12', 'D14', 'D15', 'D16', 'D17', 'D19', 'D2', 'D21', 'D23', 'D25', 'D26', 'D28', 'D29', 'D3', 'D30', 'D32', 'D34', 'D37', 'D38', 'D39', 'D4', 'D41', 'D43', 'D44', 'D45', 'D46', 'D5', 'D50', 'D52', 'D55', 'D58', 'D6', 'D60', 'D61', 'D62', 'D63', 'D64', 'D65', 'D66', 'D67', 'D68', 'D69', 'D70', 'D71', 'D72', 'D73', 'D76', 'D77', 'D78', 'D79', 'D8', 'D81', 'D82', 'D83', 'D84', 'D87', 'D89', 'D90', 'D92', 'D93', 'D95', 'D96']","['D10', 'D11', 'D12', 'D14', 'D15', 'D16', 'D17', 'D19', 'D2', 'D21', 'D23', 'D25', 'D26', 'D28', 'D29', 'D3', 'D30', 'D32', 'D34', 'D37', 'D38', 'D39', 'D4', 'D41', 'D43', 'D44', 'D45', 'D46', 'D5', 'D50', 'D52', 'D55', 'D58', 'D6', 'D60', 'D61', 'D62', 'D63', 'D64', 'D65', 'D66', 'D67', 'D68', 'D69', 'D70', 'D71', 'D72', 'D73', 'D76', 'D77', 'D78', 'D79', 'D8', 'D81', 'D82', 'D83', 'D84', 'D87', 'D89', 'D90', 'D92', 'D93', 'D95', 'D96']"
4,B78,[],[],"['D10', 'D11', 'D12', 'D14', 'D15', 'D16', 'D17', 'D19', 'D2', 'D21', 'D23', 'D25', 'D26', 'D28', 'D29', 'D3', 'D30', 'D32', 'D34', 'D37', 'D38', 'D39', 'D4', 'D41', 'D43', 'D44', 'D45', 'D46', 'D5', 'D50', 'D52', 'D55', 'D58', 'D6', 'D60', 'D61', 'D62', 'D63', 'D64', 'D65', 'D66', 'D67', 'D68', 'D69', 'D70', 'D71', 'D72', 'D73', 'D76', 'D77', 'D78', 'D79', 'D8', 'D81', 'D82', 'D83', 'D84', 'D87', 'D89', 'D90', 'D92', 'D93', 'D95', 'D96', 'D97']","['D10', 'D11', 'D12', 'D14', 'D15', 'D16', 'D17', 'D19', 'D2', 'D21', 'D23', 'D25', 'D26', 'D28', 'D29', 'D3', 'D30', 'D32', 'D34', 'D37', 'D38', 'D39', 'D4', 'D41', 'D43', 'D44', 'D45', 'D46', 'D5', 'D50', 'D52', 'D55', 'D58', 'D6', 'D60', 'D61', 'D62', 'D63', 'D64', 'D65', 'D66', 'D67', 'D68', 'D69', 'D70', 'D71', 'D72', 'D73', 'D76', 'D77', 'D78', 'D79', 'D8', 'D81', 'D82', 'D83', 'D84', 'D87', 'D89', 'D90', 'D92', 'D93', 'D95', 'D96', 'D97']"
4,B79,[],[],"['D10', 'D11', 'D12', 'D14', 'D15', 'D16', 'D17', 'D19', 'D2', 'D21', 'D23', 'D25', 'D26', 'D28', 'D29', 'D3', 'D30', 'D32', 'D34', 'D37', 'D38', 'D39', 'D4', 'D41', 'D43', 'D44', 'D45', 'D46', 'D5', 'D50', 'D52', 'D55', 'D58', 'D6', 'D60', 'D61', 'D62', 'D63', 'D64', 'D65', 'D66', 'D67', 'D68', 'D69', 'D70', 'D71', 'D72', 'D73', 'D76', 'D77', 'D78', 'D79', 'D8', 'D81', 'D82', 'D83', 'D84', 'D87', 'D89', 'D90', 'D92', 'D93', 'D95', 'D96', 'D97']","['D10', 'D11', 'D12', 'D14', 'D15', 'D16', 'D17', 'D19', 'D2', 'D21', 'D23', 'D25', 'D26', 'D28', 'D29', 'D3', 'D30', 'D32', 'D34', 'D37', 'D38', 'D39', 'D4', 'D41', 'D43', 'D44', 'D45', 'D46', 'D5', 'D50', 'D52', 'D55', 'D58', 'D6', 'D60', 'D61', 'D62', 'D63', 'D64', 'D65', 'D66', 'D67', 'D68', 'D69', 'D70', 'D71', 'D72', 'D73', 'D76', 'D77', 'D78', 'D79', 'D8', 'D81', 'D82', 'D83', 'D84', 'D87', 'D89', 'D90', 'D92', 'D93', 'D95', 'D96', 'D97']"
4,B80,['D97'],"['D96', 'D98']","['D10', 'D11', 'D12', 'D14', 'D15', 'D16', 'D17', 'D19', 'D2', 'D21', 'D23', 'D25', 'D26', 'D28', 'D29', 'D3', 'D30', 'D32', 'D34', 'D37', 'D38', 'D39', 'D4', 'D41', 'D43', 'D44', 'D45', 'D46', 'D5', 'D50', 'D52', 'D55', 'D58', 'D6', 'D60', 'D61', 'D62', 'D63', 'D64', 'D65', 'D66', 'D67', 'D68', 'D69', 'D70', 'D71', 'D72', 'D73', 'D76', 'D77', 'D78', 'D79', 'D8', 'D81', 'D82', 'D83', 'D84', 'D87', 'D89', 'D90', 'D92', 'D93', 'D95', 'D96', 'D97']","['D10', 'D11', 'D12', 'D14', 'D15', 'D16', 'D17', 'D19', 'D2', 'D21', 'D23', 'D25', 'D26', 'D28', 'D29', 'D3', 'D30', 'D32', 'D34', 'D37', 'D38', 'D39', 'D4', 'D41', 'D43', 'D44', 'D45', 'D46', 'D5', 'D50', 'D52', 'D55', 'D58', 'D6', 'D60', 'D61', 'D62', 'D63', 'D64', 'D65', 'D66', 'D67', 'D68', 'D69', 'D70', 'D71', 'D72', 'D73', 'D76', 'D77', 'D78', 'D79', 'D8', 'D81', 'D82', 'D83', 'D84', 'D87', 'D89', 'D90', 'D92', 'D93', 'D95', 'D97']"
4,B81,[],[],"['D10', 'D11', 'D12', 'D14', 'D15', 'D16', 'D17', 'D19', 'D2', 'D21', 'D23', 'D25', 'D26', 'D28', 'D29', 'D3', 'D30', 'D32', 'D34', 'D37', 'D38', 'D39', 'D4', 'D41', 'D43', 'D44', 'D45', 'D46', 'D5', 'D50', 'D52', 'D55', 'D58', 'D6', 'D60', 'D61', 'D62', 'D63', 'D64', 'D65', 'D66', 'D67', 'D68', 'D69', 'D70', 'D71', 'D72', 'D73', 'D76', 'D77', 'D78', 'D79', 'D8', 'D81', 'D82', 'D83', 'D84', 'D87', 'D89', 'D90', 'D92', 'D93', 'D95', 'D97', 'D98']","['D10', 'D11', 'D12', 'D14', 'D15', 'D16', 'D17', 'D19', 'D2', 'D21', 'D23', 'D25', 'D26', 'D28', 'D29', 'D3', 'D30', 'D32', 'D34', 'D37', 'D38', 'D39', 'D4', 'D41', 'D43', 'D44', 'D45', 'D46', 'D5', 'D50', 'D52', 'D55', 'D58', 'D6', 'D60', 'D61', 'D62', 'D63', 'D64', 'D65', 'D66', 'D67', 'D68', 'D69', 'D70', 'D71', 'D72', 'D73', 'D76', 'D77', 'D78', 'D79', 'D8', 'D81', 'D82', 'D83', 'D84', 'D87', 'D89', 'D90', 'D92', 'D93', 'D95', 'D97', 'D98']"
4,B82,['D98'],"['D96', 'D97']","['D10', 'D11', 'D12', 'D14', 'D15', 'D16', 'D17', 'D19', 'D2', 'D21', 'D23', 'D25', 'D26', 'D28', 'D29', 'D3', 'D30', 'D32', 'D34', 'D37', 'D38', 'D39', 'D4', 'D41', 'D43', 'D44', 'D45', 'D46', 'D5', 'D50', 'D52', 'D55', 'D58', 'D6', 'D60', 'D61', 'D62', 'D63', 'D64', 'D65', 'D66', 'D67', 'D68', 'D69', 'D70', 'D71', 'D72', 'D73', 'D76', 'D77', 'D78', 'D79', 'D8', 'D81', 'D82', 'D83', 'D84', 'D87', 'D89', 'D90', 'D92', 'D93', 'D95', 'D96', 'D97']","['D10', 'D11', 'D12', 'D14', 'D15', 'D16', 'D17', 'D19', 'D2', 'D21', 'D23', 'D25', 'D26', 'D28', 'D29', 'D3', 'D30', 'D32', 'D34', 'D37', 'D38', 'D39', 'D4', 'D41', 'D43', 'D44', 'D45', 'D46', 'D5', 'D50', 'D52', 'D55', 'D58', 'D6', 'D60', 'D61', 'D62', 'D63', 'D64', 'D65', 'D66', 'D67', 'D68', 'D69', 'D70', 'D71', 'D72', 'D73', 'D76', 'D77', 'D78', 'D79', 'D8', 'D81', 'D82', 'D83', 'D84', 'D87', 'D89', 'D90', 'D92', 'D93', 'D95', 'D98']"
4,B83,[],[],"['D10', 'D11', 'D12', 'D14', 'D15', 'D16', 'D17', 'D19', 'D2', 'D21', 'D23', 'D25', 'D26', 'D28', 'D29', 'D3', 'D30', 'D32', 'D34', 'D37', 'D38', 'D39', 'D4', 'D41', 'D43', 'D44', 'D45', 'D46', 'D5', 'D50', 'D52', 'D55', 'D58', 'D6', 'D60', 'D61', 'D62', 'D63', 'D64', 'D65', 'D66', 'D67', 'D68', 'D69', 'D70', 'D71', 'D72', 'D73', 'D76', 'D77', 'D78', 'D79', 'D8', 'D81', 'D82', 'D83', 'D84', 'D87', 'D89', 'D90', 'D92', 'D93', 'D95', 'D96', 'D97']","['D10', 'D11', 'D12', 'D14', 'D15', 'D16', 'D17', 'D19', 'D2', 'D21', 'D23', 'D25', 'D26', 'D28', 'D29', 'D3', 'D30', 'D32', 'D34', 'D37', 'D38', 'D39', 'D4', 'D41', 'D43', 'D44', 'D45', 'D46', 'D5', 'D50', 'D52', 'D55', 'D58', 'D6', 'D60', 'D61', 'D62', 'D63', 'D64', 'D65', 'D66', 'D67', 'D68', 'D69', 'D70', 'D71', 'D72', 'D73', 'D76', 'D77', 'D78', 'D79', 'D8', 'D81', 'D82', 'D83', 'D84', 'D87', 'D89', 'D90', 'D92', 'D93', 'D95', 'D96', 'D97']"
4,B84,['D99'],['D101'],"['D10', 'D11', 'D12', 'D14', 'D15', 'D16', 'D17', 'D19', 'D2', 'D21', 'D23', 'D25', 'D26', 'D28', 'D29', 'D3', 'D30', 'D32', 'D34', 'D37', 'D38', 'D39', 'D4', 'D41', 'D43', 'D44', 'D45', 'D46', 'D5', 'D50', 'D52', 'D55', 'D58', 'D6', 'D60', 'D61', 'D62', 'D63', 'D64', 'D65', 'D66', 'D67', 'D68', 'D69', 'D70', 'D71', 'D72', 'D73', 'D76', 'D77', 'D78', 'D79', 'D8', 'D81', 'D82', 'D83', 'D84', 'D87', 'D89', 'D90', 'D92', 'D93', 'D95', 'D96']","['D10', 'D11', 'D12', 'D14', 'D15', 'D16', 'D17', 'D19', 'D2', 'D21', 'D23', 'D25', 'D26', 'D28', 'D29', 'D3', 'D30', 'D32', 'D34', 'D37', 'D38', 'D39', 'D4', 'D41', 'D43', 'D44', 'D45', 'D46', 'D5', 'D50', 'D52', 'D55', 'D58', 'D6', 'D60', 'D61', 'D62', 'D63', 'D64', 'D65', 'D66', 'D67', 'D68', 'D69', 'D70', 'D71', 'D72', 'D73', 'D76', 'D77', 'D78', 'D79', 'D8', 'D81', 'D82', 'D83', 'D84', 'D87', 'D89', 'D90', 'D92', 'D93', 'D95', 'D96', 'D99']"
4,B85,[],[],"['D10', 'D100', 'D101', 'D11', 'D12', 'D14', 'D15', 'D16', 'D17', 'D19', 'D2', 'D21', 'D23', 'D25', 'D26', 'D28', 'D29', 'D3', 'D30', 'D32', 'D34', 'D37', 'D38', 'D39', 'D4', 'D41', 'D43', 'D44', 'D45', 'D46', 'D5', 'D50', 'D52', 'D55', 'D58', 'D6', 'D60', 'D61', 'D62', 'D63', 'D64', 'D65', 'D66', 'D67', 'D68', 'D69', 'D70', 'D71', 'D72', 'D73', 'D76', 'D77', 'D78', 'D79', 'D8', 'D81', 'D82', 'D83', 'D84', 'D87', 'D89', 'D90', 'D92', 'D93', 'D95', 'D96', 'D99']","['D10', 'D100', 'D101', 'D11', 'D12', 'D14', 'D15', 'D16', 'D17', 'D19', 'D2', 'D21', 'D23', 'D25', 'D26', 'D28', 'D29', 'D3', 'D30', 'D32', 'D34', 'D37', 'D38', 'D39', 'D4', 'D41', 'D43', 'D44', 'D45', 'D46', 'D5', 'D50', 'D52', 'D55', 'D58', 'D6', 'D60', 'D61', 'D62', 'D63', 'D64', 'D65', 'D66', 'D67', 'D68', 'D69', 'D70', 'D71', 'D72', 'D73', 'D76', 'D77', 'D78', 'D79', 'D8', 'D81', 'D82', 'D83', 'D84', 'D87', 'D89', 'D90', 'D92', 'D93', 'D95', 'D96', 'D99']"
4,B86,"['D100', 'D101']","['D104', 'D67', 'D68', 'D99']","['D10', 'D100', 'D101', 'D11', 'D12', 'D14', 'D15', 'D16', 'D17', 'D19', 'D2', 'D21', 'D23', 'D25', 'D26', 'D28', 'D29', 'D3', 'D30', 'D32', 'D34', 'D37', 'D38', 'D39', 'D4', 'D41', 'D43', 'D44', 'D45', 'D46', 'D5', 'D50', 'D52', 'D55', 'D58', 'D6', 'D60', 'D61', 'D62', 'D63', 'D64', 'D65', 'D66', 'D67', 'D68', 'D69', 'D70', 'D71', 'D72', 'D73', 'D76', 'D77', 'D78', 'D79', 'D8', 'D81', 'D82', 'D83', 'D84', 'D87', 'D89', 'D90', 'D92', 'D93', 'D95', 'D96', 'D99']","['D10', 'D100', 'D101', 'D11', 'D12', 'D14', 'D15', 'D16', 'D17', 'D19', 'D2', 'D21', 'D23', 'D25', 'D26', 'D28', 'D29', 'D3', 'D30', 'D32', 'D34', 'D37', 'D38', 'D39', 'D4', 'D41', 'D43', 'D44', 'D45', 'D46', 'D5', 'D50', 'D52', 'D55', 'D58', 'D6', 'D60', 'D61', 'D62', 'D63', 'D64', 'D65', 'D66', 'D69', 'D70', 'D71', 'D72', 'D73', 'D76', 'D77', 'D78', 'D79', 'D8', 'D81', 'D82', 'D83', 'D84', 'D87', 'D89', 'D90', 'D92', 'D93', 'D95', 'D96']"
4,B87,"['D102', 'D103']","['D105', 'D15']","['D10', 'D100', 'D101', 'D11', 'D12', 'D14', 'D15', 'D16', 'D17', 'D19', 'D2', 'D21', 'D23', 'D25', 'D26', 'D28', 'D29', 'D3', 'D30', 'D32', 'D34', 'D37', 'D38', 'D39', 'D4', 'D41', 'D43', 'D44', 'D45', 'D46', 'D5', 'D50', 'D52', 'D55', 'D58', 'D6', 'D60', 'D61', 'D62', 'D63', 'D64', 'D65', 'D66', 'D67', 'D68', 'D69', 'D70', 'D71', 'D72', 'D73', 'D76', 'D77', 'D78', 'D79', 'D8', 'D81', 'D82', 'D83', 'D84', 'D87', 'D89', 'D90', 'D92', 'D93', 'D95', 'D96', 'D99']","['D10', 'D100', 'D101', 'D102', 'D103', 'D11', 'D12', 'D14', 'D16', 'D17', 'D19', 'D2', 'D21', 'D23', 'D25', 'D26', 'D28', 'D29', 'D3', 'D30', 'D32', 'D34', 'D37', 'D38', 'D39', 'D4', 'D41', 'D43', 'D44', 'D45', 'D46', 'D5', 'D50', 'D52', 'D55', 'D58', 'D6', 'D60', 'D61', 'D62', 'D63', 'D64', 'D65', 'D66', 'D67', 'D68', 'D69', 'D70', 'D71', 'D72', 'D73', 'D76', 'D77', 'D78', 'D79', 'D8', 'D81', 'D82', 'D83', 'D84', 'D87', 'D89', 'D90', 'D92', 'D93', 'D95', 'D96', 'D99']"
4,B88,[],[],"['D10', 'D100', 'D101', 'D102', 'D103', 'D104', 'D105', 'D11', 'D12', 'D14', 'D16', 'D17', 'D19', 'D2', 'D21', 'D23', 'D25', 'D26', 'D28', 'D29', 'D3', 'D30', 'D32', 'D34', 'D37', 'D38', 'D39', 'D4', 'D41', 'D43', 'D44', 'D45', 'D46', 'D5', 'D50', 'D52', 'D55', 'D58', 'D6', 'D60', 'D61', 'D62', 'D63', 'D64', 'D65', 'D66', 'D67', 'D68', 'D69', 'D70', 'D71', 'D72', 'D73', 'D76', 'D77', 'D78', 'D79', 'D8', 'D81', 'D82', 'D83', 'D84', 'D87', 'D89', 'D90', 'D92', 'D93', 'D95', 'D96', 'D99']","['D10', 'D100', 'D101', 'D102', 'D103', 'D104', 'D105', 'D11', 'D12', 'D14', 'D16', 'D17', 'D19', 'D2', 'D21', 'D23', 'D25', 'D26', 'D28', 'D29', 'D3', 'D30', 'D32', 'D34', 'D37', 'D38', 'D39', 'D4', 'D41', 'D43', 'D44', 'D45', 'D46', 'D5', 'D50', 'D52', 'D55', 'D58', 'D6', 'D60', 'D61', 'D62', 'D63', 'D64', 'D65', 'D66', 'D67', 'D68', 'D69', 'D70', 'D71', 'D72', 'D73', 'D76', 'D77', 'D78', 'D79', 'D8', 'D81', 'D82', 'D83', 'D84', 'D87', 'D89', 'D90', 'D92', 'D93', 'D95', 'D96', 'D99']"
4,B89,"['D104', 'D105']","['D100', 'D102', 'D67', 'D68']","['D10', 'D100', 'D101', 'D102', 'D103', 'D104', 'D105', 'D11', 'D12', 'D14', 'D16', 'D17', 'D19', 'D2', 'D21', 'D23', 'D25', 'D26', 'D28', 'D29', 'D3', 'D30', 'D32', 'D34', 'D37', 'D38', 'D39', 'D4', 'D41', 'D43', 'D44', 'D45', 'D46', 'D5', 'D50', 'D52', 'D55', 'D58', 'D6', 'D60', 'D61', 'D62', 'D63', 'D64', 'D65', 'D66', 'D67', 'D68', 'D69', 'D70', 'D71', 'D72', 'D73', 'D76', 'D77', 'D78', 'D79', 'D8', 'D81', 'D82', 'D83', 'D84', 'D87', 'D89', 'D90', 'D92', 'D93', 'D95', 'D96', 'D99']","['D10', 'D101', 'D103', 'D104', 'D105', 'D11', 'D12', 'D14', 'D16', 'D17', 'D19', 'D2', 'D21', 'D23', 'D25', 'D26', 'D28', 'D29', 'D3', 'D30', 'D32', 'D34', 'D37', 'D38', 'D39', 'D4', 'D41', 'D43', 'D44', 'D45', 'D46', 'D5', 'D50', 'D52', 'D55', 'D58', 'D6', 'D60', 'D61', 'D62', 'D63', 'D64', 'D65', 'D66', 'D69', 'D70', 'D71', 'D72', 'D73', 'D76', 'D77', 'D78', 'D79', 'D8', 'D81', 'D82', 'D83', 'D84', 'D87', 'D89', 'D90', 'D92', 'D93', 'D95', 'D96', 'D99']"
4,B90,[],[],"['D10', 'D100', 'D101', 'D102', 'D103', 'D104', 'D105', 'D11', 'D12', 'D14', 'D16', 'D17', 'D19', 'D2', 'D21', 'D23', 'D25', 'D26', 'D28', 'D29', 'D3', 'D30', 'D32', 'D34', 'D37', 'D38', 'D39', 'D4', 'D41', 'D43', 'D44', 'D45', 'D46', 'D5', 'D50', 'D52', 'D55', 'D58', 'D6', 'D60', 'D61', 'D62', 'D63', 'D64', 'D65', 'D66', 'D67', 'D68', 'D69', 'D70', 'D71', 'D72', 'D73', 'D76', 'D77', 'D78', 'D79', 'D8', 'D81', 'D82', 'D83', 'D84', 'D87', 'D89', 'D90', 'D92', 'D93', 'D95', 'D96', 'D99']","['D10', 'D100', 'D101', 'D102', 'D103', 'D104', 'D105', 'D11', 'D12', 'D14', 'D16', 'D17', 'D19', 'D2', 'D21', 'D23', 'D25', 'D26', 'D28', 'D29', 'D3', 'D30', 'D32', 'D34', 'D37', 'D38', 'D39', 'D4', 'D41', 'D43', 'D44', 'D45', 'D46', 'D5', 'D50', 'D52', 'D55', 'D58', 'D6', 'D60', 'D61', 'D62', 'D63', 'D64', 'D65', 'D66', 'D67', 'D68', 'D69', 'D70', 'D71', 'D72', 'D73', 'D76', 'D77', 'D78', 'D79', 'D8', 'D81', 'D82', 'D83', 'D84', 'D87', 'D89', 'D90', 'D92', 'D93', 'D95', 'D96', 'D99']"
5,B0,"['D1', 'D2', 'D3', 'D4', 'D5', 'D6', 'D7']","['D10', 'D89', 'D9', 'D92']",[],"['D1', 'D2', 'D3', 'D4', 'D5', 'D6', 'D7']"
5,B1,[],[],"['D1', 'D2', 'D3', 'D4', 'D5', 'D6', 'D7', 'D8', 'D9']","['D1', 'D2', 'D3', 'D4', 'D5', 'D6', 'D7', 'D8', 'D9']"
5,B2,"['D8', 'D9']","['D10', 'D39', 'D47', 'D53', 'D61', 'D7']","['D1', 'D2', 'D3', 'D4', 'D5', 'D6', 'D7', 'D8', 'D9']","['D1', 'D2', 'D3', 'D4', 'D5', 'D6', 'D8', 'D9']"
5,B3,['D10'],"['D7', 'D9']","['D1', 'D2', 'D3', 'D4', 'D5', 'D6', 'D7', 'D8', 'D9']","['D1', 'D10', 'D2', 'D3', 'D4', 'D5', 'D6', 'D8']"
5,B4,[],[],"['D1', 'D10', 'D11', 'D12', 'D13', 'D2', 'D3', 'D4', 'D5', 'D6', 'D8']","['D1', 'D10', 'D11', 'D12', 'D13', 'D2', 'D3', 'D4', 'D5', 'D6', 'D8']"
5,B5,"['D11', 'D12', 'D13']","['D14', 'D16', 'D17']","['D1', 'D10', 'D11', 'D12', 'D13', 'D2', 'D3', 'D4', 'D5', 'D6', 'D8']","['D1', 'D10', 'D11', 'D12', 'D13', 'D2', 'D3', 'D4', 'D5', 'D6', 'D8']"
5,B6,['D14'],['D13'],"['D1', 'D10', 'D11', 'D12', 'D13', 'D2', 'D3', 'D4', 'D5', 'D6', 'D8']","['D1', 'D10', 'D11', 'D12', 'D14', 'D2', 'D3', 'D4', 'D5', 'D6', 'D8']"
5,B7,[],[],"['D1', 'D10', 'D11', 'D12', 'D14', 'D15', 'D16', 'D17', 'D18', 'D2', 'D3', 'D4', 'D5', 'D6', 'D8']","['D1', 'D10', 'D11', 'D12', 'D14', 'D15', 'D16', 'D17', 'D18', 'D2', 'D3', 'D4', 'D5', 'D6', 'D8']"
5,B8,"['D15', 'D16', 'D17', 'D18']","['D103', 'D11', 'D12', 'D19']","['D1', 'D10', 'D11', 'D12', 'D14', 'D15', 'D16', 'D17', 'D18', 'D2', 'D3', 'D4', 'D5', 'D6', 'D8']","['D1', 'D10', 'D14', 'D15', 'D16', 'D17', 'D18', 'D2', 'D3', 'D4', 'D5', 'D6', 'D8']"
5,B9,"['D19', 'D20']","['D18', 'D22', 'D23']","['D1', 'D10', 'D11', 'D12', 'D14', 'D15', 'D16', 'D17', 'D18', 'D2', 'D3', 'D4', 'D5', 'D6', 'D8']","['D1', 'D10', 'D11', 'D12', 'D14', 'D15', 'D16', 'D17', 'D19', 'D2', 'D20', 'D3', 'D4', 'D5', 'D6', 'D8']"
5,B10,[],[],"['D1', 'D10', 'D11', 'D12', 'D14', 'D15', 'D16', 'D17', 'D19', 'D2', 'D20', 'D21', 'D22', 'D3', 'D4', 'D5', 'D6', 'D8']","['D1', 'D10', 'D11', 'D12', 'D14', 'D15', 'D16', 'D17', 'D19', 'D2', 'D20', 'D21', 'D22', 'D3', 'D4', 'D5', 'D6', 'D8']"
5,B11,"['D21', 'D22']","['D20', 'D23']","['D1', 'D10', 'D11', 'D12', 'D14', 'D15', 'D16', 'D17', 'D19', 'D2', 'D20', 'D21', 'D22', 'D3', 'D4', 'D5', 'D6', 'D8']","['D1', 'D10', 'D11', 'D12', 'D14', 'D15', 'D16', 'D17', 'D19', 'D2', 'D21', 'D22', 'D3', 'D4', 'D5', 'D6', 'D8']"
5,B12,"['D23', 'D24', 'D25']","['D20', 'D22', 'D27', 'D28']","['D1', 'D10', 'D11', 'D12', 'D14', 'D15', 'D16', 'D17', 'D19', 'D2', 'D20', 'D21', 'D22', 'D3', 'D4', 'D5', 'D6', 'D8']","['D1', 'D10', 'D11', 'D12', 'D14', 'D15', 'D16', 'D17', 'D19', 'D2', 'D21', 'D23', 'D24', 'D25', 'D3', 'D4', 'D5', 'D6', 'D8']"
5,B13,[],[],"['D1', 'D10', 'D11', 'D12', 'D14', 'D15', 'D16', 'D17', 'D19', 'D2', 'D21', 'D23', 'D24', 'D25', 'D26', 'D27', 'D3', 'D4', 'D5', 'D6', 'D8']","['D1', 'D10', 'D11', 'D12', 'D14', 'D15', 'D16', 'D17', 'D19', 'D2', 'D21', 'D23', 'D24', 'D25', 'D26', 'D27', 'D3', 'D4', 'D5', 'D6', 'D8']"
5,B14,"['D26', 'D27']","['D24', 'D28', 'D90']","['D1', 'D10', 'D11', 'D12', 'D14', 'D15', 'D16', 'D17', 'D19', 'D2', 'D21', 'D23', 'D24', 'D25', 'D26', 'D27', 'D3', 'D4', 'D5', 'D6', 'D8']","['D1', 'D10', 'D11', 'D12', 'D14', 'D15', 'D16', 'D17', 'D19', 'D2', 'D21', 'D23', 'D25', 'D26', 'D27', 'D3', 'D4', 'D5', 'D6', 'D8']"
5,B15,"['D28', 'D29']","['D24', 'D27', 'D34', 'D35']","['D1', 'D10', 'D11', 'D12', 'D14', 'D15', 'D16', 'D17', 'D19', 'D2', 'D21', 'D23', 'D24', 'D25', 'D26', 'D27', 'D3', 'D4', 'D5', 'D6', 'D8']","['D1', 'D10', 'D11', 'D12', 'D14', 'D15', 'D16', 'D17', 'D19', 'D2', 'D21', 'D23', 'D25', 'D26', 'D28', 'D29', 'D3', 'D4', 'D5', 'D6', 'D8']"
5,B16,[],[],"['D1', 'D10', 'D11', 'D12', 'D14', 'D15', 'D16', 'D17', 'D19', 'D2', 'D21', 'D23', 'D25', 'D26', 'D28', 'D29', 'D3', 'D30', 'D31', 'D32', 'D33', 'D34', 'D4', 'D5', 'D6', 'D8']","['D1', 'D10', 'D11', 'D12', 'D14', 'D15', 'D16', 'D17', 'D19', 'D2', 'D21', 'D23', 'D25', 'D26', 'D28', 'D29', 'D3', 'D30', 'D31', 'D32', 'D33', 'D34', 'D4', 'D5', 'D6', 'D8']"
5,B17,"['D30', 'D31', 'D32']","['D33', 'D38']","['D1', 'D10', 'D11', 'D12', 'D14', 'D15', 'D16', 'D17', 'D19', 'D2', 'D21', 'D23', 'D25', 'D26', 'D28', 'D29', 'D3', 'D30', 'D31', 'D32', 'D33', 'D34', 'D4', 'D5', 'D6', 'D8']","['D1', 'D10', 'D11', 'D12', 'D14', 'D15', 'D16', 'D17', 'D19', 'D2', 'D21', 'D23', 'D25', 'D26', 'D28', 'D29', 'D3', 'D30', 'D31', 'D32', 'D34', 'D4', 'D5', 'D6', 'D8']"
5,B18,[],[],"['D1', 'D10', 'D11', 'D12', 'D14', 'D15', 'D16', 'D17', 'D19', 'D2', 'D21', 'D23', 'D25', 'D26', 'D28', 'D29', 'D3', 'D30', 'D31', 'D32', 'D33', 'D34', 'D4', 'D5', 'D6', 'D8']","['D1', 'D10', 'D11', 'D12', 'D14', 'D15', 'D16', 'D17', 'D19', 'D2', 'D21', 'D23', 'D25', 'D26', 'D28', 'D29', 'D3', 'D30', 'D31', 'D32', 'D33', 'D34', 'D4', 'D5', 'D6', 'D8']"
5,B19,['D33'],['D32'],"['D1', 'D10', 'D11', 'D12', 'D14', 'D15', 'D16', 'D17', 'D19', 'D2', 'D21', 'D23', 'D25', 'D26', 'D28', 'D29', 'D3', 'D30', 'D31', 'D32', 'D33', 'D34', 'D4', 'D5', 'D6', 'D8']","['D1', 'D10', 'D11', 'D12', 'D14', 'D15', 'D16', 'D17', 'D19', 'D2', 'D21', 'D23', 'D25', 'D26', 'D28', 'D29', 'D3', 'D30', 'D31', 'D33', 'D34', 'D4', 'D5', 'D6', 'D8']"
5,B20,['D34'],"['D29', 'D35']","['D1', 'D10', 'D11', 'D12', 'D14', 'D15', 'D16', 'D17', 'D19', 'D2', 'D21', 'D23', 'D25', 'D26', 'D28', 'D29', 'D3', 'D30', 'D31', 'D32', 'D33', 'D34', 'D4', 'D5', 'D6', 'D8']","['D1', 'D10', 'D11', 'D12', 'D14', 'D15', 'D16', 'D17', 'D19', 'D2', 'D21', 'D23', 'D25', 'D26', 'D28', 'D3', 'D30', 'D31', 'D32', 'D33', 'D34', 'D4', 'D5', 'D6', 'D8']"
5,B21,[],[],"['D1', 'D10', 'D11', 'D12', 'D14', 'D15', 'D16', 'D17', 'D19', 'D2', 'D21', 'D23', 'D25', 'D26', 'D28', 'D29', 'D3', 'D30', 'D31', 'D32', 'D33', 'D34', 'D35', 'D4', 'D5', 'D6', 'D8']","['D1', 'D10', 'D11', 'D12', 'D14', 'D15', 'D16', 'D17', 'D19', 'D2', 'D21', 'D23', 'D25', 'D26', 'D28', 'D29', 'D3', 'D30', 'D31', 'D32', 'D33', 'D34', 'D35', 'D4', 'D5', 'D6', 'D8']"
5,B22,[],[],"['D1', 'D10', 'D11', 'D12', 'D14', 'D15', 'D16', 'D17', 'D19', 'D2', 'D21', 'D23', 'D25', 'D26', 'D28', 'D29', 'D3', 'D30', 'D31', 'D32', 'D33', 'D34', 'D35', 'D4', 'D5', 'D6', 'D8']","['D1', 'D10', 'D11', 'D12', 'D14', 'D15', 'D16', 'D17', 'D19', 'D2', 'D21', 'D23', 'D25', 'D26', 'D28', 'D29', 'D3', 'D30', 'D31', 'D32', 'D33', 'D34', 'D35', 'D4', 'D5', 'D6', 'D8']"
5,B23,['D35'],"['D29', 'D34']","['D1', 'D10', 'D11', 'D12', 'D14', 'D15', 'D16', 'D17', 'D19', 'D2', 'D21', 'D23', 'D25', 'D26', 'D28', 'D29', 'D3', 'D30', 'D31', 'D32', 'D33', 'D34', 'D35', 'D4', 'D5', 'D6', 'D8']","['D1', 'D10', 'D11', 'D12', 'D14', 'D15', 'D16', 'D17', 'D19', 'D2', 'D21', 'D23', 'D25', 'D26', 'D28', 'D3', 'D30', 'D31', 'D32', 'D33', 'D35', 'D4', 'D5', 'D6', 'D8']"
5,B24,[],[],"['D1', 'D10', 'D11', 'D12', 'D14', 'D15', 'D16', 'D17', 'D19', 'D2', 'D21', 'D23', 'D25', 'D26', 'D28', 'D29', 'D3', 'D30', 'D31', 'D32', 'D33', 'D34', 'D35', 'D4', 'D5', 'D6', 'D8']","['D1', 'D10', 'D11', 'D12', 'D14', 'D15', 'D16', 'D17', 'D19', 'D2', 'D21', 'D23', 'D25', 'D26', 'D28', 'D29', 'D3', 'D30', 'D31', 'D32', 'D33', 'D34', 'D35', 'D4', 'D5', 'D6', 'D8']"
5,B25,"['D36', 'D37', 'D38']","['D31', 'D40', 'D41']","['D1', 'D10', 'D11', 'D12', 'D14', 'D15', 'D16', 'D17', 'D19', 'D2', 'D21', 'D23', 'D25', 'D26', 'D28', 'D29', 'D3', 'D30', 'D31', 'D32', 'D33', 'D34', 'D35', 'D4', 'D5', 'D6', 'D8']","['D1', 'D10', 'D11', 'D12', 'D14', 'D15', 'D16', 'D17', 'D19', 'D2', 'D21', 'D23', 'D25', 'D26', 'D28', 'D29', 'D3', 'D30', 'D32', 'D33', 'D34', 'D35', 'D36', 'D37', 'D38', 'D4', 'D5', 'D6', 'D8']"
5,B26,[],[],"['D1', 'D10', 'D11', 'D12', 'D14', 'D15', 'D16', 'D17', 'D19', 'D2', 'D21', 'D23', 'D25', 'D26', 'D28', 'D29', 'D3', 'D30', 'D32', 'D33', 'D34', 'D35', 'D36', 'D37', 'D38', 'D39', 'D4', 'D40', 'D5', 'D6', 'D8']","['D1', 'D10', 'D11', 'D12', 'D14', 'D15', 'D16', 'D17', 'D19', 'D2', 'D21', 'D23', 'D25', 'D26', 'D28', 'D29', 'D3', 'D30', 'D32', 'D33', 'D34', 'D35', 'D36', 'D37', 'D38', 'D39', 'D4', 'D40', 'D5', 'D6', 'D8']"
5,B27,"['D39', 'D40']","['D36', 'D41', 'D47', 'D53', 'D61', 'D8']","['D1', 'D10', 'D11', 'D12', 'D14', 'D15', 'D16', 'D17', 'D19', 'D2', 'D21', 'D23', 'D25', 'D26', 'D28', 'D29', 'D3', 'D30', 'D32', 'D33', 'D34', 'D35', 'D36', 'D37', 'D38', 'D39', 'D4', 'D40', 'D5', 'D6', 'D8']","['D1', 'D10', 'D11', 'D12', 'D14', 'D15', 'D16', 'D17', 'D19', 'D2', 'D21', 'D23', 'D25', 'D26', 'D28', 'D29', 'D3', 'D30', 'D32', 'D33', 'D34', 'D35', 'D37', 'D38', 'D39', 'D4', 'D40', 'D5', 'D6']"
5,B28,"['D41', 'D42', 'D43', 'D44', 'D45', 'D46']","['D36', 'D40', 'D49', 'D50']","['D1', 'D10', 'D11', 'D12', 'D14', 'D15', 'D16', 'D17', 'D19', 'D2', 'D21', 'D23', 'D25', 'D26', 'D28', 'D29', 'D3', 'D30', 'D32', 'D33', 'D34', 'D35', 'D36', 'D37', 'D38', 'D39', 'D4', 'D40', 'D5', 'D6', 'D8']","['D1', 'D10', 'D11', 'D12', 'D14', 'D15', 'D16', 'D17', 'D19', 'D2', 'D21', 'D23', 'D25', 'D26', 'D28', 'D29', 'D3', 'D30', 'D32', 'D33', 'D34', 'D35', 'D37', 'D38', 'D39', 'D4', 'D41', 'D42', 'D43', 'D44', 'D45', 'D46', 'D5', 'D6', 'D8']"
5,B29,[],[],"['D1', 'D10', 'D11', 'D12', 'D14', 'D15', 'D16', 'D17', 'D19', 'D2', 'D21', 'D23', 'D25', 'D26', 'D28', 'D29', 'D3', 'D30', 'D32', 'D33', 'D34', 'D35', 'D37', 'D38', 'D39', 'D4', 'D41', 'D42', 'D43', 'D44', 'D45', 'D46', 'D47', 'D48', 'D49', 'D5', 'D6', 'D8']","['D1', 'D10', 'D11', 'D12', 'D14', 'D15', 'D16', 'D17', 'D19', 'D2', 'D21', 'D23', 'D25', 'D26', 'D28', 'D29', 'D3', 'D30', 'D32', 'D33', 'D34', 'D35', 'D37', 'D38', 'D39', 'D4', 'D41', 'D42', 'D43', 'D44', 'D45', 'D46', 'D47', 'D48', 'D49', 'D5', 'D6', 'D8']"
5,B30,[],[],"['D1', 'D10', 'D11', 'D12', 'D14', 'D15', 'D16', 'D17', 'D19', 'D2', 'D21', 'D23', 'D25', 'D26', 'D28', 'D29', 'D3', 'D30', 'D32', 'D33', 'D34', 'D35', 'D37', 'D38', 'D39', 'D4', 'D41', 'D42', 'D43', 'D44', 'D45', 'D46', 'D47', 'D48', 'D49', 'D5', 'D6', 'D8']","['D1', 'D10', 'D11', 'D12', 'D14', 'D15', 'D16', 'D17', 'D19', 'D2', 'D21', 'D23', 'D25', 'D26', 'D28', 'D29', 'D3', 'D30', 'D32', 'D33', 'D34', 'D35', 'D37', 'D38', 'D39', 'D4', 'D41', 'D42', 'D43', 'D44', 'D45', 'D46', 'D47', 'D48', 'D49', 'D5', 'D6', 'D8']"
5,B31,"['D47', 'D48', 'D49']","['D39', 'D42', 'D50', 'D53', 'D54', 'D61', 'D62', 'D8']","['D1', 'D10', 'D11', 'D12', 'D14', 'D15', 'D16', 'D17', 'D19', 'D2', 'D21', 'D23', 'D25', 'D26', 'D28', 'D29', 'D3', 'D30', 'D32', 'D33', 'D34', 'D35', 'D37', 'D38', 'D39', 'D4', 'D41', 'D42', 'D43', 'D44', 'D45', 'D46', 'D47', 'D48', 'D49', 'D5', 'D6', 'D8']","['D1', 'D10', 'D11', 'D12', 'D14', 'D15', 'D16', 'D17', 'D19', 'D2', 'D21', 'D23', 'D25', 'D26', 'D28', 'D29', 'D3', 'D30', 'D32', 'D33', 'D34', 'D35', 'D37', 'D38', 'D4', 'D41', 'D43', 'D44', 'D45', 'D46', 'D47', 'D48', 'D49', 'D5', 'D6']"
5,B32,[],[],"['D1', 'D10', 'D11', 'D12', 'D14', 'D15', 'D16', 'D17', 'D19', 'D2', 'D21', 'D23', 'D25', 'D26', 'D28', 'D29', 'D3', 'D30', 'D32', 'D33', 'D34', 'D35', 'D37', 'D38', 'D39', 'D4', 'D41', 'D42', 'D43', 'D44', 'D45', 'D46', 'D47', 'D48', 'D49', 'D5', 'D6', 'D8']","['D1', 'D10', 'D11', 'D12', 'D14', 'D15', 'D16', 'D17', 'D19', 'D2', 'D21', 'D23', 'D25', 'D26', 'D28', 'D29', 'D3', 'D30', 'D32', 'D33', 'D34', 'D35', 'D37', 'D38', 'D39', 'D4', 'D41', 'D42', 'D43', 'D44', 'D45', 'D46', 'D47', 'D48', 'D49', 'D5', 'D6', 'D8']"
5,B33,"['D50', 'D51', 'D52']","['D42', 'D49', 'D56', 'D57', 'D58']","['D1', 'D10', 'D11', 'D12', 'D14', 'D15', 'D16', 'D17', 'D19', 'D2', 'D21', 'D23', 'D25', 'D26', 'D28', 'D29', 'D3', 'D30', 'D32', 'D33', 'D34', 'D35', 'D37', 'D38', 'D39', 'D4', 'D41', 'D42', 'D43', 'D44', 'D45', 'D46', 'D47', 'D48', 'D49', 'D5', 'D6', 'D8']","['D1', 'D10', 'D11', 'D12', 'D14', 'D15', 'D16', 'D17', 'D19', 'D2', 'D21', 'D23', 'D25', 'D26', 'D28', 'D29', 'D3', 'D30', 'D32', 'D33', 'D34', 'D35', 'D37', 'D38', 'D39', 'D4', 'D41', 'D43', 'D44', 'D45', 'D46', 'D47', 'D48', 'D5', 'D50', 'D51', 'D52', 'D6', 'D8']"
5,B34,[],[],"['D1', 'D10', 'D11', 'D12', 'D14', 'D15', 'D16', 'D17', 'D19', 'D2', 'D21', 'D23', 'D25', 'D26', 'D28', 'D29', 'D3', 'D30', 'D32', 'D33', 'D34', 'D35', 'D37', 'D38', 'D39', 'D4', 'D41', 'D43', 'D44', 'D45', 'D46', 'D47', 'D48', 'D5', 'D50', 'D51', 'D52', 'D55', 'D56', 'D6', 'D61', 'D62', 'D8']","['D1', 'D10', 'D11', 'D12', 'D14', 'D15', 'D16', 'D17', 'D19', 'D2', 'D21', 'D23', 'D25', 'D26', 'D28', 'D29', 'D3', 'D30', 'D32', 'D33', 'D34', 'D35', 'D37', 'D38', 'D39', 'D4', 'D41', 'D43', 'D44', 'D45', 'D46', 'D47', 'D48', 'D5', 'D50', 'D51', 'D52', 'D55', 'D56', 'D6', 'D61', 'D62', 'D8']"
5,B35,"['D55', 'D61', 'D62']","['D39', 'D47', 'D48', 'D53', 'D54', 'D8']","['D1', 'D10', 'D11', 'D12', 'D14', 'D15', 'D16', 'D17', 'D19', 'D2', 'D21', 'D23', 'D25', 'D26', 'D28', 'D29', 'D3', 'D30', 'D32', 'D33', 'D34', 'D35', 'D37', 'D38', 'D39', 'D4', 'D41', 'D43', 'D44', 'D45', 'D46', 'D47', 'D48', 'D5', 'D50', 'D51', 'D52', 'D55', 'D56', 'D6', 'D61', 'D62', 'D8']","['D1', 'D10', 'D11', 'D12', 'D14', 'D15', 'D16', 'D17', 'D19', 'D2', 'D21', 'D23', 'D25', 'D26', 'D28', 'D29', 'D3', 'D30', 'D32', 'D33', 'D34', 'D35', 'D37', 'D38', 'D4', 'D41', 'D43', 'D44', 'D45', 'D46', 'D5', 'D50', 'D51', 'D52', 'D55', 'D56', 'D6', 'D61', 'D62']"
5,B36,[],[],"['D1', 'D10', 'D11', 'D12', 'D14', 'D15', 'D16', 'D17', 'D19', 'D2', 'D21', 'D23', 'D25', 'D26', 'D28', 'D29', 'D3', 'D30', 'D32', 'D33', 'D34', 'D35', 'D37', 'D38', 'D4', 'D41', 'D43', 'D44', 'D45', 'D46', 'D5', 'D50', 'D51', 'D52', 'D55', 'D56', 'D6', 'D61', 'D62']","['D1', 'D10', 'D11', 'D12', 'D14', 'D15', 'D16', 'D17', 'D19', 'D2', 'D21', 'D23', 'D25', 'D26', 'D28', 'D29', 'D3', 'D30', 'D32', 'D33', 'D34', 'D35', 'D37', 'D38', 'D4', 'D41', 'D43', 'D44', 'D45', 'D46', 'D5', 'D50', 'D51', 'D52', 'D55', 'D56', 'D6', 'D61', 'D62']"
5,B37,['D56'],"['D51', 'D57', 'D58']","['D1', 'D10', 'D11', 'D12', 'D14', 'D15', 'D16', 'D17', 'D19', 'D2', 'D21', 'D23', 'D25', 'D26', 'D28', 'D29', 'D3', 'D30', 'D32', 'D33', 'D34', 'D35', 'D37', 'D38', 'D4', 'D41', 'D43', 'D44', 'D45', 'D46', 'D5', 'D50', 'D51', 'D52', 'D55', 'D56', 'D6', 'D61', 'D62']","['D1', 'D10', 'D11', 'D12', 'D14', 'D15', 'D16', 'D17', 'D19', 'D2', 'D21', 'D23', 'D25', 'D26', 'D28', 'D29', 'D3', 'D30', 'D32', 'D33', 'D34', 'D35', 'D37', 'D38', 'D4', 'D41', 'D43', 'D44', 'D45', 'D46', 'D5', 'D50', 'D52', 'D55', 'D56', 'D6', 'D61', 'D62']"
5,B38,[],[],"['D1', 'D10', 'D11', 'D12', 'D14', 'D15', 'D16', 'D17', 'D19', 'D2', 'D21', 'D23', 'D25', 'D26', 'D28', 'D29', 'D3', 'D30', 'D32', 'D33', 'D34', 'D35', 'D37', 'D38', 'D4', 'D41', 'D43', 'D44', 'D45', 'D46', 'D5', 'D50', 'D51', 'D52', 'D55', 'D56', 'D6', 'D61', 'D62']","['D1', 'D10', 'D11', 'D12', 'D14', 'D15', 'D16', 'D17', 'D19', 'D2', 'D21', 'D23', 'D25', 'D26', 'D28', 'D29', 'D3', 'D30', 'D32', 'D33', 'D34', 'D35', 'D37', 'D38', 'D4', 'D41', 'D43', 'D44', 'D45', 'D46', 'D5', 'D50', 'D51', 'D52', 'D55', 'D56', 'D6', 'D61', 'D62']"
5,B39,"['D58', 'D59', 'D60']","['D51', 'D56', 'D57', 'D63', 'D64']","['D1', 'D10', 'D11', 'D12', 'D14', 'D15', 'D16', 'D17', 'D19', 'D2', 'D21', 'D23', 'D25', 'D26', 'D28', 'D29', 'D3', 'D30', 'D32', 'D33', 'D34', 'D35', 'D37', 'D38', 'D39', 'D4', 'D41', 'D43', 'D44', 'D45', 'D46', 'D47', 'D48', 'D5', 'D50', 'D51', 'D52', 'D55', 'D56', 'D6', 'D61', 'D62', 'D8']","['D1', 'D10', 'D11', 'D12', 'D14', 'D15', 'D16', 'D17', 'D19', 'D2', 'D21', 'D23', 'D25', 'D26', 'D28', 'D29', 'D3', 'D30', 'D32', 'D33', 'D34', 'D35', 'D37', 'D38', 'D39', 'D4', 'D41', 'D43', 'D44', 'D45', 'D46', 'D47', 'D48', 'D5', 'D50', 'D52', 'D55', 'D58', 'D59', 'D6', 'D60', 'D61', 'D62', 'D8']"
5,B40,[],[],"['D1', 'D10', 'D11', 'D12', 'D14', 'D15', 'D16', 'D17', 'D19', 'D2', 'D21', 'D23', 'D25', 'D26', 'D28', 'D29', 'D3', 'D30', 'D32', 'D33', 'D34', 'D35', 'D37', 'D38', 'D39', 'D4', 'D41', 'D43', 'D44', 'D45', 'D46', 'D47', 'D48', 'D5', 'D50', 'D52', 'D55', 'D58', 'D59', 'D6', 'D60', 'D61', 'D62', 'D63', 'D8']","['D1', 'D10', 'D11', 'D12', 'D14', 'D15', 'D16', 'D17', 'D19', 'D2', 'D21', 'D23', 'D25', 'D26', 'D28', 'D29', 'D3', 'D30', 'D32', 'D33', 'D34', 'D35', 'D37', 'D38', 'D39', 'D4', 'D41', 'D43', 'D44', 'D45', 'D46', 'D47', 'D48', 'D5', 'D50', 'D52', 'D55', 'D58', 'D59', 'D6', 'D60', 'D61', 'D62', 'D63', 'D8']"
5,B41,"['D61', 'D62']","['D39', 'D47', 'D48', 'D53', 'D54', 'D8']","['D1', 'D10', 'D11', 'D12', 'D14', 'D15', 'D16', 'D17', 'D19', 'D2', 'D21', 'D23', 'D25', 'D26', 'D28', 'D29', 'D3', 'D30', 'D32', 'D33', 'D34', 'D35', 'D37', 'D38', 'D39', 'D4', 'D41', 'D43', 'D44', 'D45', 'D46', 'D47', 'D48', 'D5', 'D50', 'D52', 'D55', 'D58', 'D59', 'D6', 'D60', 'D61', 'D62', 'D63', 'D8']","['D1', 'D10', 'D11', 'D12', 'D14', 'D15', 'D16', 'D17', 'D19', 'D2', 'D21', 'D23', 'D25', 'D26', 'D28', 'D29', 'D3', 'D30', 'D32', 'D33', 'D34', 'D35', 'D37', 'D38', 'D4', 'D41', 'D43', 'D44', 'D45', 'D46', 'D5', 'D50', 'D52', 'D55', 'D58', 'D59', 'D6', 'D60', 'D61', 'D62', 'D63']"
5,B42,[],[],"['D1', 'D10', 'D11', 'D12', 'D14', 'D15', 'D16', 'D17', 'D19', 'D2', 'D21', 'D23', 'D25', 'D26', 'D28', 'D29', 'D3', 'D30', 'D32', 'D33', 'D34', 'D35', 'D37', 'D38', 'D4', 'D41', 'D43', 'D44', 'D45', 'D46', 'D5', 'D50', 'D52', 'D55', 'D58', 'D59', 'D6', 'D60', 'D61', 'D62', 'D63']","['D1', 'D10', 'D11', 'D12', 'D14', 'D15', 'D16', 'D17', 'D19', 'D2', 'D21', 'D23', 'D25', 'D26', 'D28', 'D29', 'D3', 'D30', 'D32', 'D33', 'D34', 'D35', 'D37', 'D38', 'D4', 'D41', 'D43', 'D44', 'D45', 'D46', 'D5', 'D50', 'D52', 'D55', 'D58', 'D59', 'D6', 'D60', 'D61', 'D62', 'D63']"
5,B43,['D63'],['D60'],"['D1', 'D10', 'D11', 'D12', 'D14', 'D15', 'D16', 'D17', 'D19', 'D2', 'D21', 'D23', 'D25', 'D26', 'D28', 'D29', 'D3', 'D30', 'D32', 'D33', 'D34', 'D35', 'D37', 'D38', 'D4', 'D41', 'D43', 'D44', 'D45', 'D46', 'D5', 'D50', 'D52', 'D55', 'D58', 'D59', 'D6', 'D60', 'D61', 'D62', 'D63']","['D1', 'D10', 'D11', 'D12', 'D14', 'D15', 'D16', 'D17', 'D19', 'D2', 'D21', 'D23', 'D25', 'D26', 'D28', 'D29', 'D3', 'D30', 'D32', 'D33', 'D34', 'D35', 'D37', 'D38', 'D4', 'D41', 'D43', 'D44', 'D45', 'D46', 'D5', 'D50', 'D52', 'D55', 'D58', 'D59', 'D6', 'D61', 'D62', 'D63']"
5,B44,[],[],"['D1', 'D10', 'D11', 'D12', 'D14', 'D15', 'D16', 'D17', 'D19', 'D2', 'D21', 'D23', 'D25', 'D26', 'D28', 'D29', 'D3', 'D30', 'D32', 'D33', 'D34', 'D35', 'D37', 'D38', 'D4', 'D41', 'D43', 'D44', 'D45', 'D46', 'D5', 'D50', 'D52', 'D55', 'D58', 'D59', 'D6', 'D60', 'D61', 'D62', 'D63']","['D1', 'D10', 'D11', 'D12', 'D14', 'D15', 'D16', 'D17', 'D19', 'D2', 'D21', 'D23', 'D25', 'D26', 'D28', 'D29', 'D3', 'D30', 'D32', 'D33', 'D34', 'D35', 'D37', 'D38', 'D4', 'D41', 'D43', 'D44', 'D45', 'D46', 'D5', 'D50', 'D52', 'D55', 'D58', 'D59', 'D6', 'D60', 'D61', 'D62', 'D63']"
5,B45,"['D64', 'D65', 'D66']","['D59', 'D69']","['D1', 'D10', 'D11', 'D12', 'D14', 'D15', 'D16', 'D17', 'D19', 'D2', 'D21', 'D23', 'D25', 'D26', 'D28', 'D29', 'D3', 'D30', 'D32', 'D33', 'D34', 'D35', 'D37', 'D38', 'D39', 'D4', 'D41', 'D43', 'D44', 'D45', 'D46', 'D47', 'D48', 'D5', 'D50', 'D52', 'D55', 'D58', 'D59', 'D6', 'D60', 'D61', 'D62', 'D63', 'D8']","['D1', 'D10', 'D11', 'D12', 'D14', 'D15', 'D16', 'D17', 'D19', 'D2', 'D21', 'D23', 'D25', 'D26', 'D28', 'D29', 'D3', 'D30', 'D32', 'D33', 'D34', 'D35', 'D37', 'D38', 'D39', 'D4', 'D41', 'D43', 'D44', 'D45', 'D46', 'D47', 'D48', 'D5', 'D50', 'D52', 'D55', 'D58', 'D6', 'D60', 'D61', 'D62', 'D63', 'D64', 'D65', 'D66', 'D8']"
5,B46,[],[],"['D1', 'D10', 'D11', 'D12', 'D14', 'D15', 'D16', 'D17', 'D19', 'D2', 'D21', 'D23', 'D25', 'D26', 'D28', 'D29', 'D3', 'D30', 'D32', 'D33', 'D34', 'D35', 'D37', 'D38', 'D39', 'D4', 'D41', 'D43', 'D44', 'D45', 'D46', 'D47', 'D48', 'D5', 'D50', 'D52', 'D55', 'D58', 'D6', 'D60', 'D61', 'D62', 'D63', 'D64', 'D65', 'D66', 'D67', 'D68', 'D69', 'D8']","['D1', 'D10', 'D11', 'D12', 'D14', 'D15', 'D16', 'D17', 'D19', 'D2', 'D21', 'D23', 'D25', 'D26', 'D28', 'D29', 'D3', 'D30', 'D32', 'D33', 'D34', 'D35', 'D37', 'D38', 'D39', 'D4', 'D41', 'D43', 'D44', 'D45', 'D46', 'D47', 'D48', 'D5', 'D50', 'D52', 'D55', 'D58', 'D6', 'D60', 'D61', 'D62', 'D63', 'D64', 'D65', 'D66', 'D67', 'D68', 'D69', 'D8']"
5,B47,['D67'],"['D100', 'D104', 'D68']","['D1', 'D10', 'D11', 'D12', 'D14', 'D15', 'D16', 'D17', 'D19', 'D2', 'D21', 'D23', 'D25', 'D26', 'D28', 'D29', 'D3', 'D30', 'D32', 'D33', 'D34', 'D35', 'D37', 'D38', 'D39', 'D4', 'D41', 'D43', 'D44', 'D45', 'D46', 'D47', 'D48', 'D5', 'D50', 'D52', 'D55', 'D58', 'D6', 'D60', 'D61', 'D62', 'D63', 'D64', 'D65', 'D66', 'D67', 'D68', 'D69', 'D8']","['D1', 'D10', 'D11', 'D12', 'D14', 'D15', 'D16', 'D17', 'D19', 'D2', 'D21', 'D23', 'D25', 'D26', 'D28', 'D29', 'D3', 'D30', 'D32', 'D33', 'D34', 'D35', 'D37', 'D38', 'D39', 'D4', 'D41', 'D43', 'D44', 'D45', 'D46', 'D47', 'D48', 'D5', 'D50', 'D52', 'D55', 'D58', 'D6', 'D60', 'D61', 'D62', 'D63', 'D64', 'D65', 'D66', 'D67', 'D69', 'D8']"
5,B48,[],[],"['D1', 'D10', 'D11', 'D12', 'D14', 'D15', 'D16', 'D17', 'D19', 'D2', 'D21', 'D23', 'D25', 'D26', 'D28', 'D29', 'D3', 'D30', 'D32', 'D33', 'D34', 'D35', 'D37', 'D38', 'D39', 'D4', 'D41', 'D43', 'D44', 'D45', 'D46', 'D47', 'D48', 'D5', 'D50', 'D52', 'D55', 'D58', 'D6', 'D60', 'D61', 'D62', 'D63', 'D64', 'D65', 'D66', 'D67', 'D69', 'D8']","['D1', 'D10', 'D11', 'D12', 'D14', 'D15', 'D16', 'D17', 'D19', 'D2', 'D21', 'D23', 'D25', 'D26', 'D28', 'D29', 'D3', 'D30', 'D32', 'D33', 'D34', 'D35', 'D37', 'D38', 'D39', 'D4', 'D41', 'D43', 'D44', 'D45', 'D46', 'D47', 'D48', 'D5', 'D50', 'D52', 'D55', 'D58', 'D6', 'D60', 'D61', 'D62', 'D63', 'D64', 'D65', 'D66', 'D67', 'D69', 'D8']"
5,B49,['D68'],"['D100', 'D104', 'D67']","['D1', 'D10', 'D11', 'D12', 'D14', 'D15', 'D16', 'D17', 'D19', 'D2', 'D21', 'D23', 'D25', 'D26', 'D28', 'D29', 'D3', 'D30', 'D32', 'D33', 'D34', 'D35', 'D37', 'D38', 'D39', 'D4', 'D41', 'D43', 'D44', 'D45', 'D46', 'D47', 'D48', 'D5', 'D50', 'D52', 'D55', 'D58', 'D6', 'D60', 'D61', 'D62', 'D63', 'D64', 'D65', 'D66', 'D67', 'D69', 'D8']","['D1', 'D10', 'D11', 'D12', 'D14', 'D15', 'D16', 'D17', 'D19', 'D2', 'D21', 'D23', 'D25', 'D26', 'D28', 'D29', 'D3', 'D30', 'D32', 'D33', 'D34', 'D35', 'D37', 'D38', 'D39', 'D4', 'D41', 'D43', 'D44', 'D45', 'D46', 'D47', 'D48', 'D5', 'D50', 'D52', 'D55', 'D58', 'D6', 'D60', 'D61', 'D62', 'D63', 'D64', 'D65', 'D66', 'D68', 'D69', 'D8']"
5,B50,['D69'],['D65'],"['D1', 'D10', 'D11', 'D12', 'D14', 'D15', 'D16', 'D17', 'D19', 'D2', 'D21', 'D23', 'D25', 'D26', 'D28', 'D29', 'D3', 'D30', 'D32', 'D33', 'D34', 'D35', 'D37', 'D38', 'D39', 'D4', 'D41', 'D43', 'D44', 'D45', 'D46', 'D47', 'D48', 'D5', 'D50', 'D52', 'D55', 'D58', 'D6', 'D60', 'D61', 'D62', 'D63', 'D64', 'D65', 'D66', 'D67', 'D68', 'D69', 'D8']","['D1', 'D10', 'D11', 'D12', 'D14', 'D15', 'D16', 'D17', 'D19', 'D2', 'D21', 'D23', 'D25', 'D26', 'D28', 'D29', 'D3', 'D30', 'D32', 'D33', 'D34', 'D35', 'D37', 'D38', 'D39', 'D4', 'D41', 'D43', 'D44', 'D45', 'D46', 'D47', 'D48', 'D5', 'D50', 'D52', 'D55', 'D58', 'D6', 'D60', 'D61', 'D62', 'D63', 'D64', 'D66', 'D67', 'D68', 'D69', 'D8']"
5,B51,"['D70', 'D71']",['D72'],"['D1', 'D10', 'D11', 'D12', 'D14', 'D15', 'D16', 'D17', 'D19', 'D2', 'D21', 'D23', 'D25', 'D26', 'D28', 'D29', 'D3', 'D30', 'D32', 'D33', 'D34', 'D35', 'D37', 'D38', 'D39', 'D4', 'D41', 'D43', 'D44', 'D45', 'D46', 'D47', 'D48', 'D5', 'D50', 'D52', 'D55', 'D58', 'D6', 'D60', 'D61', 'D62', 'D63', 'D64', 'D65', 'D66', 'D67', 'D68', 'D69', 'D8']","['D1', 'D10', 'D11', 'D12', 'D14', 'D15', 'D16', 'D17', 'D19', 'D2', 'D21', 'D23', 'D25', 'D26', 'D28', 'D29', 'D3', 'D30', 'D32', 'D33', 'D34', 'D35', 'D37', 'D38', 'D39', 'D4', 'D41', 'D43', 'D44', 'D45', 'D46', 'D47', 'D48', 'D5', 'D50', 'D52', 'D55', 'D58', 'D6', 'D60', 'D61', 'D62', 'D63', 'D64', 'D65', 'D66', 'D67', 'D68', 'D69', 'D70', 'D71', 'D8']"
5,B52,[],[],"['D1', 'D10', 'D11', 'D12', 'D14', 'D15', 'D16', 'D17', 'D19', 'D2', 'D21', 'D23', 'D25', 'D26', 'D28', 'D29', 'D3', 'D30', 'D32', 'D33', 'D34', 'D35', 'D37', 'D38', 'D39', 'D4', 'D41', 'D43', 'D44', 'D45', 'D46', 'D47', 'D48', 'D5', 'D50', 'D52', 'D55', 'D58', 'D6', 'D60', 'D61', 'D62', 'D63', 'D64', 'D65', 'D66', 'D67', 'D68', 'D69', 'D70', 'D71', 'D72', 'D8']","['D1', 'D10', 'D11', 'D12', 'D14', 'D15', 'D16', 'D17', 'D19', 'D2', 'D21', 'D23', 'D25', 'D26', 'D28', 'D29', 'D3', 'D30', 'D32', 'D33', 'D34', 'D35', 'D37', 'D38', 'D39', 'D4', 'D41', 'D43', 'D44', 'D45', 'D46', 'D47', 'D48', 'D5', 'D50', 'D52', 'D55', 'D58', 'D6', 'D60', 'D61', 'D62', 'D63', 'D64', 'D65', 'D66', 'D67', 'D68', 'D69', 'D70', 'D71', 'D72', 'D8']"
5,B53,['D72'],['D70'],"['D1', 'D10', 'D11', 'D12', 'D14', 'D15', 'D16', 'D17', 'D19', 'D2', 'D21', 'D23', 'D25', 'D26', 'D28', 'D29', 'D3', 'D30', 'D32', 'D33', 'D34', 'D35', 'D37', 'D38', 'D39', 'D4', 'D41', 'D43', 'D44', 'D45', 'D46', 'D47', 'D48', 'D5', 'D50', 'D52', 'D55', 'D58', 'D6', 'D60', 'D61', 'D62', 'D63', 'D64', 'D65', 'D66', 'D67', 'D68', 'D69', 'D70', 'D71', 'D72', 'D8']","['D1', 'D10', 'D11', 'D12', 'D14', 'D15', 'D16', 'D17', 'D19', 'D2', 'D21', 'D23', 'D25', 'D26', 'D28', 'D29', 'D3', 'D30', 'D32', 'D33', 'D34', 'D35', 'D37', 'D38', 'D39', 'D4', 'D41', 'D43', 'D44', 'D45', 'D46', 'D47', 'D48', 'D5', 'D50', 'D52', 'D55', 'D58', 'D6', 'D60', 'D61', 'D62', 'D63', 'D64', 'D65', 'D66', 'D67', 'D68', 'D69', 'D71', 'D72', 'D8']"
5,B54,['D73'],['D74'],"['D1', 'D10', 'D11', 'D12', 'D14', 'D15', 'D16', 'D17', 'D19', 'D2', 'D21', 'D23', 'D25', 'D26', 'D28', 'D29', 'D3', 'D30', 'D32', 'D33', 'D34', 'D35', 'D37', 'D38', 'D39', 'D4', 'D41', 'D43', 'D44', 'D45', 'D46', 'D47', 'D48', 'D5', 'D50', 'D52', 'D55', 'D58', 'D6', 'D60', 'D61', 'D62', 'D63', 'D64', 'D65', 'D66', 'D67', 'D68', 'D69', 'D70', 'D71', 'D72', 'D8']","['D1', 'D10', 'D11', 'D12', 'D14', 'D15', 'D16', 'D17', 'D19', 'D2', 'D21', 'D23', 'D25', 'D26', 'D28', 'D29', 'D3', 'D30', 'D32', 'D33', 'D34', 'D35', 'D37', 'D38', 'D39', 'D4', 'D41', 'D43', 'D44', 'D45', 'D46', 'D47', 'D48', 'D5', 'D50', 'D52', 'D55', 'D58', 'D6', 'D60', 'D61', 'D62', 'D63', 'D64', 'D65', 'D66', 'D67', 'D68', 'D69', 'D70', 'D71', 'D72', 'D73', 'D8']"
5,B55,[],[],"['D1', 'D10', 'D11', 'D12', 'D14', 'D15', 'D16', 'D17', 'D19', 'D2', 'D21', 'D23', 'D25', 'D26', 'D28', 'D29', 'D3', 'D30', 'D32', 'D33', 'D34', 'D35', 'D37', 'D38', 'D39', 'D4', 'D41', 'D43', 'D44', 'D45', 'D46', 'D47', 'D48', 'D5', 'D50', 'D52', 'D55', 'D58', 'D6', 'D60', 'D61', 'D62', 'D63', 'D64', 'D65', 'D66', 'D67', 'D68', 'D69', 'D70', 'D71', 'D72', 'D73', 'D8']","['D1', 'D10', 'D11', 'D12', 'D14', 'D15', 'D16', 'D17', 'D19', 'D2', 'D21', 'D23', 'D25', 'D26', 'D28', 'D29', 'D3', 'D30', 'D32', 'D33', 'D34', 'D35', 'D37', 'D38', 'D39', 'D4', 'D41', 'D43', 'D44', 'D45', 'D46', 'D47', 'D48', 'D5', 'D50', 'D52', 'D55', 'D58', 'D6', 'D60', 'D61', 'D62', 'D63', 'D64', 'D65', 'D66', 'D67', 'D68', 'D69', 'D70', 'D71', 'D72', 'D73', 'D8']"
5,B56,[],[],"['D1', 'D10', 'D11', 'D12', 'D14', 'D15', 'D16', 'D17', 'D19', 'D2', 'D21', 'D23', 'D25', 'D26', 'D28', 'D29', 'D3', 'D30', 'D32', 'D33', 'D34', 'D35', 'D37', 'D38', 'D39', 'D4', 'D41', 'D43', 'D44', 'D45', 'D46', 'D47', 'D48', 'D5', 'D50', 'D52', 'D55', 'D58', 'D6', 'D60', 'D61', 'D62', 'D63', 'D64', 'D65', 'D66', 'D67', 'D68', 'D69', 'D70', 'D71', 'D72', 'D73', 'D74', 'D8']","['D1', 'D10', 'D11', 'D12', 'D14', 'D15', 'D16', 'D17', 'D19', 'D2', 'D21', 'D23', 'D25', 'D26', 'D28', 'D29', 'D3', 'D30', 'D32', 'D33', 'D34', 'D35', 'D37', 'D38', 'D39', 'D4', 'D41', 'D43', 'D44', 'D45', 'D46', 'D47', 'D48', 'D5', 'D50', 'D52', 'D55', 'D58', 'D6', 'D60', 'D61', 'D62', 'D63', 'D64', 'D65', 'D66', 'D67', 'D68', 'D69', 'D70', 'D71', 'D72', 'D73', 'D74', 'D8']"
5,B57,[],[],"['D1', 'D10', 'D11', 'D12', 'D14', 'D15', 'D16', 'D17', 'D19', 'D2', 'D21', 'D23', 'D25', 'D26', 'D28', 'D29', 'D3', 'D30', 'D32', 'D33', 'D34', 'D35', 'D37', 'D38', 'D39', 'D4', 'D41', 'D43', 'D44', 'D45', 'D46', 'D47', 'D48', 'D5', 'D50', 'D52', 'D55', 'D58', 'D6', 'D60', 'D61', 'D62', 'D63', 'D64', 'D65', 'D66', 'D67', 'D68', 'D69', 'D70', 'D71', 'D72', 'D73', 'D74', 'D8']","['D1', 'D10', 'D11', 'D12', 'D14', 'D15', 'D16', 'D17', 'D19', 'D2', 'D21', 'D23', 'D25', 'D26', 'D28', 'D29', 'D3', 'D30', 'D32', 'D33', 'D34', 'D35', 'D37', 'D38', 'D39', 'D4', 'D41', 'D43', 'D44', 'D45', 'D46', 'D47', 'D48', 'D5', 'D50', 'D52', 'D55', 'D58', 'D6', 'D60', 'D61', 'D62', 'D63', 'D64', 'D65', 'D66', 'D67', 'D68', 'D69', 'D70', 'D71', 'D72', 'D73', 'D74', 'D8']"
5,B58,['D74'],['D73'],"['D1', 'D10', 'D11', 'D12', 'D14', 'D15', 'D16', 'D17', 'D19', 'D2', 'D21', 'D23', 'D25', 'D26', 'D28', 'D29', 'D3', 'D30', 'D32', 'D33', 'D34', 'D35', 'D37', 'D38', 'D39', 'D4', 'D41', 'D43', 'D44', 'D45', 'D46', 'D47', 'D48', 'D5', 'D50', 'D52', 'D55', 'D58', 'D6', 'D60', 'D61', 'D62', 'D63', 'D64', 'D65', 'D66', 'D67', 'D68', 'D69', 'D70', 'D71', 'D72', 'D73', 'D74', 'D8']","['D1', 'D10', 'D11', 'D12', 'D14', 'D15', 'D16', 'D17', 'D19', 'D2', 'D21', 'D23', 'D25', 'D26', 'D28', 'D29', 'D3', 'D30', 'D32', 'D33', 'D34', 'D35', 'D37', 'D38', 'D39', 'D4', 'D41', 'D43', 'D44', 'D45', 'D46', 'D47', 'D48', 'D5', 'D50', 'D52', 'D55', 'D58', 'D6', 'D60', 'D61', 'D62', 'D63', 'D64', 'D65', 'D66', 'D67', 'D68', 'D69', 'D70', 'D71', 'D72', 'D74', 'D8']"
5,B59,[],[],"['D1', 'D10', 'D11', 'D12', 'D14', 'D15', 'D16', 'D17', 'D19', 'D2', 'D21', 'D23', 'D25', 'D26', 'D28', 'D29', 'D3', 'D30', 'D32', 'D33', 'D34', 'D35', 'D37', 'D38', 'D39', 'D4', 'D41', 'D43', 'D44', 'D45', 'D46', 'D47', 'D48', 'D5', 'D50', 'D52', 'D55', 'D58', 'D6', 'D60', 'D61', 'D62', 'D63', 'D64', 'D65', 'D66', 'D67', 'D68', 'D69', 'D70', 'D71', 'D72', 'D73', 'D74', 'D8']","['D1', 'D10', 'D11', 'D12', 'D14', 'D15', 'D16', 'D17', 'D19', 'D2', 'D21', 'D23', 'D25', 'D26', 'D28', 'D29', 'D3', 'D30', 'D32', 'D33', 'D34', 'D35', 'D37', 'D38', 'D39', 'D4', 'D41', 'D43', 'D44', 'D45', 'D46', 'D47', 'D48', 'D5', 'D50', 'D52', 'D55', 'D58', 'D6', 'D60', 'D61', 'D62', 'D63', 'D64', 'D65', 'D66', 'D67', 'D68', 'D69', 'D70', 'D71', 'D72', 'D73', 'D74', 'D8']"
5,B60,[],[],"['D1', 'D10', 'D11', 'D12', 'D14', 'D15', 'D16', 'D17', 'D19', 'D2', 'D21', 'D23', 'D25', 'D26', 'D28', 'D29', 'D3', 'D30', 'D32', 'D33', 'D34', 'D35', 'D37', 'D38', 'D39', 'D4', 'D41', 'D43', 'D44', 'D45', 'D46', 'D47', 'D48', 'D5', 'D50', 'D52', 'D55', 'D58', 'D6', 'D60', 'D61', 'D62', 'D63', 'D64', 'D65', 'D66', 'D67', 'D68', 'D69', 'D70', 'D71', 'D72', 'D73', 'D74', 'D8']","['D1', 'D10', 'D11', 'D12', 'D14', 'D15', 'D16', 'D17', 'D19', 'D2', 'D21', 'D23', 'D25', 'D26', 'D28', 'D29', 'D3', 'D30', 'D32', 'D33', 'D34', 'D35', 'D37', 'D38', 'D39', 'D4', 'D41', 'D43', 'D44', 'D45', 'D46', 'D47', 'D48', 'D5', 'D50', 'D52', 'D55', 'D58', 'D6', 'D60', 'D61', 'D62', 'D63', 'D64', 'D65', 'D66', 'D67', 'D68', 'D69', 'D70', 'D71', 'D72', 'D73', 'D74', 'D8']"
5,B61,"['D75', 'D76', 'D77']","['D80', 'D81', 'D82']","['D1', 'D10', 'D11', 'D12', 'D14', 'D15', 'D16', 'D17', 'D19', 'D2', 'D21', 'D23', 'D25', 'D26', 'D28', 'D29', 'D3', 'D30', 'D32', 'D33', 'D34', 'D35', 'D37', 'D38', 'D39', 'D4', 'D41', 'D43', 'D44', 'D45', 'D46', 'D47', 'D48', 'D5', 'D50', 'D52', 'D55', 'D58', 'D6', 'D60', 'D61', 'D62', 'D63', 'D64', 'D65', 'D66', 'D67', 'D68', 'D69', 'D70', 'D71', 'D72', 'D73', 'D8']","['D1', 'D10', 'D11', 'D12', 'D14', 'D15', 'D16', 'D17', 'D19', 'D2', 'D21', 'D23', 'D25', 'D26', 'D28', 'D29', 'D3', 'D30', 'D32', 'D33', 'D34', 'D35', 'D37', 'D38', 'D39', 'D4', 'D41', 'D43', 'D44', 'D45', 'D46', 'D47', 'D48', 'D5', 'D50', 'D52', 'D55', 'D58', 'D6', 'D60', 'D61', 'D62', 'D63', 'D64', 'D65', 'D66', 'D67', 'D68', 'D69', 'D70', 'D71', 'D72', 'D73', 'D75', 'D76', 'D77', 'D8']"
5,B62,[],[],"['D1', 'D10', 'D11', 'D12', 'D14', 'D15', 'D16', 'D17', 'D19', 'D2', 'D21', 'D23', 'D25', 'D26', 'D28', 'D29', 'D3', 'D30', 'D32', 'D33', 'D34', 'D35', 'D37', 'D38', 'D39', 'D4', 'D41', 'D43', 'D44', 'D45', 'D46', 'D47', 'D48', 'D5', 'D50', 'D52', 'D55', 'D58', 'D6', 'D60', 'D61', 'D62', 'D63', 'D64', 'D65', 'D66', 'D67', 'D68', 'D69', 'D70', 'D71', 'D72', 'D73', 'D75', 'D76', 'D77', 'D78', 'D79', 'D8', 'D80', 'D81']","['D1', 'D10', 'D11', 'D12', 'D14', 'D15', 'D16', 'D17', 'D19', 'D2', 'D21', 'D23', 'D25', 'D26', 'D28', 'D29', 'D3', 'D30', 'D32', 'D33', 'D34', 'D35', 'D37', 'D38', 'D39', 'D4', 'D41', 'D43', 'D44', 'D45', 'D46', 'D47', 'D48', 'D5', 'D50', 'D52', 'D55', 'D58', 'D6', 'D60', 'D61', 'D62', 'D63', 'D64', 'D65', 'D66', 'D67', 'D68', 'D69', 'D70', 'D71', 'D72', 'D73', 'D75', 'D76', 'D77', 'D78', 'D79', 'D8', 'D80', 'D81']"
5,B63,"['D78', 'D79', 'D80', 'D81']","['D75', 'D77', 'D82']","['D1', 'D10', 'D11', 'D12', 'D14', 'D15', 'D16', 'D17', 'D19', 'D2', 'D21', 'D23', 'D25', 'D26', 'D28', 'D29', 'D3', 'D30', 'D32', 'D33', 'D34', 'D35', 'D37', 'D38', 'D39', 'D4', 'D41', 'D43', 'D44', 'D45', 'D46', 'D47', 'D48', 'D5', 'D50', 'D52', 'D55', 'D58', 'D6', 'D60', 'D61', 'D62', 'D63', 'D64', 'D65', 'D66', 'D67', 'D68', 'D69', 'D70', 'D71', 'D72', 'D73', 'D75', 'D76', 'D77', 'D78', 'D79', 'D8', 'D80', 'D81']","['D1', 'D10', 'D11', 'D12', 'D14', 'D15', 'D16', 'D17', 'D19', 'D2', 'D21', 'D23', 'D25', 'D26', 'D28', 'D29', 'D3', 'D30', 'D32', 'D33', 'D34', 'D35', 'D37', 'D38', 'D39', 'D4', 'D41', 'D43', 'D44', 'D45', 'D46', 'D47', 'D48', 'D5', 'D50', 'D52', 'D55', 'D58', 'D6', 'D60', 'D61', 'D62', 'D63', 'D64', 'D65', 'D66', 'D67', 'D68', 'D69', 'D70', 'D71', 'D72', 'D73', 'D76', 'D78', 'D79', 'D8', 'D80', 'D81']"
5,B64,"['D82', 'D83', 'D84']","['D75', 'D80', 'D86']","['D1', 'D10', 'D11', 'D12', 'D14', 'D15', 'D16', 'D17', 'D19', 'D2', 'D21', 'D23', 'D25', 'D26', 'D28', 'D29', 'D3', 'D30', 'D32', 'D33', 'D34', 'D35', 'D37', 'D38', 'D39', 'D4', 'D41', 'D43', 'D44', 'D45', 'D46', 'D47', 'D48', 'D5', 'D50', 'D52', 'D55', 'D58', 'D6', 'D60', 'D61', 'D62', 'D63', 'D64', 'D65', 'D66', 'D67', 'D68', 'D69', 'D70', 'D71', 'D72', 'D73', 'D75', 'D76', 'D77', 'D78', 'D79', 'D8', 'D80', 'D81']","['D1', 'D10', 'D11', 'D12', 'D14', 'D15', 'D16', 'D17', 'D19', 'D2', 'D21', 'D23', 'D25', 'D26', 'D28', 'D29', 'D3', 'D30', 'D32', 'D33', 'D34', 'D35', 'D37', 'D38', 'D39', 'D4', 'D41', 'D43', 'D44', 'D45', 'D46', 'D47', 'D48', 'D5', 'D50', 'D52', 'D55', 'D58', 'D6', 'D60', 'D61', 'D62', 'D63', 'D64', 'D65', 'D66', 'D67', 'D68', 'D69', 'D70', 'D71', 'D72', 'D73', 'D76', 'D77', 'D78', 'D79', 'D8', 'D81', 'D82', 'D83', 'D84']"
5,B65,[],[],"['D1', 'D10', 'D11', 'D12', 'D14', 'D15', 'D16', 'D17', 'D19', 'D2', 'D21', 'D23', 'D25', 'D26', 'D28', 'D29', 'D3', 'D30', 'D32', 'D33', 'D34', 'D35', 'D37', 'D38', 'D39', 'D4', 'D41', 'D43', 'D44', 'D45', 'D46', 'D47', 'D48', 'D5', 'D50', 'D52', 'D55', 'D58', 'D6', 'D60', 'D61', 'D62', 'D63', 'D64', 'D65', 'D66', 'D67', 'D68', 'D69', 'D70', 'D71', 'D72', 'D73', 'D76', 'D77', 'D78', 'D79', 'D8', 'D81', 'D82', 'D83', 'D84', 'D85']","['D1', 'D10', 'D11', 'D12', 'D14', 'D15', 'D16', 'D17', 'D19', 'D2', 'D21', 'D23', 'D25', 'D26', 'D28', 'D29', 'D3', 'D30', 'D32', 'D33', 'D34', 'D35', 'D37', 'D38', 'D39', 'D4', 'D41', 'D43', 'D44', 'D45', 'D46', 'D47', 'D48', 'D5', 'D50', 'D52', 'D55', 'D58', 'D6', 'D60', 'D61', 'D62', 'D63', 'D64', 'D65', 'D66', 'D67', 'D68', 'D69', 'D70', 'D71', 'D72', 'D73', 'D76', 'D77', 'D78', 'D79', 'D8', 'D81', 'D82', 'D83', 'D84', 'D85']"
5,B66,[],[],"['D1', 'D10', 'D11', 'D12', 'D14', 'D15', 'D16', 'D17', 'D19', 'D2', 'D21', 'D23', 'D25', 'D26', 'D28', 'D29', 'D3', 'D30', 'D32', 'D33', 'D34', 'D35', 'D37', 'D38', 'D39', 'D4', 'D41', 'D43', 'D44', 'D45', 'D46', 'D47', 'D48', 'D5', 'D50', 'D52', 'D55', 'D58', 'D6', 'D60', 'D61', 'D62', 'D63', 'D64', 'D65', 'D66', 'D67', 'D68', 'D69', 'D70', 'D71', 'D72', 'D73', 'D76', 'D77', 'D78', 'D79', 'D8', 'D81', 'D82', 'D83', 'D84', 'D85']","['D1', 'D10', 'D11', 'D12', 'D14', 'D15', 'D16', 'D17', 'D19', 'D2', 'D21', 'D23', 'D25', 'D26', 'D28', 'D29', 'D3', 'D30', 'D32', 'D33', 'D34', 'D35', 'D37', 'D38', 'D39', 'D4', 'D41', 'D43', 'D44', 'D45', 'D46', 'D47', 'D48', 'D5', 'D50', 'D52', 'D55', 'D58', 'D6', 'D60', 'D61', 'D62', 'D63', 'D64', 'D65', 'D66', 'D67', 'D68', 'D69', 'D70', 'D71', 'D72', 'D73', 'D76', 'D77', 'D78', 'D79', 'D8', 'D81', 'D82', 'D83', 'D84', 'D85']"
5,B67,['D85'],[],"['D1', 'D10', 'D11', 'D12', 'D14', 'D15', 'D16', 'D17', 'D19', 'D2', 'D21', 'D23', 'D25', 'D26', 'D28', 'D29', 'D3', 'D30', 'D32', 'D33', 'D34', 'D35', 'D37', 'D38', 'D39', 'D4', 'D41', 'D43', 'D44', 'D45', 'D46', 'D47', 'D48', 'D5', 'D50', 'D52', 'D55', 'D58', 'D6', 'D60', 'D61', 'D62', 'D63', 'D64', 'D65', 'D66', 'D67', 'D68', 'D69', 'D70', 'D71', 'D72', 'D73', 'D76', 'D77', 'D78', 'D79', 'D8', 'D81', 'D82', 'D83', 'D84', 'D85']","['D1', 'D10', 'D11', 'D12', 'D14', 'D15', 'D16', 'D17', 'D19', 'D2', 'D21', 'D23', 'D25', 'D26', 'D28', 'D29', 'D3', 'D30', 'D32', 'D33', 'D34', 'D35', 'D37', 'D38', 'D39', 'D4', 'D41', 'D43', 'D44', 'D45', 'D46', 'D47', 'D48', 'D5', 'D50', 'D52', 'D55', 'D58', 'D6', 'D60', 'D61', 'D62', 'D63', 'D64', 'D65', 'D66', 'D67', 'D68', 'D69', 'D70', 'D71', 'D72', 'D73', 'D76', 'D77', 'D78', 'D79', 'D8', 'D81', 'D82', 'D83', 'D84', 'D85']"
5,B68,[],[],"['D1', 'D10', 'D11', 'D12', 'D14', 'D15', 'D16', 'D17', 'D19', 'D2', 'D21', 'D23', 'D25', 'D26', 'D28', 'D29', 'D3', 'D30', 'D32', 'D33', 'D34', 'D35', 'D37', 'D38', 'D39', 'D4', 'D41', 'D43', 'D44', 'D45', 'D46', 'D47', 'D48', 'D5', 'D50', 'D52', 'D55', 'D58', 'D6', 'D60', 'D61', 'D62', 'D63', 'D64', 'D65', 'D66', 'D67', 'D68', 'D69', 'D70', 'D71', 'D72', 'D73', 'D76', 'D77', 'D78', 'D79', 'D8', 'D81', 'D82', 'D83', 'D84', 'D85']","['D1', 'D10', 'D11', 'D12', 'D14', 'D15', 'D16', 'D17', 'D19', 'D2', 'D21', 'D23', 'D25', 'D26', 'D28', 'D29', 'D3', 'D30', 'D32', 'D33', 'D34', 'D35', 'D37', 'D38', 'D39', 'D4', 'D41', 'D43', 'D44', 'D45', 'D46', 'D47', 'D48', 'D5', 'D50', 'D52', 'D55', 'D58', 'D6', 'D60', 'D61', 'D62', 'D63', 'D64', 'D65', 'D66', 'D67', 'D68', 'D69', 'D70', 'D71', 'D72', 'D73', 'D76', 'D77', 'D78', 'D79', 'D8', 'D81', 'D82', 'D83', 'D84', 'D85']"
5,B69,[],[],"['D1', 'D10', 'D11', 'D12', 'D14', 'D15', 'D16', 'D17', 'D19', 'D2', 'D21', 'D23', 'D25', 'D26', 'D28', 'D29', 'D3', 'D30', 'D32', 'D33', 'D34', 'D35', 'D37', 'D38', 'D39', 'D4', 'D41', 'D43', 'D44', 'D45', 'D46', 'D47', 'D48', 'D5', 'D50', 'D52', 'D55', 'D58', 'D6', 'D60', 'D61', 'D62', 'D63', 'D64', 'D65', 'D66', 'D67', 'D68', 'D69', 'D70', 'D71', 'D72', 'D73', 'D76', 'D77', 'D78', 'D79', 'D8', 'D81', 'D82', 'D83', 'D84', 'D85', 'D86']","['D1', 'D10', 'D11', 'D12', 'D14', 'D15', 'D16', 'D17', 'D19', 'D2', 'D21', 'D23', 'D25', 'D26', 'D28', 'D29', 'D3', 'D30', 'D32', 'D33', 'D34', 'D35', 'D37', 'D38', 'D39', 'D4', 'D41', 'D43', 'D44', 'D45', 'D46', 'D47', 'D48', 'D5', 'D50', 'D52', 'D55', 'D58', 'D6', 'D60', 'D61', 'D62', 'D63', 'D64', 'D65', 'D66', 'D67', 'D68', 'D69', 'D70', 'D71', 'D72', 'D73', 'D76', 'D77', 'D78', 'D79', 'D8', 'D81', 'D82', 'D83', 'D84', 'D85', 'D86']"
5,B70,[],[],"['D1', 'D10', 'D11', 'D12', 'D14', 'D15', 'D16', 'D17', 'D19', 'D2', 'D21', 'D23', 'D25', 'D26', 'D28', 'D29', 'D3', 'D30', 'D32', 'D33', 'D34', 'D35', 'D37', 'D38', 'D39', 'D4', 'D41', 'D43', 'D44', 'D45', 'D46', 'D47', 'D48', 'D5', 'D50', 'D52', 'D55', 'D58', 'D6', 'D60', 'D61', 'D62', 'D63', 'D64', 'D65', 'D66', 'D67', 'D68', 'D69', 'D70', 'D71', 'D72', 'D73', 'D76', 'D77', 'D78', 'D79', 'D8', 'D81', 'D82', 'D83', 'D84', 'D85', 'D86']","['D1', 'D10', 'D11', 'D12', 'D14', 'D15', 'D16', 'D17', 'D19', 'D2', 'D21', 'D23', 'D25', 'D26', 'D28', 'D29', 'D3', 'D30', 'D32', 'D33', 'D34', 'D35', 'D37', 'D38', 'D39', 'D4', 'D41', 'D43', 'D44', 'D45', 'D46', 'D47', 'D48', 'D5', 'D50', 'D52', 'D55', 'D58', 'D6', 'D60', 'D61', 'D62', 'D63', 'D64', 'D65', 'D66', 'D67', 'D68', 'D69', 'D70', 'D71', 'D72', 'D73', 'D76', 'D77', 'D78', 'D79', 'D8', 'D81', 'D82', 'D83', 'D84', 'D85', 'D86']"
5,B71,['D86'],['D83'],"['D1', 'D10', 'D11', 'D12', 'D14', 'D15', 'D16', 'D17', 'D19', 'D2', 'D21', 'D23', 'D25', 'D26', 'D28', 'D29', 'D3', 'D30', 'D32', 'D33', 'D34', 'D35', 'D37', 'D38', 'D39', 'D4', 'D41', 'D43', 'D44', 'D45', 'D46', 'D47', 'D48', 'D5', 'D50', 'D52', 'D55', 'D58', 'D6', 'D60', 'D61', 'D62', 'D63', 'D64', 'D65', 'D66', 'D67', 'D68', 'D69', 'D70', 'D71', 'D72', 'D73', 'D76', 'D77', 'D78', 'D79', 'D8', 'D81', 'D82', 'D83', 'D84', 'D85', 'D86']","['D1', 'D10', 'D11', 'D12', 'D14', 'D15', 'D16', 'D17', 'D19', 'D2', 'D21', 'D23', 'D25', 'D26', 'D28', 'D29', 'D3', 'D30', 'D32', 'D33', 'D34', 'D35', 'D37', 'D38', 'D39', 'D4', 'D41', 'D43', 'D44', 'D45', 'D46', 'D47', 'D48', 'D5', 'D50', 'D52', 'D55', 'D58', 'D6', 'D60', 'D61', 'D62', 'D63', 'D64', 'D65', 'D66', 'D67', 'D68', 'D69', 'D70', 'D71', 'D72', 'D73', 'D76', 'D77', 'D78', 'D79', 'D8', 'D81', 'D82', 'D84', 'D85', 'D86']"
5,B72,[],[],"['D1', 'D10', 'D11', 'D12', 'D14', 'D15', 'D16', 'D17', 'D19', 'D2', 'D21', 'D23', 'D25', 'D26', 'D28', 'D29', 'D3', 'D30', 'D32', 'D33', 'D34', 'D35', 'D37', 'D38', 'D39', 'D4', 'D41', 'D43', 'D44', 'D45', 'D46', 'D47', 'D48', 'D5', 'D50', 'D52', 'D55', 'D58', 'D6', 'D60', 'D61', 'D62', 'D63', 'D64', 'D65', 'D66', 'D67', 'D68', 'D69', 'D70', 'D71', 'D72', 'D73', 'D76', 'D77', 'D78', 'D79', 'D8', 'D81', 'D82', 'D83', 'D84', 'D85', 'D86']","['D1', 'D10', 'D11', 'D12', 'D14', 'D15', 'D16', 'D17', 'D19', 'D2', 'D21', 'D23', 'D25', 'D26', 'D28', 'D29', 'D3', 'D30', 'D32', 'D33', 'D34', 'D35', 'D37', 'D38', 'D39', 'D4', 'D41', 'D43', 'D44', 'D45', 'D46', 'D47', 'D48', 'D5', 'D50', 'D52', 'D55', 'D58', 'D6', 'D60', 'D61', 'D62', 'D63', 'D64', 'D65', 'D66', 'D67', 'D68', 'D69', 'D70', 'D71', 'D72', 'D73', 'D76', 'D77', 'D78', 'D79', 'D8', 'D81', 'D82', 'D83', 'D84', 'D85', 'D86']"
5,B73,"['D87', 'D88', 'D89']","['D1', 'D91', 'D92', 'D93', 'D94', 'D95']","['D1', 'D10', 'D11', 'D12', 'D14', 'D15', 'D16', 'D17', 'D19', 'D2', 'D21', 'D23', 'D25', 'D26', 'D28', 'D29', 'D3', 'D30', 'D32', 'D33', 'D34', 'D35', 'D37', 'D38', 'D39', 'D4', 'D41', 'D43', 'D44', 'D45', 'D46', 'D47', 'D48', 'D5', 'D50', 'D52', 'D55', 'D58', 'D6', 'D60', 'D61', 'D62', 'D63', 'D64', 'D65', 'D66', 'D67', 'D68', 'D69', 'D70', 'D71', 'D72', 'D73', 'D76', 'D77', 'D78', 'D79', 'D8', 'D81', 'D82', 'D83', 'D84', 'D85', 'D86']","['D10', 'D11', 'D12', 'D14', 'D15', 'D16', 'D17', 'D19', 'D2', 'D21', 'D23', 'D25', 'D26', 'D28', 'D29', 'D3', 'D30', 'D32', 'D33', 'D34', 'D35', 'D37', 'D38', 'D39', 'D4', 'D41', 'D43', 'D44', 'D45', 'D46', 'D47', 'D48', 'D5', 'D50', 'D52', 'D55', 'D58', 'D6', 'D60', 'D61', 'D62', 'D63', 'D64', 'D65', 'D66', 'D67', 'D68', 'D69', 'D70', 'D71', 'D72', 'D73', 'D76', 'D77', 'D78', 'D79', 'D8', 'D81', 'D82', 'D83', 'D84', 'D85', 'D86', 'D87', 'D88', 'D89']"
5,B74,[],[],"['D10', 'D11', 'D12', 'D14', 'D15', 'D16', 'D17', 'D19', 'D2', 'D21', 'D23', 'D25', 'D26', 'D28', 'D29', 'D3', 'D30', 'D32', 'D33', 'D34', 'D35', 'D37', 'D38', 'D39', 'D4', 'D41', 'D43', 'D44', 'D45', 'D46', 'D47', 'D48', 'D5', 'D50', 'D52', 'D55', 'D58', 'D6', 'D60', 'D61', 'D62', 'D63', 'D64', 'D65', 'D66', 'D67', 'D68', 'D69', 'D70', 'D71', 'D72', 'D73', 'D76', 'D77', 'D78', 'D79', 'D8', 'D81', 'D82', 'D83', 'D84', 'D85', 'D86', 'D87', 'D88', 'D89', 'D90', 'D91', 'D92', 'D93']","['D10', 'D11', 'D12', 'D14', 'D15', 'D16', 'D17', 'D19', 'D2', 'D21', 'D23', 'D25', 'D26', 'D28', 'D29', 'D3', 'D30', 'D32', 'D33', 'D34', 'D35', 'D37', 'D38', 'D39', 'D4', 'D41', 'D43', 'D44', 'D45', 'D46', 'D47', 'D48', 'D5', 'D50', 'D52', 'D55', 'D58', 'D6', 'D60', 'D61', 'D62', 'D63', 'D64', 'D65', 'D66', 'D67', 'D68', 'D69', 'D70', 'D71', 'D72', 'D73', 'D76', 'D77', 'D78', 'D79', 'D8', 'D81', 'D82', 'D83', 'D84', 'D85', 'D86', 'D87', 'D88', 'D89', 'D90', 'D91', 'D92', 'D93']"
5,B75,"['D90', 'D91', 'D92', 'D93']","['D1', 'D26', 'D87', 'D88', 'D89', 'D94', 'D95']","['D10', 'D11', 'D12', 'D14', 'D15', 'D16', 'D17', 'D19', 'D2', 'D21', 'D23', 'D25', 'D26', 'D28', 'D29', 'D3', 'D30', 'D32', 'D33', 'D34', 'D35', 'D37', 'D38', 'D39', 'D4', 'D41', 'D43', 'D44', 'D45', 'D46', 'D47', 'D48', 'D5', 'D50', 'D52', 'D55', 'D58', 'D6', 'D60', 'D61', 'D62', 'D63', 'D64', 'D65', 'D66', 'D67', 'D68', 'D69', 'D70', 'D71', 'D72', 'D73', 'D76', 'D77', 'D78', 'D79', 'D8', 'D81', 'D82', 'D83', 'D84', 'D85', 'D86', 'D87', 'D88', 'D89', 'D90', 'D91', 'D92', 'D93']","['D10', 'D11', 'D12', 'D14', 'D15', 'D16', 'D17', 'D19', 'D2', 'D21', 'D23', 'D25', 'D28', 'D29', 'D3', 'D30', 'D32', 'D33', 'D34', 'D35', 'D37', 'D38', 'D39', 'D4', 'D41', 'D43', 'D44', 'D45', 'D46', 'D47', 'D48', 'D5', 'D50', 'D52', 'D55', 'D58', 'D6', 'D60', 'D61', 'D62', 'D63', 'D64', 'D65', 'D66', 'D67', 'D68', 'D69', 'D70', 'D71', 'D72', 'D73', 'D76', 'D77', 'D78', 'D79', 'D8', 'D81', 'D82', 'D83', 'D84', 'D85', 'D86', 'D90', 'D91', 'D92', 'D93']"
5,B76,"['D95', 'D96']","['D88', 'D91', 'D94', 'D97', 'D98']","['D10', 'D11', 'D12', 'D14', 'D15', 'D16', 'D17', 'D19', 'D2', 'D21', 'D23', 'D25', 'D26', 'D28', 'D29', 'D3', 'D30', 'D32', 'D33', 'D34', 'D35', 'D37', 'D38', 'D39', 'D4', 'D41', 'D43', 'D44', 'D45', 'D46', 'D47', 'D48', 'D5', 'D50', 'D52', 'D55', 'D58', 'D6', 'D60', 'D61', 'D62', 'D63', 'D64', 'D65', 'D66', 'D67', 'D68', 'D69', 'D70', 'D71', 'D72', 'D73', 'D76', 'D77', 'D78', 'D79', 'D8', 'D81', 'D82', 'D83', 'D84', 'D85', 'D86', 'D87', 'D88', 'D89', 'D90', 'D91', 'D92', 'D93']","['D10', 'D11', 'D12', 'D14', 'D15', 'D16', 'D17', 'D19', 'D2', 'D21', 'D23', 'D25', 'D26', 'D28', 'D29', 'D3', 'D30', 'D32', 'D33', 'D34', 'D35', 'D37', 'D38', 'D39', 'D4', 'D41', 'D43', 'D44', 'D45', 'D46', 'D47', 'D48', 'D5', 'D50', 'D52', 'D55', 'D58', 'D6', 'D60', 'D61', 'D62', 'D63', 'D64', 'D65', 'D66', 'D67', 'D68', 'D69', 'D70', 'D71', 'D72', 'D73', 'D76', 'D77', 'D78', 'D79', 'D8', 'D81', 'D82', 'D83', 'D84', 'D85', 'D86', 'D87', 'D89', 'D90', 'D92', 'D93', 'D95', 'D96']"
5,B77,[],[],"['D10', 'D11', 'D12', 'D14', 'D15', 'D16', 'D17', 'D19', 'D2', 'D21', 'D23', 'D25', 'D26', 'D28', 'D29', 'D3', 'D30', 'D32', 'D33', 'D34', 'D35', 'D37', 'D38', 'D39', 'D4', 'D41', 'D43', 'D44', 'D45', 'D46', 'D47', 'D48', 'D5', 'D50', 'D52', 'D55', 'D58', 'D6', 'D60', 'D61', 'D62', 'D63', 'D64', 'D65', 'D66', 'D67', 'D68', 'D69', 'D70', 'D71', 'D72', 'D73', 'D76', 'D77', 'D78', 'D79', 'D8', 'D81', 'D82', 'D83', 'D84', 'D85', 'D86', 'D87', 'D89', 'D90', 'D92', 'D93', 'D95', 'D96', 'D97']","['D10', 'D11', 'D12', 'D14', 'D15', 'D16', 'D17', 'D19', 'D2', 'D21', 'D23', 'D25', 'D26', 'D28', 'D29', 'D3', 'D30', 'D32', 'D33', 'D34', 'D35', 'D37', 'D38', 'D39', 'D4', 'D41', 'D43', 'D44', 'D45', 'D46', 'D47', 'D48', 'D5', 'D50', 'D52', 'D55', 'D58', 'D6', 'D60', 'D61', 'D62', 'D63', 'D64', 'D65', 'D66', 'D67', 'D68', 'D69', 'D70', 'D71', 'D72', 'D73', 'D76', 'D77', 'D78', 'D79', 'D8', 'D81', 'D82', 'D83', 'D84', 'D85', 'D86', 'D87', 'D89', 'D90', 'D92', 'D93', 'D95', 'D96', 'D97']"
5,B78,[],[],"['D10', 'D11', 'D12', 'D14', 'D15', 'D16', 'D17', 'D19', 'D2', 'D21', 'D23', 'D25', 'D26', 'D28', 'D29', 'D3', 'D30', 'D32', 'D33', 'D34', 'D35', 'D37', 'D38', 'D39', 'D4', 'D41', 'D43', 'D44', 'D45', 'D46', 'D47', 'D48', 'D5', 'D50', 'D52', 'D55', 'D58', 'D6', 'D60', 'D61', 'D62', 'D63', 'D64', 'D65', 'D66', 'D67', 'D68', 'D69', 'D70', 'D71', 'D72', 'D73', 'D76', 'D77', 'D78', 'D79', 'D8', 'D81', 'D82', 'D83', 'D84', 'D85', 'D86', 'D87', 'D89', 'D90', 'D92', 'D93', 'D95', 'D96', 'D97', 'D98']","['D10', 'D11', 'D12', 'D14', 'D15', 'D16', 'D17', 'D19', 'D2', 'D21', 'D23', 'D25', 'D26', 'D28', 'D29', 'D3', 'D30', 'D32', 'D33', 'D34', 'D35', 'D37', 'D38', 'D39', 'D4', 'D41', 'D43', 'D44', 'D45', 'D46', 'D47', 'D48', 'D5', 'D50', 'D52', 'D55', 'D58', 'D6', 'D60', 'D61', 'D62', 'D63', 'D64', 'D65', 'D66', 'D67', 'D68', 'D69', 'D70', 'D71', 'D72', 'D73', 'D76', 'D77', 'D78', 'D79', 'D8', 'D81', 'D82', 'D83', 'D84', 'D85', 'D86', 'D87', 'D89', 'D90', 'D92', 'D93', 'D95', 'D96', 'D97', 'D98']"
5,B79,[],[],"['D10', 'D11', 'D12', 'D14', 'D15', 'D16', 'D17', 'D19', 'D2', 'D21', 'D23', 'D25', 'D26', 'D28', 'D29', 'D3', 'D30', 'D32', 'D33', 'D34', 'D35', 'D37', 'D38', 'D39', 'D4', 'D41', 'D43', 'D44', 'D45', 'D46', 'D47', 'D48', 'D5', 'D50', 'D52', 'D55', 'D58', 'D6', 'D60', 'D61', 'D62', 'D63', 'D64', 'D65', 'D66', 'D67', 'D68', 'D69', 'D70', 'D71', 'D72', 'D73', 'D76', 'D77', 'D78', 'D79', 'D8', 'D81', 'D82', 'D83', 'D84', 'D85', 'D86', 'D87', 'D89', 'D90', 'D92', 'D93', 'D95', 'D96', 'D97', 'D98']","['D10', 'D11', 'D12', 'D14', 'D15', 'D16', 'D17', 'D19', 'D2', 'D21', 'D23', 'D25', 'D26', 'D28', 'D29', 'D3', 'D30', 'D32', 'D33', 'D34', 'D35', 'D37', 'D38', 'D39', 'D4', 'D41', 'D43', 'D44', 'D45', 'D46', 'D47', 'D48', 'D5', 'D50', 'D52', 'D55', 'D58', 'D6', 'D60', 'D61', 'D62', 'D63', 'D64', 'D65', 'D66', 'D67', 'D68', 'D69', 'D70', 'D71', 'D72', 'D73', 'D76', 'D77', 'D78', 'D79', 'D8', 'D81', 'D82', 'D83', 'D84', 'D85', 'D86', 'D87', 'D89', 'D90', 'D92', 'D93', 'D95', 'D96', 'D97', 'D98']"
5,B80,['D97'],"['D96', 'D98']","['D10', 'D11', 'D12', 'D14', 'D15', 'D16', 'D17', 'D19', 'D2', 'D21', 'D23', 'D25', 'D26', 'D28', 'D29', 'D3', 'D30', 'D32', 'D33', 'D34', 'D35', 'D37', 'D38', 'D39', 'D4', 'D41', 'D43', 'D44', 'D45', 'D46', 'D47', 'D48', 'D5', 'D50', 'D52', 'D55', 'D58', 'D6', 'D60', 'D61', 'D62', 'D63', 'D64', 'D65', 'D66', 'D67', 'D68', 'D69', 'D70', 'D71', 'D72', 'D73', 'D76', 'D77', 'D78', 'D79', 'D8', 'D81', 'D82', 'D83', 'D84', 'D85', 'D86', 'D87', 'D89', 'D90', 'D92', 'D93', 'D95', 'D96', 'D97', 'D98']","['D10', 'D11', 'D12', 'D14', 'D15', 'D16', 'D17', 'D19', 'D2', 'D21', 'D23', 'D25', 'D26', 'D28', 'D29', 'D3', 'D30', 'D32', 'D33', 'D34', 'D35', 'D37', 'D38', 'D39', 'D4', 'D41', 'D43', 'D44', 'D45', 'D46', 'D47', 'D48', 'D5', 'D50', 'D52', 'D55', 'D58', 'D6', 'D60', 'D61', 'D62', 'D63', 'D64', 'D65', 'D66', 'D67', 'D68', 'D69', 'D70', 'D71', 'D72', 'D73', 'D76', 'D77', 'D78', 'D79', 'D8', 'D81', 'D82', 'D83', 'D84', 'D85', 'D86', 'D87', 'D89', 'D90', 'D92', 'D93', 'D95', 'D97']"
5,B81,[],[],"['D10', 'D11', 'D12', 'D14', 'D15', 'D16', 'D17', 'D19', 'D2', 'D21', 'D23', 'D25', 'D26', 'D28', 'D29', 'D3', 'D30', 'D32', 'D33', 'D34', 'D35', 'D37', 'D38', 'D39', 'D4', 'D41', 'D43', 'D44', 'D45', 'D46', 'D47', 'D48', 'D5', 'D50', 'D52', 'D55', 'D58', 'D6', 'D60', 'D61', 'D62', 'D63', 'D64', 'D65', 'D66', 'D67', 'D68', 'D69', 'D70', 'D71', 'D72', 'D73', 'D76', 'D77', 'D78', 'D79', 'D8', 'D81', 'D82', 'D83', 'D84', 'D85', 'D86', 'D87', 'D89', 'D90', 'D92', 'D93', 'D95', 'D97', 'D98']","['D10', 'D11', 'D12', 'D14', 'D15', 'D16', 'D17', 'D19', 'D2', 'D21', 'D23', 'D25', 'D26', 'D28', 'D29', 'D3', 'D30', 'D32', 'D33', 'D34', 'D35', 'D37', 'D38', 'D39', 'D4', 'D41', 'D43', 'D44', 'D45', 'D46', 'D47', 'D48', 'D5', 'D50', 'D52', 'D55', 'D58', 'D6', 'D60', 'D61', 'D62', 'D63', 'D64', 'D65', 'D66', 'D67', 'D68', 'D69', 'D70', 'D71', 'D72', 'D73', 'D76', 'D77', 'D78', 'D79', 'D8', 'D81', 'D82', 'D83', 'D84', 'D85', 'D86', 'D87', 'D89', 'D90', 'D92', 'D93', 'D95', 'D97', 'D98']"
5,B82,['D98'],"['D96', 'D97']","['D10', 'D11', 'D12', 'D14', 'D15', 'D16', 'D17', 'D19', 'D2', 'D21', 'D23', 'D25', 'D26', 'D28', 'D29', 'D3', 'D30', 'D32', 'D33', 'D34', 'D35', 'D37', 'D38', 'D39', 'D4', 'D41', 'D43', 'D44', 'D45', 'D46', 'D47', 'D48', 'D5', 'D50', 'D52', 'D55', 'D58', 'D6', 'D60', 'D61', 'D62', 'D63', 'D64', 'D65', 'D66', 'D67', 'D68', 'D69', 'D70', 'D71', 'D72', 'D73', 'D76', 'D77', 'D78', 'D79', 'D8', 'D81', 'D82', 'D83', 'D84', 'D85', 'D86', 'D87', 'D89', 'D90', 'D92', 'D93', 'D95', 'D96', 'D97', 'D98']","['D10', 'D11', 'D12', 'D14', 'D15', 'D16', 'D17', 'D19', 'D2', 'D21', 'D23', 'D25', 'D26', 'D28', 'D29', 'D3', 'D30', 'D32', 'D33', 'D34', 'D35', 'D37', 'D38', 'D39', 'D4', 'D41', 'D43', 'D44', 'D45', 'D46', 'D47', 'D48', 'D5', 'D50', 'D52', 'D55', 'D58', 'D6', 'D60', 'D61', 'D62', 'D63', 'D64', 'D65', 'D66', 'D67', 'D68', 'D69', 'D70', 'D71', 'D72', 'D73', 'D76', 'D77', 'D78', 'D79', 'D8', 'D81', 'D82', 'D83', 'D84', 'D85', 'D86', 'D87', 'D89', 'D90', 'D92', 'D93', 'D95', 'D98']"
5,B83,[],[],"['D10', 'D11', 'D12', 'D14', 'D15', 'D16', 'D17', 'D19', 'D2', 'D21', 'D23', 'D25', 'D26', 'D28', 'D29', 'D3', 'D30', 'D32', 'D33', 'D34', 'D35', 'D37', 'D38', 'D39', 'D4', 'D41', 'D43', 'D44', 'D45', 'D46', 'D47', 'D48', 'D5', 'D50', 'D52', 'D55', 'D58', 'D6', 'D60', 'D61', 'D62', 'D63', 'D64', 'D65', 'D66', 'D67', 'D68', 'D69', 'D70', 'D71', 'D72', 'D73', 'D76', 'D77', 'D78', 'D79', 'D8', 'D81', 'D82', 'D83', 'D84', 'D85', 'D86', 'D87', 'D89', 'D90', 'D92', 'D93', 'D95', 'D96', 'D97', 'D98']","['D10', 'D11', 'D12', 'D14', 'D15', 'D16', 'D17', 'D19', 'D2', 'D21', 'D23', 'D25', 'D26', 'D28', 'D29', 'D3', 'D30', 'D32', 'D33', 'D34', 'D35', 'D37', 'D38', 'D39', 'D4', 'D41', 'D43', 'D44', 'D45', 'D46', 'D47', 'D48', 'D5', 'D50', 'D52', 'D55', 'D58', 'D6', 'D60', 'D61', 'D62', 'D63', 'D64', 'D65', 'D66', 'D67', 'D68', 'D69', 'D70', 'D71', 'D72', 'D73', 'D76', 'D77', 'D78', 'D79', 'D8', 'D81', 'D82', 'D83', 'D84', 'D85', 'D86', 'D87', 'D89', 'D90', 'D92', 'D93', 'D95', 'D96', 'D97', 'D98']"
5,B84,['D99'],['D101'],"['D10', 'D11', 'D12', 'D14', 'D15', 'D16', 'D17', 'D19', 'D2', 'D21', 'D23', 'D25', 'D26', 'D28', 'D29', 'D3', 'D30', 'D32', 'D33', 'D34', 'D35', 'D37', 'D38', 'D39', 'D4', 'D41', 'D43', 'D44', 'D45', 'D46', 'D47', 'D48', 'D5', 'D50', 'D52', 'D55', 'D58', 'D6', 'D60', 'D61', 'D62', 'D63', 'D64', 'D65', 'D66', 'D67', 'D68', 'D69', 'D70', 'D71', 'D72', 'D73', 'D76', 'D77', 'D78', 'D79', 'D8', 'D81', 'D82', 'D83', 'D84', 'D85', 'D86', 'D87', 'D89', 'D90', 'D92', 'D93', 'D95', 'D96', 'D97']","['D10', 'D11', 'D12', 'D14', 'D15', 'D16', 'D17', 'D19', 'D2', 'D21', 'D23', 'D25', 'D26', 'D28', 'D29', 'D3', 'D30', 'D32', 'D33', 'D34', 'D35', 'D37', 'D38', 'D39', 'D4', 'D41', 'D43', 'D44', 'D45', 'D46', 'D47', 'D48', 'D5', 'D50', 'D52', 'D55', 'D58', 'D6', 'D60', 'D61', 'D62', 'D63', 'D64', 'D65', 'D66', 'D67', 'D68', 'D69', 'D70', 'D71', 'D72', 'D73', 'D76', 'D77', 'D78', 'D79', 'D8', 'D81', 'D82', 'D83', 'D84', 'D85', 'D86', 'D87', 'D89', 'D90', 'D92', 'D93', 'D95', 'D96', 'D97', 'D99']"
5,B85,[],[],"['D10', 'D100', 'D101', 'D11', 'D12', 'D14', 'D15', 'D16', 'D17', 'D19', 'D2', 'D21', 'D23', 'D25', 'D26', 'D28', 'D29', 'D3', 'D30', 'D32', 'D33', 'D34', 'D35', 'D37', 'D38', 'D39', 'D4', 'D41', 'D43', 'D44', 'D45', 'D46', 'D47', 'D48', 'D5', 'D50', 'D52', 'D55', 'D58', 'D6', 'D60', 'D61', 'D62', 'D63', 'D64', 'D65', 'D66', 'D67', 'D68', 'D69', 'D70', 'D71', 'D72', 'D73', 'D76', 'D77', 'D78', 'D79', 'D8', 'D81', 'D82', 'D83', 'D84', 'D85', 'D86', 'D87', 'D89', 'D90', 'D92', 'D93', 'D95', 'D96', 'D97', 'D99']","['D10', 'D100', 'D101', 'D11', 'D12', 'D14', 'D15', 'D16', 'D17', 'D19', 'D2', 'D21', 'D23', 'D25', 'D26', 'D28', 'D29', 'D3', 'D30', 'D32', 'D33', 'D34', 'D35', 'D37', 'D38', 'D39', 'D4', 'D41', 'D43', 'D44', 'D45', 'D46', 'D47', 'D48', 'D5', 'D50', 'D52', 'D55', 'D58', 'D6', 'D60', 'D61', 'D62', 'D63', 'D64', 'D65', 'D66', 'D67', 'D68', 'D69', 'D70', 'D71', 'D72', 'D73', 'D76', 'D77', 'D78', 'D79', 'D8', 'D81', 'D82', 'D83', 'D84', 'D85', 'D86', 'D87', 'D89', 'D90', 'D92', 'D93', 'D95', 'D96', 'D97', 'D99']"
5,B86,"['D100', 'D101']","['D104', 'D67', 'D68', 'D99']","['D10', 'D100', 'D101', 'D11', 'D12', 'D14', 'D15', 'D16', 'D17', 'D19', 'D2', 'D21', 'D23', 'D25', 'D26', 'D28', 'D29', 'D3', 'D30', 'D32', 'D33', 'D34', 'D35', 'D37', 'D38', 'D39', 'D4', 'D41', 'D43', 'D44', 'D45', 'D46', 'D47', 'D48', 'D5', 'D50', 'D52', 'D55', 'D58', 'D6', 'D60', 'D61', 'D62', 'D63', 'D64', 'D65', 'D66', 'D67', 'D68', 'D69', 'D70', 'D71', 'D72', 'D73', 'D76', 'D77', 'D78', 'D79', 'D8', 'D81', 'D82', 'D83', 'D84', 'D85', 'D86', 'D87', 'D89', 'D90', 'D92', 'D93', 'D95', 'D96', 'D97', 'D99']","['D10', 'D100', 'D101', 'D11', 'D12', 'D14', 'D15', 'D16', 'D17', 'D19', 'D2', 'D21', 'D23', 'D25', 'D26', 'D28', 'D29', 'D3', 'D30', 'D32', 'D33', 'D34', 'D35', 'D37', 'D38', 'D39', 'D4', 'D41', 'D43', 'D44', 'D45', 'D46', 'D47', 'D48', 'D5', 'D50', 'D52', 'D55', 'D58', 'D6', 'D60', 'D61', 'D62', 'D63', 'D64', 'D65', 'D66', 'D69', 'D70', 'D71', 'D72', 'D73', 'D76', 'D77', 'D78', 'D79', 'D8', 'D81', 'D82', 'D83', 'D84', 'D85', 'D86', 'D87', 'D89', 'D90', 'D92', 'D93', 'D95', 'D96', 'D97']"
5,B87,"['D102', 'D103']","['D105', 'D15']","['D10', 'D100', 'D101', 'D11', 'D12', 'D14', 'D15', 'D16', 'D17', 'D19', 'D2', 'D21', 'D23', 'D25', 'D26', 'D28', 'D29', 'D3', 'D30', 'D32', 'D33', 'D34', 'D35', 'D37', 'D38', 'D39', 'D4', 'D41', 'D43', 'D44', 'D45', 'D46', 'D47', 'D48', 'D5', 'D50', 'D52', 'D55', 'D58', 'D6', 'D60', 'D61', 'D62', 'D63', 'D64', 'D65', 'D66', 'D67', 'D68', 'D69', 'D70', 'D71', 'D72', 'D73', 'D76', 'D77', 'D78', 'D79', 'D8', 'D81', 'D82', 'D83', 'D84', 'D85', 'D86', 'D87', 'D89', 'D90', 'D92', 'D93', 'D95', 'D96', 'D97', 'D99']","['D10', 'D100', 'D101', 'D102', 'D103', 'D11', 'D12', 'D14', 'D16', 'D17', 'D19', 'D2', 'D21', 'D23', 'D25', 'D26', 'D28', 'D29', 'D3', 'D30', 'D32', 'D33', 'D34', 'D35', 'D37', 'D38', 'D39', 'D4', 'D41', 'D43', 'D44', 'D45', 'D46', 'D47', 'D48', 'D5', 'D50', 'D52', 'D55', 'D58', 'D6', 'D60', 'D61', 'D62', 'D63', 'D64', 'D65', 'D66', 'D67', 'D68', 'D69', 'D70', 'D71', 'D72', 'D73', 'D76', 'D77', 'D78', 'D79', 'D8', 'D81', 'D82', 'D83', 'D84', 'D85', 'D86', 'D87', 'D89', 'D90', 'D92', 'D93', 'D95', 'D96', 'D97', 'D99']"
5,B88,[],[],"['D10', 'D100', 'D101', 'D102', 'D103', 'D104', 'D105', 'D11', 'D12', 'D14', 'D16', 'D17', 'D19', 'D2', 'D21', 'D23', 'D25', 'D26', 'D28', 'D29', 'D3', 'D30', 'D32', 'D33', 'D34', 'D35', 'D37', 'D38', 'D39', 'D4', 'D41', 'D43', 'D44', 'D45', 'D46', 'D47', 'D48', 'D5', 'D50', 'D52', 'D55', 'D58', 'D6', 'D60', 'D61', 'D62', 'D63', 'D64', 'D65', 'D66', 'D67', 'D68', 'D69', 'D70', 'D71', 'D72', 'D73', 'D76', 'D77', 'D78', 'D79', 'D8', 'D81', 'D82', 'D83', 'D84', 'D85', 'D86', 'D87', 'D89', 'D90', 'D92', 'D93', 'D95', 'D96', 'D97', 'D99']","['D10', 'D100', 'D101', 'D102', 'D103', 'D104', 'D105', 'D11', 'D12', 'D14', 'D16', 'D17', 'D19', 'D2', 'D21', 'D23', 'D25', 'D26', 'D28', 'D29', 'D3', 'D30', 'D32', 'D33', 'D34', 'D35', 'D37', 'D38', 'D39', 'D4', 'D41', 'D43', 'D44', 'D45', 'D46', 'D47', 'D48', 'D5', 'D50', 'D52', 'D55', 'D58', 'D6', 'D60', 'D61', 'D62', 'D63', 'D64', 'D65', 'D66', 'D67', 'D68', 'D69', 'D70', 'D71', 'D72', 'D73', 'D76', 'D77', 'D78', 'D79', 'D8', 'D81', 'D82', 'D83', 'D84', 'D85', 'D86', 'D87', 'D89', 'D90', 'D92', 'D93', 'D95', 'D96', 'D97', 'D99']"
5,B89,"['D104', 'D105']","['D100', 'D102', 'D67', 'D68']","['D10', 'D100', 'D101', 'D102', 'D103', 'D104', 'D105', 'D11', 'D12', 'D14', 'D16', 'D17', 'D19', 'D2', 'D21', 'D23', 'D25', 'D26', 'D28', 'D29', 'D3', 'D30', 'D32', 'D33', 'D34', 'D35', 'D37', 'D38', 'D39', 'D4', 'D41', 'D43', 'D44', 'D45', 'D46', 'D47', 'D48', 'D5', 'D50', 'D52', 'D55', 'D58', 'D6', 'D60', 'D61', 'D62', 'D63', 'D64', 'D65', 'D66', 'D67', 'D68', 'D69', 'D70', 'D71', 'D72', 'D73', 'D76', 'D77', 'D78', 'D79', 'D8', 'D81', 'D82', 'D83', 'D84', 'D85', 'D86', 'D87', 'D89', 'D90', 'D92', 'D93', 'D95', 'D96', 'D97', 'D99']","['D10', 'D101', 'D103', 'D104', 'D105', 'D11', 'D12', 'D14', 'D16', 'D17', 'D19', 'D2', 'D21', 'D23', 'D25', 'D26', 'D28', 'D29', 'D3', 'D30', 'D32', 'D33', 'D34', 'D35', 'D37', 'D38', 'D39', 'D4', 'D41', 'D43', 'D44', 'D45', 'D46', 'D47', 'D48', 'D5', 'D50', 'D52', 'D55', 'D58', 'D6', 'D60', 'D61', 'D62', 'D63', 'D64', 'D65', 'D66', 'D69', 'D70', 'D71', 'D72', 'D73', 'D76', 'D77', 'D78', 'D79', 'D8', 'D81', 'D82', 'D83', 'D84', 'D85', 'D86', 'D87', 'D89', 'D90', 'D92', 'D93', 'D95', 'D96', 'D97', 'D99']"
5,B90,[],[],"['D10', 'D100', 'D101', 'D102', 'D103', 'D104', 'D105', 'D11', 'D12', 'D14', 'D16', 'D17', 'D19', 'D2', 'D21', 'D23', 'D25', 'D26', 'D28', 'D29', 'D3', 'D30', 'D32', 'D33', 'D34', 'D35', 'D37', 'D38', 'D39', 'D4', 'D41', 'D43', 'D44', 'D45', 'D46', 'D47', 'D48', 'D5', 'D50', 'D52', 'D55', 'D58', 'D6', 'D60', 'D61', 'D62', 'D63', 'D64', 'D65', 'D66', 'D67', 'D68', 'D69', 'D70', 'D71', 'D72', 'D73', 'D76', 'D77', 'D78', 'D79', 'D8', 'D81', 'D82', 'D83', 'D84', 'D85', 'D86', 'D87', 'D89', 'D90', 'D92', 'D93', 'D95', 'D96', 'D97', 'D99']","['D10', 'D100', 'D101', 'D102', 'D103', 'D104', 'D105', 'D11', 'D12', 'D14', 'D16', 'D17', 'D19', 'D2', 'D21', 'D23', 'D25', 'D26', 'D28', 'D29', 'D3', 'D30', 'D32', 'D33', 'D34', 'D35', 'D37', 'D38', 'D39', 'D4', 'D41', 'D43', 'D44', 'D45', 'D46', 'D47', 'D48', 'D5', 'D50', 'D52', 'D55', 'D58', 'D6', 'D60', 'D61', 'D62', 'D63', 'D64', 'D65', 'D66', 'D67', 'D68', 'D69', 'D70', 'D71', 'D72', 'D73', 'D76', 'D77', 'D78', 'D79', 'D8', 'D81', 'D82', 'D83', 'D84', 'D85', 'D86', 'D87', 'D89', 'D90', 'D92', 'D93', 'D95', 'D96', 'D97', 'D99']"
6,B0,"['D1', 'D2', 'D3', 'D4', 'D5', 'D6', 'D7']","['D10', 'D89', 'D9', 'D92']",[],"['D1', 'D2', 'D3', 'D4', 'D5', 'D6', 'D7']"
6,B1,[],[],"['D1', 'D2', 'D3', 'D4', 'D5', 'D6', 'D7', 'D8', 'D9']","['D1', 'D2', 'D3', 'D4', 'D5', 'D6', 'D7', 'D8', 'D9']"
6,B2,"['D8', 'D9']","['D10', 'D39', 'D47', 'D53', 'D61', 'D7']","['D1', 'D2', 'D3', 'D4', 'D5', 'D6', 'D7', 'D8', 'D9']","['D1', 'D2', 'D3', 'D4', 'D5', 'D6', 'D8', 'D9']"
6,B3,['D10'],"['D7', 'D9']","['D1', 'D2', 'D3', 'D4', 'D5', 'D6', 'D7', 'D8', 'D9']","['D1', 'D10', 'D2', 'D3', 'D4', 'D5', 'D6', 'D8']"
6,B4,[],[],"['D1', 'D10', 'D11', 'D12', 'D13', 'D2', 'D3', 'D4', 'D5', 'D6', 'D8']","['D1', 'D10', 'D11', 'D12', 'D13', 'D2', 'D3', 'D4', 'D5', 'D6', 'D8']"
6,B5,"['D11', 'D12', 'D13']","['D14', 'D16', 'D17']","['D1', 'D10', 'D11', 'D12', 'D13', 'D2', 'D3', 'D4', 'D5', 'D6', 'D8']","['D1', 'D10', 'D11', 'D12', 'D13', 'D2', 'D3', 'D4', 'D5', 'D6', 'D8']"
6,B6,['D14'],['D13'],"['D1', 'D10', 'D11', 'D12', 'D13', 'D2', 'D3', 'D4', 'D5', 'D6', 'D8']","['D1', 'D10', 'D11', 'D12', 'D14', 'D2', 'D3', 'D4', 'D5', 'D6', 'D8']"
6,B7,[],[],"['D1', 'D10', 'D11', 'D12', 'D14', 'D15', 'D16', 'D17', 'D18', 'D2', 'D3', 'D4', 'D5', 'D6', 'D8']","['D1', 'D10', 'D11', 'D12', 'D14', 'D15', 'D16', 'D17', 'D18', 'D2', 'D3', 'D4', 'D5', 'D6', 'D8']"
6,B8,"['D15', 'D16', 'D17', 'D18']","['D103', 'D11', 'D12', 'D19']","['D1', 'D10', 'D11', 'D12', 'D14', 'D15', 'D16', 'D17', 'D18', 'D2', 'D3', 'D4', 'D5', 'D6', 'D8']","['D1', 'D10', 'D14', 'D15', 'D16', 'D17', 'D18', 'D2', 'D3', 'D4', 'D5', 'D6', 'D8']"
6,B9,"['D19', 'D20']","['D18', 'D22', 'D23']","['D1', 'D10', 'D11', 'D12', 'D14', 'D15', 'D16', 'D17', 'D18', 'D2', 'D3', 'D4', 'D5', 'D6', 'D8']","['D1', 'D10', 'D11', 'D12', 'D14', 'D15', 'D16', 'D17', 'D19', 'D2', 'D20', 'D3', 'D4', 'D5', 'D6', 'D8']"
6,B10,[],[],"['D1', 'D10', 'D11', 'D12', 'D14', 'D15', 'D16', 'D17', 'D19', 'D2', 'D20', 'D21', 'D22', 'D3', 'D4', 'D5', 'D6', 'D8']","['D1', 'D10', 'D11', 'D12', 'D14', 'D15', 'D16', 'D17', 'D19', 'D2', 'D20', 'D21', 'D22', 'D3', 'D4', 'D5', 'D6', 'D8']"
6,B11,"['D21', 'D22']","['D20', 'D23']","['D1', 'D10', 'D11', 'D12', 'D14', 'D15', 'D16', 'D17', 'D19', 'D2', 'D20', 'D21', 'D22', 'D3', 'D4', 'D5', 'D6', 'D8']","['D1', 'D10', 'D11', 'D12', 'D14', 'D15', 'D16', 'D17', 'D19', 'D2', 'D21', 'D22', 'D3', 'D4', 'D5', 'D6', 'D8']"
6,B12,"['D23', 'D24', 'D25']","['D20', 'D22', 'D27', 'D28']","['D1', 'D10', 'D11', 'D12', 'D14', 'D15', 'D16', 'D17', 'D19', 'D2', 'D20', 'D21', 'D22', 'D3', 'D4', 'D5', 'D6', 'D8']","['D1', 'D10', 'D11', 'D12', 'D14', 'D15', 'D16', 'D17', 'D19', 'D2', 'D21', 'D23', 'D24', 'D25', 'D3', 'D4', 'D5', 'D6', 'D8']"
6,B13,[],[],"['D1', 'D10', 'D11', 'D12', 'D14', 'D15', 'D16', 'D17', 'D19', 'D2', 'D21', 'D23', 'D24', 'D25', 'D26', 'D27', 'D3', 'D4', 'D5', 'D6', 'D8']","['D1', 'D10', 'D11', 'D12', 'D14', 'D15', 'D16', 'D17', 'D19', 'D2', 'D21', 'D23', 'D24', 'D25', 'D26', 'D27', 'D3', 'D4', 'D5', 'D6', 'D8']"
6,B14,"['D26', 'D27']","['D24', 'D28', 'D90']","['D1', 'D10', 'D11', 'D12', 'D14', 'D15', 'D16', 'D17', 'D19', 'D2', 'D21', 'D23', 'D24', 'D25', 'D26', 'D27', 'D3', 'D4', 'D5', 'D6', 'D8']","['D1', 'D10', 'D11', 'D12', 'D14', 'D15', 'D16', 'D17', 'D19', 'D2', 'D21', 'D23', 'D25', 'D26', 'D27', 'D3', 'D4', 'D5', 'D6', 'D8']"
6,B15,"['D28', 'D29']","['D24', 'D27', 'D34', 'D35']","['D1', 'D10', 'D11', 'D12', 'D14', 'D15', 'D16', 'D17', 'D19', 'D2', 'D21', 'D23', 'D24', 'D25', 'D26', 'D27', 'D3', 'D4', 'D5', 'D6', 'D8']","['D1', 'D10', 'D11', 'D12', 'D14', 'D15', 'D16', 'D17', 'D19', 'D2', 'D21', 'D23', 'D25', 'D26', 'D28', 'D29', 'D3', 'D4', 'D5', 'D6', 'D8']"
6,B16,[],[],"['D1', 'D10', 'D11', 'D12', 'D14', 'D15', 'D16', 'D17', 'D19', 'D2', 'D21', 'D23', 'D25', 'D26', 'D28', 'D29', 'D3', 'D30', 'D31', 'D32', 'D33', 'D34', 'D4', 'D5', 'D6', 'D8']","['D1', 'D10', 'D11', 'D12', 'D14', 'D15', 'D16', 'D17', 'D19', 'D2', 'D21', 'D23', 'D25', 'D26', 'D28', 'D29', 'D3', 'D30', 'D31', 'D32', 'D33', 'D34', 'D4', 'D5', 'D6', 'D8']"
6,B17,"['D30', 'D31', 'D32']","['D33', 'D38']","['D1', 'D10', 'D11', 'D12', 'D14', 'D15', 'D16', 'D17', 'D19', 'D2', 'D21', 'D23', 'D25', 'D26', 'D28', 'D29', 'D3', 'D30', 'D31', 'D32', 'D33', 'D34', 'D4', 'D5', 'D6', 'D8']","['D1', 'D10', 'D11', 'D12', 'D14', 'D15', 'D16', 'D17', 'D19', 'D2', 'D21', 'D23', 'D25', 'D26', 'D28', 'D29', 'D3', 'D30', 'D31', 'D32', 'D34', 'D4', 'D5', 'D6', 'D8']"
6,B18,[],[],"['D1', 'D10', 'D11', 'D12', 'D14', 'D15', 'D16', 'D17', 'D19', 'D2', 'D21', 'D23', 'D25', 'D26', 'D28', 'D29', 'D3', 'D30', 'D31', 'D32', 'D33', 'D34', 'D4', 'D5', 'D6', 'D8']","['D1', 'D10', 'D11', 'D12', 'D14', 'D15', 'D16', 'D17', 'D19', 'D2', 'D21', 'D23', 'D25', 'D26', 'D28', 'D29', 'D3', 'D30', 'D31', 'D32', 'D33', 'D34', 'D4', 'D5', 'D6', 'D8']"
6,B19,['D33'],['D32'],"['D1', 'D10', 'D11', 'D12', 'D14', 'D15', 'D16', 'D17', 'D19', 'D2', 'D21', 'D23', 'D25', 'D26', 'D28', 'D29', 'D3', 'D30', 'D31', 'D32', 'D33', 'D34', 'D4', 'D5', 'D6', 'D8']","['D1', 'D10', 'D11', 'D12', 'D14', 'D15', 'D16', 'D17', 'D19', 'D2', 'D21', 'D23', 'D25', 'D26', 'D28', 'D29', 'D3', 'D30', 'D31', 'D33', 'D34', 'D4', 'D5', 'D6', 'D8']"
6,B20,['D34'],"['D29', 'D35']","['D1', 'D10', 'D11', 'D12', 'D14', 'D15', 'D16', 'D17', 'D19', 'D2', 'D21', 'D23', 'D25', 'D26', 'D28', 'D29', 'D3', 'D30', 'D31', 'D32', 'D33', 'D34', 'D4', 'D5', 'D6', 'D8']","['D1', 'D10', 'D11', 'D12', 'D14', 'D15', 'D16', 'D17', 'D19', 'D2', 'D21', 'D23', 'D25', 'D26', 'D28', 'D3', 'D30', 'D31', 'D32', 'D33', 'D34', 'D4', 'D5', 'D6', 'D8']"
6,B21,[],[],"['D1', 'D10', 'D11', 'D12', 'D14', 'D15', 'D16', 'D17', 'D19', 'D2', 'D21', 'D23', 'D25', 'D26', 'D28', 'D29', 'D3', 'D30', 'D31', 'D32', 'D33', 'D34', 'D35', 'D4', 'D5', 'D6', 'D8']","['D1', 'D10', 'D11', 'D12', 'D14', 'D15', 'D16', 'D17', 'D19', 'D2', 'D21', 'D23', 'D25', 'D26', 'D28', 'D29', 'D3', 'D30', 'D31', 'D32', 'D33', 'D34', 'D35', 'D4', 'D5', 'D6', 'D8']"
6,B22,[],[],"['D1', 'D10', 'D11', 'D12', 'D14', 'D15', 'D16', 'D17', 'D19', 'D2', 'D21', 'D23', 'D25', 'D26', 'D28', 'D29', 'D3', 'D30', 'D31', 'D32', 'D33', 'D34', 'D35', 'D4', 'D5', 'D6', 'D8']","['D1', 'D10', 'D11', 'D12', 'D14', 'D15', 'D16', 'D17', 'D19', 'D2', 'D21', 'D23', 'D25', 'D26', 'D28', 'D29', 'D3', 'D30', 'D31', 'D32', 'D33', 'D34', 'D35', 'D4', 'D5', 'D6', 'D8']"
6,B23,['D35'],"['D29', 'D34']","['D1', 'D10', 'D11', 'D12', 'D14', 'D15', 'D16', 'D17', 'D19', 'D2', 'D21', 'D23', 'D25', 'D26', 'D28', 'D29', 'D3', 'D30', 'D31', 'D32', 'D33', 'D34', 'D35', 'D4', 'D5', 'D6', 'D8']","['D1', 'D10', 'D11', 'D12', 'D14', 'D15', 'D16', 'D17', 'D19', 'D2', 'D21', 'D23', 'D25', 'D26', 'D28', 'D3', 'D30', 'D31', 'D32', 'D33', 'D35', 'D4', 'D5', 'D6', 'D8']"
6,B24,[],[],"['D1', 'D10', 'D11', 'D12', 'D14', 'D15', 'D16', 'D17', 'D19', 'D2', 'D21', 'D23', 'D25', 'D26', 'D28', 'D29', 'D3', 'D30', 'D31', 'D32', 'D33', 'D34', 'D35', 'D4', 'D5', 'D6', 'D8']","['D1', 'D10', 'D11', 'D12', 'D14', 'D15', 'D16', 'D17', 'D19', 'D2', 'D21', 'D23', 'D25', 'D26', 'D28', 'D29', 'D3', 'D30', 'D31', 'D32', 'D33', 'D34', 'D35', 'D4', 'D5', 'D6', 'D8']"
6,B25,"['D36', 'D37', 'D38']","['D31', 'D40', 'D41']","['D1', 'D10', 'D11', 'D12', 'D14', 'D15', 'D16', 'D17', 'D19', 'D2', 'D21', 'D23', 'D25', 'D26', 'D28', 'D29', 'D3', 'D30', 'D31', 'D32', 'D33', 'D34', 'D35', 'D4', 'D5', 'D6', 'D8']","['D1', 'D10', 'D11', 'D12', 'D14', 'D15', 'D16', 'D17', 'D19', 'D2', 'D21', 'D23', 'D25', 'D26', 'D28', 'D29', 'D3', 'D30', 'D32', 'D33', 'D34', 'D35', 'D36', 'D37', 'D38', 'D4', 'D5', 'D6', 'D8']"
6,B26,[],[],"['D1', 'D10', 'D11', 'D12', 'D14', 'D15', 'D16', 'D17', 'D19', 'D2', 'D21', 'D23', 'D25', 'D26', 'D28', 'D29', 'D3', 'D30', 'D32', 'D33', 'D34', 'D35', 'D36', 'D37', 'D38', 'D39', 'D4', 'D40', 'D5', 'D6', 'D8']","['D1', 'D10', 'D11', 'D12', 'D14', 'D15', 'D16', 'D17', 'D19', 'D2', 'D21', 'D23', 'D25', 'D26', 'D28', 'D29', 'D3', 'D30', 'D32', 'D33', 'D34', 'D35', 'D36', 'D37', 'D38', 'D39', 'D4', 'D40', 'D5', 'D6', 'D8']"
6,B27,"['D39', 'D40']","['D36', 'D41', 'D47', 'D53', 'D61', 'D8']","['D1', 'D10', 'D11', 'D12', 'D14', 'D15', 'D16', 'D17', 'D19', 'D2', 'D21', 'D23', 'D25', 'D26', 'D28', 'D29', 'D3', 'D30', 'D32', 'D33', 'D34', 'D35', 'D36', 'D37', 'D38', 'D39', 'D4', 'D40', 'D5', 'D6', 'D8']","['D1', 'D10', 'D11', 'D12', 'D14', 'D15', 'D16', 'D17', 'D19', 'D2', 'D21', 'D23', 'D25', 'D26', 'D28', 'D29', 'D3', 'D30', 'D32', 'D33', 'D34', 'D35', 'D37', 'D38', 'D39', 'D4', 'D40', 'D5', 'D6']"
6,B28,"['D41', 'D42', 'D43', 'D44', 'D45', 'D46']","['D36', 'D40', 'D49', 'D50']","['D1', 'D10', 'D11', 'D12', 'D14', 'D15', 'D16', 'D17', 'D19', 'D2', 'D21', 'D23', 'D25', 'D26', 'D28', 'D29', 'D3', 'D30', 'D32', 'D33', 'D34', 'D35', 'D36', 'D37', 'D38', 'D39', 'D4', 'D40', 'D5', 'D6', 'D8']","['D1', 'D10', 'D11', 'D12', 'D14', 'D15', 'D16', 'D17', 'D19', 'D2', 'D21', 'D23', 'D25', 'D26', 'D28', 'D29', 'D3', 'D30', 'D32', 'D33', 'D34', 'D35', 'D37', 'D38', 'D39', 'D4', 'D41', 'D42', 'D43', 'D44', 'D45', 'D46', 'D5', 'D6', 'D8']"
6,B29,[],[],"['D1', 'D10', 'D11', 'D12', 'D14', 'D15', 'D16', 'D17', 'D19', 'D2', 'D21', 'D23', 'D25', 'D26', 'D28', 'D29', 'D3', 'D30', 'D32', 'D33', 'D34', 'D35', 'D37', 'D38', 'D39', 'D4', 'D41', 'D42', 'D43', 'D44', 'D45', 'D46', 'D47', 'D48', 'D49', 'D5', 'D6', 'D8']","['D1', 'D10', 'D11', 'D12', 'D14', 'D15', 'D16', 'D17', 'D19', 'D2', 'D21', 'D23', 'D25', 'D26', 'D28', 'D29', 'D3', 'D30', 'D32', 'D33', 'D34', 'D35', 'D37', 'D38', 'D39', 'D4', 'D41', 'D42', 'D43', 'D44', 'D45', 'D46', 'D47', 'D48', 'D49', 'D5', 'D6', 'D8']"
6,B30,[],[],"['D1', 'D10', 'D11', 'D12', 'D14', 'D15', 'D16', 'D17', 'D19', 'D2', 'D21', 'D23', 'D25', 'D26', 'D28', 'D29', 'D3', 'D30', 'D32', 'D33', 'D34', 'D35', 'D37', 'D38', 'D39', 'D4', 'D41', 'D42', 'D43', 'D44', 'D45', 'D46', 'D47', 'D48', 'D49', 'D5', 'D6', 'D8']","['D1', 'D10', 'D11', 'D12', 'D14', 'D15', 'D16', 'D17', 'D19', 'D2', 'D21', 'D23', 'D25', 'D26', 'D28', 'D29', 'D3', 'D30', 'D32', 'D33', 'D34', 'D35', 'D37', 'D38', 'D39', 'D4', 'D41', 'D42', 'D43', 'D44', 'D45', 'D46', 'D47', 'D48', 'D49', 'D5', 'D6', 'D8']"
6,B31,"['D47', 'D48', 'D49']","['D39', 'D42', 'D50', 'D53', 'D54', 'D61', 'D62', 'D8']","['D1', 'D10', 'D11', 'D12', 'D14', 'D15', 'D16', 'D17', 'D19', 'D2', 'D21', 'D23', 'D25', 'D26', 'D28', 'D29', 'D3', 'D30', 'D32', 'D33', 'D34', 'D35', 'D37', 'D38', 'D39', 'D4', 'D41', 'D42', 'D43', 'D44', 'D45', 'D46', 'D47', 'D48', 'D49', 'D5', 'D6', 'D8']","['D1', 'D10', 'D11', 'D12', 'D14', 'D15', 'D16', 'D17', 'D19', 'D2', 'D21', 'D23', 'D25', 'D26', 'D28', 'D29', 'D3', 'D30', 'D32', 'D33', 'D34', 'D35', 'D37', 'D38', 'D4', 'D41', 'D43', 'D44', 'D45', 'D46', 'D47', 'D48', 'D49', 'D5', 'D6']"
6,B32,[],[],"['D1', 'D10', 'D11', 'D12', 'D14', 'D15', 'D16', 'D17', 'D19', 'D2', 'D21', 'D23', 'D25', 'D26', 'D28', 'D29', 'D3', 'D30', 'D32', 'D33', 'D34', 'D35', 'D37', 'D38', 'D39', 'D4', 'D41', 'D42', 'D43', 'D44', 'D45', 'D46', 'D47', 'D48', 'D49', 'D5', 'D6', 'D8']","['D1', 'D10', 'D11', 'D12', 'D14', 'D15', 'D16', 'D17', 'D19', 'D2', 'D21', 'D23', 'D25', 'D26', 'D28', 'D29', 'D3', 'D30', 'D32', 'D33', 'D34', 'D35', 'D37', 'D38', 'D39', 'D4', 'D41', 'D42', 'D43', 'D44', 'D45', 'D46', 'D47', 'D48', 'D49', 'D5', 'D6', 'D8']"
6,B33,"['D50', 'D51', 'D52']","['D42', 'D49', 'D56', 'D57', 'D58']","['D1', 'D10', 'D11', 'D12', 'D14', 'D15', 'D16', 'D17', 'D19', 'D2', 'D21', 'D23', 'D25', 'D26', 'D28', 'D29', 'D3', 'D30', 'D32', 'D33', 'D34', 'D35', 'D37', 'D38', 'D39', 'D4', 'D41', 'D42', 'D43', 'D44', 'D45', 'D46', 'D47', 'D48', 'D49', 'D5', 'D6', 'D8']","['D1', 'D10', 'D11', 'D12', 'D14', 'D15', 'D16', 'D17', 'D19', 'D2', 'D21', 'D23', 'D25', 'D26', 'D28', 'D29', 'D3', 'D30', 'D32', 'D33', 'D34', 'D35', 'D37', 'D38', 'D39', 'D4', 'D41', 'D43', 'D44', 'D45', 'D46', 'D47', 'D48', 'D5', 'D50', 'D51', 'D52', 'D6', 'D8']"
6,B34,[],[],"['D1', 'D10', 'D11', 'D12', 'D14', 'D15', 'D16', 'D17', 'D19', 'D2', 'D21', 'D23', 'D25', 'D26', 'D28', 'D29', 'D3', 'D30', 'D32', 'D33', 'D34', 'D35', 'D37', 'D38', 'D39', 'D4', 'D41', 'D43', 'D44', 'D45', 'D46', 'D47', 'D48', 'D5', 'D50', 'D51', 'D52', 'D55', 'D56', 'D6', 'D61', 'D62', 'D8']","['D1', 'D10', 'D11', 'D12', 'D14', 'D15', 'D16', 'D17', 'D19', 'D2', 'D21', 'D23', 'D25', 'D26', 'D28', 'D29', 'D3', 'D30', 'D32', 'D33', 'D34', 'D35', 'D37', 'D38', 'D39', 'D4', 'D41', 'D43', 'D44', 'D45', 'D46', 'D47', 'D48', 'D5', 'D50', 'D51', 'D52', 'D55', 'D56', 'D6', 'D61', 'D62', 'D8']"
6,B35,"['D55', 'D61', 'D62']","['D39', 'D47', 'D48', 'D53', 'D54', 'D8']","['D1', 'D10', 'D11', 'D12', 'D14', 'D15', 'D16', 'D17', 'D19', 'D2', 'D21', 'D23', 'D25', 'D26', 'D28', 'D29', 'D3', 'D30', 'D32', 'D33', 'D34', 'D35', 'D37', 'D38', 'D39', 'D4', 'D41', 'D43', 'D44', 'D45', 'D46', 'D47', 'D48', 'D5', 'D50', 'D51', 'D52', 'D55', 'D56', 'D6', 'D61', 'D62', 'D8']","['D1', 'D10', 'D11', 'D12', 'D14', 'D15', 'D16', 'D17', 'D19', 'D2', 'D21', 'D23', 'D25', 'D26', 'D28', 'D29', 'D3', 'D30', 'D32', 'D33', 'D34', 'D35', 'D37', 'D38', 'D4', 'D41', 'D43', 'D44', 'D45', 'D46', 'D5', 'D50', 'D51', 'D52', 'D55', 'D56', 'D6', 'D61', 'D62']"
6,B36,[],[],"['D1', 'D10', 'D11', 'D12', 'D14', 'D15', 'D16', 'D17', 'D19', 'D2', 'D21', 'D23', 'D25', 'D26', 'D28', 'D29', 'D3', 'D30', 'D32', 'D33', 'D34', 'D35', 'D37', 'D38', 'D4', 'D41', 'D43', 'D44', 'D45', 'D46', 'D5', 'D50', 'D51', 'D52', 'D55', 'D56', 'D6', 'D61', 'D62']","['D1', 'D10', 'D11', 'D12', 'D14', 'D15', 'D16', 'D17', 'D19', 'D2', 'D21', 'D23', 'D25', 'D26', 'D28', 'D29', 'D3', 'D30', 'D32', 'D33', 'D34', 'D35', 'D37', 'D38', 'D4', 'D41', 'D43', 'D44', 'D45', 'D46', 'D5', 'D50', 'D51', 'D52', 'D55', 'D56', 'D6', 'D61', 'D62']"
6,B37,['D56'],"['D51', 'D57', 'D58']","['D1', 'D10', 'D11', 'D12', 'D14', 'D15', 'D16', 'D17', 'D19', 'D2', 'D21', 'D23', 'D25', 'D26', 'D28', 'D29', 'D3', 'D30', 'D32', 'D33', 'D34', 'D35', 'D37', 'D38', 'D4', 'D41', 'D43', 'D44', 'D45', 'D46', 'D5', 'D50', 'D51', 'D52', 'D55', 'D56', 'D6', 'D61', 'D62']","['D1', 'D10', 'D11', 'D12', 'D14', 'D15', 'D16', 'D17', 'D19', 'D2', 'D21', 'D23', 'D25', 'D26', 'D28', 'D29', 'D3', 'D30', 'D32', 'D33', 'D34', 'D35', 'D37', 'D38', 'D4', 'D41', 'D43', 'D44', 'D45', 'D46', 'D5', 'D50', 'D52', 'D55', 'D56', 'D6', 'D61', 'D62']"
6,B38,[],[],"['D1', 'D10', 'D11', 'D12', 'D14', 'D15', 'D16', 'D17', 'D19', 'D2', 'D21', 'D23', 'D25', 'D26', 'D28', 'D29', 'D3', 'D30', 'D32', 'D33', 'D34', 'D35', 'D37', 'D38', 'D4', 'D41', 'D43', 'D44', 'D45', 'D46', 'D5', 'D50', 'D51', 'D52', 'D55', 'D56', 'D6', 'D61', 'D62']","['D1', 'D10', 'D11', 'D12', 'D14', 'D15', 'D16', 'D17', 'D19', 'D2', 'D21', 'D23', 'D25', 'D26', 'D28', 'D29', 'D3', 'D30', 'D32', 'D33', 'D34', 'D35', 'D37', 'D38', 'D4', 'D41', 'D43', 'D44', 'D45', 'D46', 'D5', 'D50', 'D51', 'D52', 'D55', 'D56', 'D6', 'D61', 'D62']"
6,B39,"['D58', 'D59', 'D60']","['D51', 'D56', 'D57', 'D63', 'D64']","['D1', 'D10', 'D11', 'D12', 'D14', 'D15', 'D16', 'D17', 'D19', 'D2', 'D21', 'D23', 'D25', 'D26', 'D28', 'D29', 'D3', 'D30', 'D32', 'D33', 'D34', 'D35', 'D37', 'D38', 'D39', 'D4', 'D41', 'D43', 'D44', 'D45', 'D46', 'D47', 'D48', 'D5', 'D50', 'D51', 'D52', 'D55', 'D56', 'D6', 'D61', 'D62', 'D8']","['D1', 'D10', 'D11', 'D12', 'D14', 'D15', 'D16', 'D17', 'D19', 'D2', 'D21', 'D23', 'D25', 'D26', 'D28', 'D29', 'D3', 'D30', 'D32', 'D33', 'D34', 'D35', 'D37', 'D38', 'D39', 'D4', 'D41', 'D43', 'D44', 'D45', 'D46', 'D47', 'D48', 'D5', 'D50', 'D52', 'D55', 'D58', 'D59', 'D6', 'D60', 'D61', 'D62', 'D8']"
6,B40,[],[],"['D1', 'D10', 'D11', 'D12', 'D14', 'D15', 'D16', 'D17', 'D19', 'D2', 'D21', 'D23', 'D25', 'D26', 'D28', 'D29', 'D3', 'D30', 'D32', 'D33', 'D34', 'D35', 'D37', 'D38', 'D39', 'D4', 'D41', 'D43', 'D44', 'D45', 'D46', 'D47', 'D48', 'D5', 'D50', 'D52', 'D55', 'D58', 'D59', 'D6', 'D60', 'D61', 'D62', 'D63', 'D8']","['D1', 'D10', 'D11', 'D12', 'D14', 'D15', 'D16', 'D17', 'D19', 'D2', 'D21', 'D23', 'D25', 'D26', 'D28', 'D29', 'D3', 'D30', 'D32', 'D33', 'D34', 'D35', 'D37', 'D38', 'D39', 'D4', 'D41', 'D43', 'D44', 'D45', 'D46', 'D47', 'D48', 'D5', 'D50', 'D52', 'D55', 'D58', 'D59', 'D6', 'D60', 'D61', 'D62', 'D63', 'D8']"
6,B41,"['D61', 'D62']","['D39', 'D47', 'D48', 'D53', 'D54', 'D8']","['D1', 'D10', 'D11', 'D12', 'D14', 'D15', 'D16', 'D17', 'D19', 'D2', 'D21', 'D23', 'D25', 'D26', 'D28', 'D29', 'D3', 'D30', 'D32', 'D33', 'D34', 'D35', 'D37', 'D38', 'D39', 'D4', 'D41', 'D43', 'D44', 'D45', 'D46', 'D47', 'D48', 'D5', 'D50', 'D52', 'D55', 'D58', 'D59', 'D6', 'D60', 'D61', 'D62', 'D63', 'D8']","['D1', 'D10', 'D11', 'D12', 'D14', 'D15', 'D16', 'D17', 'D19', 'D2', 'D21', 'D23', 'D25', 'D26', 'D28', 'D29', 'D3', 'D30', 'D32', 'D33', 'D34', 'D35', 'D37', 'D38', 'D4', 'D41', 'D43', 'D44', 'D45', 'D46', 'D5', 'D50', 'D52', 'D55', 'D58', 'D59', 'D6', 'D60', 'D61', 'D62', 'D63']"
6,B42,[],[],"['D1', 'D10', 'D11', 'D12', 'D14', 'D15', 'D16', 'D17', 'D19', 'D2', 'D21', 'D23', 'D25', 'D26', 'D28', 'D29', 'D3', 'D30', 'D32', 'D33', 'D34', 'D35', 'D37', 'D38', 'D4', 'D41', 'D43', 'D44', 'D45', 'D46', 'D5', 'D50', 'D52', 'D55', 'D58', 'D59', 'D6', 'D60', 'D61', 'D62', 'D63']","['D1', 'D10', 'D11', 'D12', 'D14', 'D15', 'D16', 'D17', 'D19', 'D2', 'D21', 'D23', 'D25', 'D26', 'D28', 'D29', 'D3', 'D30', 'D32', 'D33', 'D34', 'D35', 'D37', 'D38', 'D4', 'D41', 'D43', 'D44', 'D45', 'D46', 'D5', 'D50', 'D52', 'D55', 'D58', 'D59', 'D6', 'D60', 'D61', 'D62', 'D63']"
6,B43,['D63'],['D60'],"['D1', 'D10', 'D11', 'D12', 'D14', 'D15', 'D16', 'D17', 'D19', 'D2', 'D21', 'D23', 'D25', 'D26', 'D28', 'D29', 'D3', 'D30', 'D32', 'D33', 'D34', 'D35', 'D37', 'D38', 'D4', 'D41', 'D43', 'D44', 'D45', 'D46', 'D5', 'D50', 'D52', 'D55', 'D58', 'D59', 'D6', 'D60', 'D61', 'D62', 'D63']","['D1', 'D10', 'D11', 'D12', 'D14', 'D15', 'D16', 'D17', 'D19', 'D2', 'D21', 'D23', 'D25', 'D26', 'D28', 'D29', 'D3', 'D30', 'D32', 'D33', 'D34', 'D35', 'D37', 'D38', 'D4', 'D41', 'D43', 'D44', 'D45', 'D46', 'D5', 'D50', 'D52', 'D55', 'D58', 'D59', 'D6', 'D61', 'D62', 'D63']"
6,B44,[],[],"['D1', 'D10', 'D11', 'D12', 'D14', 'D15', 'D16', 'D17', 'D19', 'D2', 'D21', 'D23', 'D25', 'D26', 'D28', 'D29', 'D3', 'D30', 'D32', 'D33', 'D34', 'D35', 'D37', 'D38', 'D4', 'D41', 'D43', 'D44', 'D45', 'D46', 'D5', 'D50', 'D52', 'D55', 'D58', 'D59', 'D6', 'D60', 'D61', 'D62', 'D63']","['D1', 'D10', 'D11', 'D12', 'D14', 'D15', 'D16', 'D17', 'D19', 'D2', 'D21', 'D23', 'D25', 'D26', 'D28', 'D29', 'D3', 'D30', 'D32', 'D33', 'D34', 'D35', 'D37', 'D38', 'D4', 'D41', 'D43', 'D44', 'D45', 'D46', 'D5', 'D50', 'D52', 'D55', 'D58', 'D59', 'D6', 'D60', 'D61', 'D62', 'D63']"
6,B45,"['D64', 'D65', 'D66']","['D59', 'D69']","['D1', 'D10', 'D11', 'D12', 'D14', 'D15', 'D16', 'D17', 'D19', 'D2', 'D21', 'D23', 'D25', 'D26', 'D28', 'D29', 'D3', 'D30', 'D32', 'D33', 'D34', 'D35', 'D37', 'D38', 'D39', 'D4', 'D41', 'D43', 'D44', 'D45', 'D46', 'D47', 'D48', 'D5', 'D50', 'D52', 'D55', 'D58', 'D59', 'D6', 'D60', 'D61', 'D62', 'D63', 'D8']","['D1', 'D10', 'D11', 'D12', 'D14', 'D15', 'D16', 'D17', 'D19', 'D2', 'D21', 'D23', 'D25', 'D26', 'D28', 'D29', 'D3', 'D30', 'D32', 'D33', 'D34', 'D35', 'D37', 'D38', 'D39', 'D4', 'D41', 'D43', 'D44', 'D45', 'D46', 'D47', 'D48', 'D5', 'D50', 'D52', 'D55', 'D58', 'D6', 'D60', 'D61', 'D62', 'D63', 'D64', 'D65', 'D66', 'D8']"
6,B46,[],[],"['D1', 'D10', 'D11', 'D12', 'D14', 'D15', 'D16', 'D17', 'D19', 'D2', 'D21', 'D23', 'D25', 'D26', 'D28', 'D29', 'D3', 'D30', 'D32', 'D33', 'D34', 'D35', 'D37', 'D38', 'D39', 'D4', 'D41', 'D43', 'D44', 'D45', 'D46', 'D47', 'D48', 'D5', 'D50', 'D52', 'D55', 'D58', 'D6', 'D60', 'D61', 'D62', 'D63', 'D64', 'D65', 'D66', 'D67', 'D68', 'D69', 'D8']","['D1', 'D10', 'D11', 'D12', 'D14', 'D15', 'D16', 'D17', 'D19', 'D2', 'D21', 'D23', 'D25', 'D26', 'D28', 'D29', 'D3', 'D30', 'D32', 'D33', 'D34', 'D35', 'D37', 'D38', 'D39', 'D4', 'D41', 'D43', 'D44', 'D45', 'D46', 'D47', 'D48', 'D5', 'D50', 'D52', 'D55', 'D58', 'D6', 'D60', 'D61', 'D62', 'D63', 'D64', 'D65', 'D66', 'D67', 'D68', 'D69', 'D8']"
6,B47,['D67'],"['D100', 'D104', 'D68']","['D1', 'D10', 'D11', 'D12', 'D14', 'D15', 'D16', 'D17', 'D19', 'D2', 'D21', 'D23', 'D25', 'D26', 'D28', 'D29', 'D3', 'D30', 'D32', 'D33', 'D34', 'D35', 'D37', 'D38', 'D39', 'D4', 'D41', 'D43', 'D44', 'D45', 'D46', 'D47', 'D48', 'D5', 'D50', 'D52', 'D55', 'D58', 'D6', 'D60', 'D61', 'D62', 'D63', 'D64', 'D65', 'D66', 'D67', 'D68', 'D69', 'D8']","['D1', 'D10', 'D11', 'D12', 'D14', 'D15', 'D16', 'D17', 'D19', 'D2', 'D21', 'D23', 'D25', 'D26', 'D28', 'D29', 'D3', 'D30', 'D32', 'D33', 'D34', 'D35', 'D37', 'D38', 'D39', 'D4', 'D41', 'D43', 'D44', 'D45', 'D46', 'D47', 'D48', 'D5', 'D50', 'D52', 'D55', 'D58', 'D6', 'D60', 'D61', 'D62', 'D63', 'D64', 'D65', 'D66', 'D67', 'D69', 'D8']"
6,B48,[],[],"['D1', 'D10', 'D11', 'D12', 'D14', 'D15', 'D16', 'D17', 'D19', 'D2', 'D21', 'D23', 'D25', 'D26', 'D28', 'D29', 'D3', 'D30', 'D32', 'D33', 'D34', 'D35', 'D37', 'D38', 'D39', 'D4', 'D41', 'D43', 'D44', 'D45', 'D46', 'D47', 'D48', 'D5', 'D50', 'D52', 'D55', 'D58', 'D6', 'D60', 'D61', 'D62', 'D63', 'D64', 'D65', 'D66', 'D67', 'D69', 'D8']","['D1', 'D10', 'D11', 'D12', 'D14', 'D15', 'D16', 'D17', 'D19', 'D2', 'D21', 'D23', 'D25', 'D26', 'D28', 'D29', 'D3', 'D30', 'D32', 'D33', 'D34', 'D35', 'D37', 'D38', 'D39', 'D4', 'D41', 'D43', 'D44', 'D45', 'D46', 'D47', 'D48', 'D5', 'D50', 'D52', 'D55', 'D58', 'D6', 'D60', 'D61', 'D62', 'D63', 'D64', 'D65', 'D66', 'D67', 'D69', 'D8']"
6,B49,['D68'],"['D100', 'D104', 'D67']","['D1', 'D10', 'D11', 'D12', 'D14', 'D15', 'D16', 'D17', 'D19', 'D2', 'D21', 'D23', 'D25', 'D26', 'D28', 'D29', 'D3', 'D30', 'D32', 'D33', 'D34', 'D35', 'D37', 'D38', 'D39', 'D4', 'D41', 'D43', 'D44', 'D45', 'D46', 'D47', 'D48', 'D5', 'D50', 'D52', 'D55', 'D58', 'D6', 'D60', 'D61', 'D62', 'D63', 'D64', 'D65', 'D66', 'D67', 'D69', 'D8']","['D1', 'D10', 'D11', 'D12', 'D14', 'D15', 'D16', 'D17', 'D19', 'D2', 'D21', 'D23', 'D25', 'D26', 'D28', 'D29', 'D3', 'D30', 'D32', 'D33', 'D34', 'D35', 'D37', 'D38', 'D39', 'D4', 'D41', 'D43', 'D44', 'D45', 'D46', 'D47', 'D48', 'D5', 'D50', 'D52', 'D55', 'D58', 'D6', 'D60', 'D61', 'D62', 'D63', 'D64', 'D65', 'D66', 'D68', 'D69', 'D8']"
6,B50,['D69'],['D65'],"['D1', 'D10', 'D11', 'D12', 'D14', 'D15', 'D16', 'D17', 'D19', 'D2', 'D21', 'D23', 'D25', 'D26', 'D28', 'D29', 'D3', 'D30', 'D32', 'D33', 'D34', 'D35', 'D37', 'D38', 'D39', 'D4', 'D41', 'D43', 'D44', 'D45', 'D46', 'D47', 'D48', 'D5', 'D50', 'D52', 'D55', 'D58', 'D6', 'D60', 'D61', 'D62', 'D63', 'D64', 'D65', 'D66', 'D67', 'D68', 'D69', 'D8']","['D1', 'D10', 'D11', 'D12', 'D14', 'D15', 'D16', 'D17', 'D19', 'D2', 'D21', 'D23', 'D25', 'D26', 'D28', 'D29', 'D3', 'D30', 'D32', 'D33', 'D34', 'D35', 'D37', 'D38', 'D39', 'D4', 'D41', 'D43', 'D44', 'D45', 'D46', 'D47', 'D48', 'D5', 'D50', 'D52', 'D55', 'D58', 'D6', 'D60', 'D61', 'D62', 'D63', 'D64', 'D66', 'D67', 'D68', 'D69', 'D8']"
6,B51,"['D70', 'D71']",['D72'],"['D1', 'D10', 'D11', 'D12', 'D14', 'D15', 'D16', 'D17', 'D19', 'D2', 'D21', 'D23', 'D25', 'D26', 'D28', 'D29', 'D3', 'D30', 'D32', 'D33', 'D34', 'D35', 'D37', 'D38', 'D39', 'D4', 'D41', 'D43', 'D44', 'D45', 'D46', 'D47', 'D48', 'D5', 'D50', 'D52', 'D55', 'D58', 'D6', 'D60', 'D61', 'D62', 'D63', 'D64', 'D65', 'D66', 'D67', 'D68', 'D69', 'D8']","['D1', 'D10', 'D11', 'D12', 'D14', 'D15', 'D16', 'D17', 'D19', 'D2', 'D21', 'D23', 'D25', 'D26', 'D28', 'D29', 'D3', 'D30', 'D32', 'D33', 'D34', 'D35', 'D37', 'D38', 'D39', 'D4', 'D41', 'D43', 'D44', 'D45', 'D46', 'D47', 'D48', 'D5', 'D50', 'D52', 'D55', 'D58', 'D6', 'D60', 'D61', 'D62', 'D63', 'D64', 'D65', 'D66', 'D67', 'D68', 'D69', 'D70', 'D71', 'D8']"
6,B52,[],[],"['D1', 'D10', 'D11', 'D12', 'D14', 'D15', 'D16', 'D17', 'D19', 'D2', 'D21', 'D23', 'D25', 'D26', 'D28', 'D29', 'D3', 'D30', 'D32', 'D33', 'D34', 'D35', 'D37', 'D38', 'D39', 'D4', 'D41', 'D43', 'D44', 'D45', 'D46', 'D47', 'D48', 'D5', 'D50', 'D52', 'D55', 'D58', 'D6', 'D60', 'D61', 'D62', 'D63', 'D64', 'D65', 'D66', 'D67', 'D68', 'D69', 'D70', 'D71', 'D72', 'D8']","['D1', 'D10', 'D11', 'D12', 'D14', 'D15', 'D16', 'D17', 'D19', 'D2', 'D21', 'D23', 'D25', 'D26', 'D28', 'D29', 'D3', 'D30', 'D32', 'D33', 'D34', 'D35', 'D37', 'D38', 'D39', 'D4', 'D41', 'D43', 'D44', 'D45', 'D46', 'D47', 'D48', 'D5', 'D50', 'D52', 'D55', 'D58', 'D6', 'D60', 'D61', 'D62', 'D63', 'D64', 'D65', 'D66', 'D67', 'D68', 'D69', 'D70', 'D71', 'D72', 'D8']"
6,B53,['D72'],['D70'],"['D1', 'D10', 'D11', 'D12', 'D14', 'D15', 'D16', 'D17', 'D19', 'D2', 'D21', 'D23', 'D25', 'D26', 'D28', 'D29', 'D3', 'D30', 'D32', 'D33', 'D34', 'D35', 'D37', 'D38', 'D39', 'D4', 'D41', 'D43', 'D44', 'D45', 'D46', 'D47', 'D48', 'D5', 'D50', 'D52', 'D55', 'D58', 'D6', 'D60', 'D61', 'D62', 'D63', 'D64', 'D65', 'D66', 'D67', 'D68', 'D69', 'D70', 'D71', 'D72', 'D8']","['D1', 'D10', 'D11', 'D12', 'D14', 'D15', 'D16', 'D17', 'D19', 'D2', 'D21', 'D23', 'D25', 'D26', 'D28', 'D29', 'D3', 'D30', 'D32', 'D33', 'D34', 'D35', 'D37', 'D38', 'D39', 'D4', 'D41', 'D43', 'D44', 'D45', 'D46', 'D47', 'D48', 'D5', 'D50', 'D52', 'D55', 'D58', 'D6', 'D60', 'D61', 'D62', 'D63', 'D64', 'D65', 'D66', 'D67', 'D68', 'D69', 'D71', 'D72', 'D8']"
6,B54,['D73'],['D74'],"['D1', 'D10', 'D11', 'D12', 'D14', 'D15', 'D16', 'D17', 'D19', 'D2', 'D21', 'D23', 'D25', 'D26', 'D28', 'D29', 'D3', 'D30', 'D32', 'D33', 'D34', 'D35', 'D37', 'D38', 'D39', 'D4', 'D41', 'D43', 'D44', 'D45', 'D46', 'D47', 'D48', 'D5', 'D50', 'D52', 'D55', 'D58', 'D6', 'D60', 'D61', 'D62', 'D63', 'D64', 'D65', 'D66', 'D67', 'D68', 'D69', 'D70', 'D71', 'D72', 'D8']","['D1', 'D10', 'D11', 'D12', 'D14', 'D15', 'D16', 'D17', 'D19', 'D2', 'D21', 'D23', 'D25', 'D26', 'D28', 'D29', 'D3', 'D30', 'D32', 'D33', 'D34', 'D35', 'D37', 'D38', 'D39', 'D4', 'D41', 'D43', 'D44', 'D45', 'D46', 'D47', 'D48', 'D5', 'D50', 'D52', 'D55', 'D58', 'D6', 'D60', 'D61', 'D62', 'D63', 'D64', 'D65', 'D66', 'D67', 'D68', 'D69', 'D70', 'D71', 'D72', 'D73', 'D8']"
6,B55,[],[],"['D1', 'D10', 'D11', 'D12', 'D14', 'D15', 'D16', 'D17', 'D19', 'D2', 'D21', 'D23', 'D25', 'D26', 'D28', 'D29', 'D3', 'D30', 'D32', 'D33', 'D34', 'D35', 'D37', 'D38', 'D39', 'D4', 'D41', 'D43', 'D44', 'D45', 'D46', 'D47', 'D48', 'D5', 'D50', 'D52', 'D55', 'D58', 'D6', 'D60', 'D61', 'D62', 'D63', 'D64', 'D65', 'D66', 'D67', 'D68', 'D69', 'D70', 'D71', 'D72', 'D73', 'D8']","['D1', 'D10', 'D11', 'D12', 'D14', 'D15', 'D16', 'D17', 'D19', 'D2', 'D21', 'D23', 'D25', 'D26', 'D28', 'D29', 'D3', 'D30', 'D32', 'D33', 'D34', 'D35', 'D37', 'D38', 'D39', 'D4', 'D41', 'D43', 'D44', 'D45', 'D46', 'D47', 'D48', 'D5', 'D50', 'D52', 'D55', 'D58', 'D6', 'D60', 'D61', 'D62', 'D63', 'D64', 'D65', 'D66', 'D67', 'D68', 'D69', 'D70', 'D71', 'D72', 'D73', 'D8']"
6,B56,[],[],"['D1', 'D10', 'D11', 'D12', 'D14', 'D15', 'D16', 'D17', 'D19', 'D2', 'D21', 'D23', 'D25', 'D26', 'D28', 'D29', 'D3', 'D30', 'D32', 'D33', 'D34', 'D35', 'D37', 'D38', 'D39', 'D4', 'D41', 'D43', 'D44', 'D45', 'D46', 'D47', 'D48', 'D5', 'D50', 'D52', 'D55', 'D58', 'D6', 'D60', 'D61', 'D62', 'D63', 'D64', 'D65', 'D66', 'D67', 'D68', 'D69', 'D70', 'D71', 'D72', 'D73', 'D74', 'D8']","['D1', 'D10', 'D11', 'D12', 'D14', 'D15', 'D16', 'D17', 'D19', 'D2', 'D21', 'D23', 'D25', 'D26', 'D28', 'D29', 'D3', 'D30', 'D32', 'D33', 'D34', 'D35', 'D37', 'D38', 'D39', 'D4', 'D41', 'D43', 'D44', 'D45', 'D46', 'D47', 'D48', 'D5', 'D50', 'D52', 'D55', 'D58', 'D6', 'D60', 'D61', 'D62', 'D63', 'D64', 'D65', 'D66', 'D67', 'D68', 'D69', 'D70', 'D71', 'D72', 'D73', 'D74', 'D8']"
6,B57,[],[],"['D1', 'D10', 'D11', 'D12', 'D14', 'D15', 'D16', 'D17', 'D19', 'D2', 'D21', 'D23', 'D25', 'D26', 'D28', 'D29', 'D3', 'D30', 'D32', 'D33', 'D34', 'D35', 'D37', 'D38', 'D39', 'D4', 'D41', 'D43', 'D44', 'D45', 'D46', 'D47', 'D48', 'D5', 'D50', 'D52', 'D55', 'D58', 'D6', 'D60', 'D61', 'D62', 'D63', 'D64', 'D65', 'D66', 'D67', 'D68', 'D69', 'D70', 'D71', 'D72', 'D73', 'D74', 'D8']","['D1', 'D10', 'D11', 'D12', 'D14', 'D15', 'D16', 'D17', 'D19', 'D2', 'D21', 'D23', 'D25', 'D26', 'D28', 'D29', 'D3', 'D30', 'D32', 'D33', 'D34', 'D35', 'D37', 'D38', 'D39', 'D4', 'D41', 'D43', 'D44', 'D45', 'D46', 'D47', 'D48', 'D5', 'D50', 'D52', 'D55', 'D58', 'D6', 'D60', 'D61', 'D62', 'D63', 'D64', 'D65', 'D66', 'D67', 'D68', 'D69', 'D70', 'D71', 'D72', 'D73', 'D74', 'D8']"
6,B58,['D74'],['D73'],"['D1', 'D10', 'D11', 'D12', 'D14', 'D15', 'D16', 'D17', 'D19', 'D2', 'D21', 'D23', 'D25', 'D26', 'D28', 'D29', 'D3', 'D30', 'D32', 'D33', 'D34', 'D35', 'D37', 'D38', 'D39', 'D4', 'D41', 'D43', 'D44', 'D45', 'D46', 'D47', 'D48', 'D5', 'D50', 'D52', 'D55', 'D58', 'D6', 'D60', 'D61', 'D62', 'D63', 'D64', 'D65', 'D66', 'D67', 'D68', 'D69', 'D70', 'D71', 'D72', 'D73', 'D74', 'D8']","['D1', 'D10', 'D11', 'D12', 'D14', 'D15', 'D16', 'D17', 'D19', 'D2', 'D21', 'D23', 'D25', 'D26', 'D28', 'D29', 'D3', 'D30', 'D32', 'D33', 'D34', 'D35', 'D37', 'D38', 'D39', 'D4', 'D41', 'D43', 'D44', 'D45', 'D46', 'D47', 'D48', 'D5', 'D50', 'D52', 'D55', 'D58', 'D6', 'D60', 'D61', 'D62', 'D63', 'D64', 'D65', 'D66', 'D67', 'D68', 'D69', 'D70', 'D71', 'D72', 'D74', 'D8']"
6,B59,[],[],"['D1', 'D10', 'D11', 'D12', 'D14', 'D15', 'D16', 'D17', 'D19', 'D2', 'D21', 'D23', 'D25', 'D26', 'D28', 'D29', 'D3', 'D30', 'D32', 'D33', 'D34', 'D35', 'D37', 'D38', 'D39', 'D4', 'D41', 'D43', 'D44', 'D45', 'D46', 'D47', 'D48', 'D5', 'D50', 'D52', 'D55', 'D58', 'D6', 'D60', 'D61', 'D62', 'D63', 'D64', 'D65', 'D66', 'D67', 'D68', 'D69', 'D70', 'D71', 'D72', 'D73', 'D74', 'D8']","['D1', 'D10', 'D11', 'D12', 'D14', 'D15', 'D16', 'D17', 'D19', 'D2', 'D21', 'D23', 'D25', 'D26', 'D28', 'D29', 'D3', 'D30', 'D32', 'D33', 'D34', 'D35', 'D37', 'D38', 'D39', 'D4', 'D41', 'D43', 'D44', 'D45', 'D46', 'D47', 'D48', 'D5', 'D50', 'D52', 'D55', 'D58', 'D6', 'D60', 'D61', 'D62', 'D63', 'D64', 'D65', 'D66', 'D67', 'D68', 'D69', 'D70', 'D71', 'D72', 'D73', 'D74', 'D8']"
6,B60,[],[],"['D1', 'D10', 'D11', 'D12', 'D14', 'D15', 'D16', 'D17', 'D19', 'D2', 'D21', 'D23', 'D25', 'D26', 'D28', 'D29', 'D3', 'D30', 'D32', 'D33', 'D34', 'D35', 'D37', 'D38', 'D39', 'D4', 'D41', 'D43', 'D44', 'D45', 'D46', 'D47', 'D48', 'D5', 'D50', 'D52', 'D55', 'D58', 'D6', 'D60', 'D61', 'D62', 'D63', 'D64', 'D65', 'D66', 'D67', 'D68', 'D69', 'D70', 'D71', 'D72', 'D73', 'D74', 'D8']","['D1', 'D10', 'D11', 'D12', 'D14', 'D15', 'D16', 'D17', 'D19', 'D2', 'D21', 'D23', 'D25', 'D26', 'D28', 'D29', 'D3', 'D30', 'D32', 'D33', 'D34', 'D35', 'D37', 'D38', 'D39', 'D4', 'D41', 'D43', 'D44', 'D45', 'D46', 'D47', 'D48', 'D5', 'D50', 'D52', 'D55', 'D58', 'D6', 'D60', 'D61', 'D62', 'D63', 'D64', 'D65', 'D66', 'D67', 'D68', 'D69', 'D70', 'D71', 'D72', 'D73', 'D74', 'D8']"
6,B61,"['D75', 'D76', 'D77']","['D80', 'D81', 'D82']","['D1', 'D10', 'D11', 'D12', 'D14', 'D15', 'D16', 'D17', 'D19', 'D2', 'D21', 'D23', 'D25', 'D26', 'D28', 'D29', 'D3', 'D30', 'D32', 'D33', 'D34', 'D35', 'D37', 'D38', 'D39', 'D4', 'D41', 'D43', 'D44', 'D45', 'D46', 'D47', 'D48', 'D5', 'D50', 'D52', 'D55', 'D58', 'D6', 'D60', 'D61', 'D62', 'D63', 'D64', 'D65', 'D66', 'D67', 'D68', 'D69', 'D70', 'D71', 'D72', 'D73', 'D8']","['D1', 'D10', 'D11', 'D12', 'D14', 'D15', 'D16', 'D17', 'D19', 'D2', 'D21', 'D23', 'D25', 'D26', 'D28', 'D29', 'D3', 'D30', 'D32', 'D33', 'D34', 'D35', 'D37', 'D38', 'D39', 'D4', 'D41', 'D43', 'D44', 'D45', 'D46', 'D47', 'D48', 'D5', 'D50', 'D52', 'D55', 'D58', 'D6', 'D60', 'D61', 'D62', 'D63', 'D64', 'D65', 'D66', 'D67', 'D68', 'D69', 'D70', 'D71', 'D72', 'D73', 'D75', 'D76', 'D77', 'D8']"
6,B62,[],[],"['D1', 'D10', 'D11', 'D12', 'D14', 'D15', 'D16', 'D17', 'D19', 'D2', 'D21', 'D23', 'D25', 'D26', 'D28', 'D29', 'D3', 'D30', 'D32', 'D33', 'D34', 'D35', 'D37', 'D38', 'D39', 'D4', 'D41', 'D43', 'D44', 'D45', 'D46', 'D47', 'D48', 'D5', 'D50', 'D52', 'D55', 'D58', 'D6', 'D60', 'D61', 'D62', 'D63', 'D64', 'D65', 'D66', 'D67', 'D68', 'D69', 'D70', 'D71', 'D72', 'D73', 'D75', 'D76', 'D77', 'D78', 'D79', 'D8', 'D80', 'D81']","['D1', 'D10', 'D11', 'D12', 'D14', 'D15', 'D16', 'D17', 'D19', 'D2', 'D21', 'D23', 'D25', 'D26', 'D28', 'D29', 'D3', 'D30', 'D32', 'D33', 'D34', 'D35', 'D37', 'D38', 'D39', 'D4', 'D41', 'D43', 'D44', 'D45', 'D46', 'D47', 'D48', 'D5', 'D50', 'D52', 'D55', 'D58', 'D6', 'D60', 'D61', 'D62', 'D63', 'D64', 'D65', 'D66', 'D67', 'D68', 'D69', 'D70', 'D71', 'D72', 'D73', 'D75', 'D76', 'D77', 'D78', 'D79', 'D8', 'D80', 'D81']"
6,B63,"['D78', 'D79', 'D80', 'D81']","['D75', 'D77', 'D82']","['D1', 'D10', 'D11', 'D12', 'D14', 'D15', 'D16', 'D17', 'D19', 'D2', 'D21', 'D23', 'D25', 'D26', 'D28', 'D29', 'D3', 'D30', 'D32', 'D33', 'D34', 'D35', 'D37', 'D38', 'D39', 'D4', 'D41', 'D43', 'D44', 'D45', 'D46', 'D47', 'D48', 'D5', 'D50', 'D52', 'D55', 'D58', 'D6', 'D60', 'D61', 'D62', 'D63', 'D64', 'D65', 'D66', 'D67', 'D68', 'D69', 'D70', 'D71', 'D72', 'D73', 'D75', 'D76', 'D77', 'D78', 'D79', 'D8', 'D80', 'D81']","['D1', 'D10', 'D11', 'D12', 'D14', 'D15', 'D16', 'D17', 'D19', 'D2', 'D21', 'D23', 'D25', 'D26', 'D28', 'D29', 'D3', 'D30', 'D32', 'D33', 'D34', 'D35', 'D37', 'D38', 'D39', 'D4', 'D41', 'D43', 'D44', 'D45', 'D46', 'D47', 'D48', 'D5', 'D50', 'D52', 'D55', 'D58', 'D6', 'D60', 'D61', 'D62', 'D63', 'D64', 'D65', 'D66', 'D67', 'D68', 'D69', 'D70', 'D71', 'D72', 'D73', 'D76', 'D78', 'D79', 'D8', 'D80', 'D81']"
6,B64,"['D82', 'D83', 'D84']","['D75', 'D80', 'D86']","['D1', 'D10', 'D11', 'D12', 'D14', 'D15', 'D16', 'D17', 'D19', 'D2', 'D21', 'D23', 'D25', 'D26', 'D28', 'D29', 'D3', 'D30', 'D32', 'D33', 'D34', 'D35', 'D37', 'D38', 'D39', 'D4', 'D41', 'D43', 'D44', 'D45', 'D46', 'D47', 'D48', 'D5', 'D50', 'D52', 'D55', 'D58', 'D6', 'D60', 'D61', 'D62', 'D63', 'D64', 'D65', 'D66', 'D67', 'D68', 'D69', 'D70', 'D71', 'D72', 'D73', 'D75', 'D76', 'D77', 'D78', 'D79', 'D8', 'D80', 'D81']","['D1', 'D10', 'D11', 'D12', 'D14', 'D15', 'D16', 'D17', 'D19', 'D2', 'D21', 'D23', 'D25', 'D26', 'D28', 'D29', 'D3', 'D30', 'D32', 'D33', 'D34', 'D35', 'D37', 'D38', 'D39', 'D4', 'D41', 'D43', 'D44', 'D45', 'D46', 'D47', 'D48', 'D5', 'D50', 'D52', 'D55', 'D58', 'D6', 'D60', 'D61', 'D62', 'D63', 'D64', 'D65', 'D66', 'D67', 'D68', 'D69', 'D70', 'D71', 'D72', 'D73', 'D76', 'D77', 'D78', 'D79', 'D8', 'D81', 'D82', 'D83', 'D84']"
6,B65,[],[],"['D1', 'D10', 'D11', 'D12', 'D14', 'D15', 'D16', 'D17', 'D19', 'D2', 'D21', 'D23', 'D25', 'D26', 'D28', 'D29', 'D3', 'D30', 'D32', 'D33', 'D34', 'D35', 'D37', 'D38', 'D39', 'D4', 'D41', 'D43', 'D44', 'D45', 'D46', 'D47', 'D48', 'D5', 'D50', 'D52', 'D55', 'D58', 'D6', 'D60', 'D61', 'D62', 'D63', 'D64', 'D65', 'D66', 'D67', 'D68', 'D69', 'D70', 'D71', 'D72', 'D73', 'D76', 'D77', 'D78', 'D79', 'D8', 'D81', 'D82', 'D83', 'D84', 'D85']","['D1', 'D10', 'D11', 'D12', 'D14', 'D15', 'D16', 'D17', 'D19', 'D2', 'D21', 'D23', 'D25', 'D26', 'D28', 'D29', 'D3', 'D30', 'D32', 'D33', 'D34', 'D35', 'D37', 'D38', 'D39', 'D4', 'D41', 'D43', 'D44', 'D45', 'D46', 'D47', 'D48', 'D5', 'D50', 'D52', 'D55', 'D58', 'D6', 'D60', 'D61', 'D62', 'D63', 'D64', 'D65', 'D66', 'D67', 'D68', 'D69', 'D70', 'D71', 'D72', 'D73', 'D76', 'D77', 'D78', 'D79', 'D8', 'D81', 'D82', 'D83', 'D84', 'D85']"
6,B66,[],[],"['D1', 'D10', 'D11', 'D12', 'D14', 'D15', 'D16', 'D17', 'D19', 'D2', 'D21', 'D23', 'D25', 'D26', 'D28', 'D29', 'D3', 'D30', 'D32', 'D33', 'D34', 'D35', 'D37', 'D38', 'D39', 'D4', 'D41', 'D43', 'D44', 'D45', 'D46', 'D47', 'D48', 'D5', 'D50', 'D52', 'D55', 'D58', 'D6', 'D60', 'D61', 'D62', 'D63', 'D64', 'D65', 'D66', 'D67', 'D68', 'D69', 'D70', 'D71', 'D72', 'D73', 'D76', 'D77', 'D78', 'D79', 'D8', 'D81', 'D82', 'D83', 'D84', 'D85']","['D1', 'D10', 'D11', 'D12', 'D14', 'D15', 'D16', 'D17', 'D19', 'D2', 'D21', 'D23', 'D25', 'D26', 'D28', 'D29', 'D3', 'D30', 'D32', 'D33', 'D34', 'D35', 'D37', 'D38', 'D39', 'D4', 'D41', 'D43', 'D44', 'D45', 'D46', 'D47', 'D48', 'D5', 'D50', 'D52', 'D55', 'D58', 'D6', 'D60', 'D61', 'D62', 'D63', 'D64', 'D65', 'D66', 'D67', 'D68', 'D69', 'D70', 'D71', 'D72', 'D73', 'D76', 'D77', 'D78', 'D79', 'D8', 'D81', 'D82', 'D83', 'D84', 'D85']"
6,B67,['D85'],[],"['D1', 'D10', 'D11', 'D12', 'D14', 'D15', 'D16', 'D17', 'D19', 'D2', 'D21', 'D23', 'D25', 'D26', 'D28', 'D29', 'D3', 'D30', 'D32', 'D33', 'D34', 'D35', 'D37', 'D38', 'D39', 'D4', 'D41', 'D43', 'D44', 'D45', 'D46', 'D47', 'D48', 'D5', 'D50', 'D52', 'D55', 'D58', 'D6', 'D60', 'D61', 'D62', 'D63', 'D64', 'D65', 'D66', 'D67', 'D68', 'D69', 'D70', 'D71', 'D72', 'D73', 'D76', 'D77', 'D78', 'D79', 'D8', 'D81', 'D82', 'D83', 'D84', 'D85']","['D1', 'D10', 'D11', 'D12', 'D14', 'D15', 'D16', 'D17', 'D19', 'D2', 'D21', 'D23', 'D25', 'D26', 'D28', 'D29', 'D3', 'D30', 'D32', 'D33', 'D34', 'D35', 'D37', 'D38', 'D39', 'D4', 'D41', 'D43', 'D44', 'D45', 'D46', 'D47', 'D48', 'D5', 'D50', 'D52', 'D55', 'D58', 'D6', 'D60', 'D61', 'D62', 'D63', 'D64', 'D65', 'D66', 'D67', 'D68', 'D69', 'D70', 'D71', 'D72', 'D73', 'D76', 'D77', 'D78', 'D79', 'D8', 'D81', 'D82', 'D83', 'D84', 'D85']"
6,B68,[],[],"['D1', 'D10', 'D11', 'D12', 'D14', 'D15', 'D16', 'D17', 'D19', 'D2', 'D21', 'D23', 'D25', 'D26', 'D28', 'D29', 'D3', 'D30', 'D32', 'D33', 'D34', 'D35', 'D37', 'D38', 'D39', 'D4', 'D41', 'D43', 'D44', 'D45', 'D46', 'D47', 'D48', 'D5', 'D50', 'D52', 'D55', 'D58', 'D6', 'D60', 'D61', 'D62', 'D63', 'D64', 'D65', 'D66', 'D67', 'D68', 'D69', 'D70', 'D71', 'D72', 'D73', 'D76', 'D77', 'D78', 'D79', 'D8', 'D81', 'D82', 'D83', 'D84', 'D85']","['D1', 'D10', 'D11', 'D12', 'D14', 'D15', 'D16', 'D17', 'D19', 'D2', 'D21', 'D23', 'D25', 'D26', 'D28', 'D29', 'D3', 'D30', 'D32', 'D33', 'D34', 'D35', 'D37', 'D38', 'D39', 'D4', 'D41', 'D43', 'D44', 'D45', 'D46', 'D47', 'D48', 'D5', 'D50', 'D52', 'D55', 'D58', 'D6', 'D60', 'D61', 'D62', 'D63', 'D64', 'D65', 'D66', 'D67', 'D68', 'D69', 'D70', 'D71', 'D72', 'D73', 'D76', 'D77', 'D78', 'D79', 'D8', 'D81', 'D82', 'D83', 'D84', 'D85']"
6,B69,[],[],"['D1', 'D10', 'D11', 'D12', 'D14', 'D15', 'D16', 'D17', 'D19', 'D2', 'D21', 'D23', 'D25', 'D26', 'D28', 'D29', 'D3', 'D30', 'D32', 'D33', 'D34', 'D35', 'D37', 'D38', 'D39', 'D4', 'D41', 'D43', 'D44', 'D45', 'D46', 'D47', 'D48', 'D5', 'D50', 'D52', 'D55', 'D58', 'D6', 'D60', 'D61', 'D62', 'D63', 'D64', 'D65', 'D66', 'D67', 'D68', 'D69', 'D70', 'D71', 'D72', 'D73', 'D76', 'D77', 'D78', 'D79', 'D8', 'D81', 'D82', 'D83', 'D84', 'D85', 'D86']","['D1', 'D10', 'D11', 'D12', 'D14', 'D15', 'D16', 'D17', 'D19', 'D2', 'D21', 'D23', 'D25', 'D26', 'D28', 'D29', 'D3', 'D30', 'D32', 'D33', 'D34', 'D35', 'D37', 'D38', 'D39', 'D4', 'D41', 'D43', 'D44', 'D45', 'D46', 'D47', 'D48', 'D5', 'D50', 'D52', 'D55', 'D58', 'D6', 'D60', 'D61', 'D62', 'D63', 'D64', 'D65', 'D66', 'D67', 'D68', 'D69', 'D70', 'D71', 'D72', 'D73', 'D76', 'D77', 'D78', 'D79', 'D8', 'D81', 'D82', 'D83', 'D84', 'D85', 'D86']"
6,B70,[],[],"['D1', 'D10', 'D11', 'D12', 'D14', 'D15', 'D16', 'D17', 'D19', 'D2', 'D21', 'D23', 'D25', 'D26', 'D28', 'D29', 'D3', 'D30', 'D32', 'D33', 'D34', 'D35', 'D37', 'D38', 'D39', 'D4', 'D41', 'D43', 'D44', 'D45', 'D46', 'D47', 'D48', 'D5', 'D50', 'D52', 'D55', 'D58', 'D6', 'D60', 'D61', 'D62', 'D63', 'D64', 'D65', 'D66', 'D67', 'D68', 'D69', 'D70', 'D71', 'D72', 'D73', 'D76', 'D77', 'D78', 'D79', 'D8', 'D81', 'D82', 'D83', 'D84', 'D85', 'D86']","['D1', 'D10', 'D11', 'D12', 'D14', 'D15', 'D16', 'D17', 'D19', 'D2', 'D21', 'D23', 'D25', 'D26', 'D28', 'D29', 'D3', 'D30', 'D32', 'D33', 'D34', 'D35', 'D37', 'D38', 'D39', 'D4', 'D41', 'D43', 'D44', 'D45', 'D46', 'D47', 'D48', 'D5', 'D50', 'D52', 'D55', 'D58', 'D6', 'D60', 'D61', 'D62', 'D63', 'D64', 'D65', 'D66', 'D67', 'D68', 'D69', 'D70', 'D71', 'D72', 'D73', 'D76', 'D77', 'D78', 'D79', 'D8', 'D81', 'D82', 'D83', 'D84', 'D85', 'D86']"
6,B71,['D86'],['D83'],"['D1', 'D10', 'D11', 'D12', 'D14', 'D15', 'D16', 'D17', 'D19', 'D2', 'D21', 'D23', 'D25', 'D26', 'D28', 'D29', 'D3', 'D30', 'D32', 'D33', 'D34', 'D35', 'D37', 'D38', 'D39', 'D4', 'D41', 'D43', 'D44', 'D45', 'D46', 'D47', 'D48', 'D5', 'D50', 'D52', 'D55', 'D58', 'D6', 'D60', 'D61', 'D62', 'D63', 'D64', 'D65', 'D66', 'D67', 'D68', 'D69', 'D70', 'D71', 'D72', 'D73', 'D76', 'D77', 'D78', 'D79', 'D8', 'D81', 'D82', 'D83', 'D84', 'D85', 'D86']","['D1', 'D10', 'D11', 'D12', 'D14', 'D15', 'D16', 'D17', 'D19', 'D2', 'D21', 'D23', 'D25', 'D26', 'D28', 'D29', 'D3', 'D30', 'D32', 'D33', 'D34', 'D35', 'D37', 'D38', 'D39', 'D4', 'D41', 'D43', 'D44', 'D45', 'D46', 'D47', 'D48', 'D5', 'D50', 'D52', 'D55', 'D58', 'D6', 'D60', 'D61', 'D62', 'D63', 'D64', 'D65', 'D66', 'D67', 'D68', 'D69', 'D70', 'D71', 'D72', 'D73', 'D76', 'D77', 'D78', 'D79', 'D8', 'D81', 'D82', 'D84', 'D85', 'D86']"
6,B72,[],[],"['D1', 'D10', 'D11', 'D12', 'D14', 'D15', 'D16', 'D17', 'D19', 'D2', 'D21', 'D23', 'D25', 'D26', 'D28', 'D29', 'D3', 'D30', 'D32', 'D33', 'D34', 'D35', 'D37', 'D38', 'D39', 'D4', 'D41', 'D43', 'D44', 'D45', 'D46', 'D47', 'D48', 'D5', 'D50', 'D52', 'D55', 'D58', 'D6', 'D60', 'D61', 'D62', 'D63', 'D64', 'D65', 'D66', 'D67', 'D68', 'D69', 'D70', 'D71', 'D72', 'D73', 'D76', 'D77', 'D78', 'D79', 'D8', 'D81', 'D82', 'D83', 'D84', 'D85', 'D86']","['D1', 'D10', 'D11', 'D12', 'D14', 'D15', 'D16', 'D17', 'D19', 'D2', 'D21', 'D23', 'D25', 'D26', 'D28', 'D29', 'D3', 'D30', 'D32', 'D33', 'D34', 'D35', 'D37', 'D38', 'D39', 'D4', 'D41', 'D43', 'D44', 'D45', 'D46', 'D47', 'D48', 'D5', 'D50', 'D52', 'D55', 'D58', 'D6', 'D60', 'D61', 'D62', 'D63', 'D64', 'D65', 'D66', 'D67', 'D68', 'D69', 'D70', 'D71', 'D72', 'D73', 'D76', 'D77', 'D78', 'D79', 'D8', 'D81', 'D82', 'D83', 'D84', 'D85', 'D86']"
6,B73,"['D87', 'D88', 'D89']","['D1', 'D91', 'D92', 'D93', 'D94', 'D95']","['D1', 'D10', 'D11', 'D12', 'D14', 'D15', 'D16', 'D17', 'D19', 'D2', 'D21', 'D23', 'D25', 'D26', 'D28', 'D29', 'D3', 'D30', 'D32', 'D33', 'D34', 'D35', 'D37', 'D38', 'D39', 'D4', 'D41', 'D43', 'D44', 'D45', 'D46', 'D47', 'D48', 'D5', 'D50', 'D52', 'D55', 'D58', 'D6', 'D60', 'D61', 'D62', 'D63', 'D64', 'D65', 'D66', 'D67', 'D68', 'D69', 'D70', 'D71', 'D72', 'D73', 'D76', 'D77', 'D78', 'D79', 'D8', 'D81', 'D82', 'D83', 'D84', 'D85', 'D86']","['D10', 'D11', 'D12', 'D14', 'D15', 'D16', 'D17', 'D19', 'D2', 'D21', 'D23', 'D25', 'D26', 'D28', 'D29', 'D3', 'D30', 'D32', 'D33', 'D34', 'D35', 'D37', 'D38', 'D39', 'D4', 'D41', 'D43', 'D44', 'D45', 'D46', 'D47', 'D48', 'D5', 'D50', 'D52', 'D55', 'D58', 'D6', 'D60', 'D61', 'D62', 'D63', 'D64', 'D65', 'D66', 'D67', 'D68', 'D69', 'D70', 'D71', 'D72', 'D73', 'D76', 'D77', 'D78', 'D79', 'D8', 'D81', 'D82', 'D83', 'D84', 'D85', 'D86', 'D87', 'D88', 'D89']"
6,B74,[],[],"['D10', 'D11', 'D12', 'D14', 'D15', 'D16', 'D17', 'D19', 'D2', 'D21', 'D23', 'D25', 'D26', 'D28', 'D29', 'D3', 'D30', 'D32', 'D33', 'D34', 'D35', 'D37', 'D38', 'D39', 'D4', 'D41', 'D43', 'D44', 'D45', 'D46', 'D47', 'D48', 'D5', 'D50', 'D52', 'D55', 'D58', 'D6', 'D60', 'D61', 'D62', 'D63', 'D64', 'D65', 'D66', 'D67', 'D68', 'D69', 'D70', 'D71', 'D72', 'D73', 'D76', 'D77', 'D78', 'D79', 'D8', 'D81', 'D82', 'D83', 'D84', 'D85', 'D86', 'D87', 'D88', 'D89', 'D90', 'D91', 'D92', 'D93']","['D10', 'D11', 'D12', 'D14', 'D15', 'D16', 'D17', 'D19', 'D2', 'D21', 'D23', 'D25', 'D26', 'D28', 'D29', 'D3', 'D30', 'D32', 'D33', 'D34', 'D35', 'D37', 'D38', 'D39', 'D4', 'D41', 'D43', 'D44', 'D45', 'D46', 'D47', 'D48', 'D5', 'D50', 'D52', 'D55', 'D58', 'D6', 'D60', 'D61', 'D62', 'D63', 'D64', 'D65', 'D66', 'D67', 'D68', 'D69', 'D70', 'D71', 'D72', 'D73', 'D76', 'D77', 'D78', 'D79', 'D8', 'D81', 'D82', 'D83', 'D84', 'D85', 'D86', 'D87', 'D88', 'D89', 'D90', 'D91', 'D92', 'D93']"
6,B75,"['D90', 'D91', 'D92', 'D93']","['D1', 'D26', 'D87', 'D88', 'D89', 'D94', 'D95']","['D10', 'D11', 'D12', 'D14', 'D15', 'D16', 'D17', 'D19', 'D2', 'D21', 'D23', 'D25', 'D26', 'D28', 'D29', 'D3', 'D30', 'D32', 'D33', 'D34', 'D35', 'D37', 'D38', 'D39', 'D4', 'D41', 'D43', 'D44', 'D45', 'D46', 'D47', 'D48', 'D5', 'D50', 'D52', 'D55', 'D58', 'D6', 'D60', 'D61', 'D62', 'D63', 'D64', 'D65', 'D66', 'D67', 'D68', 'D69', 'D70', 'D71', 'D72', 'D73', 'D76', 'D77', 'D78', 'D79', 'D8', 'D81', 'D82', 'D83', 'D84', 'D85', 'D86', 'D87', 'D88', 'D89', 'D90', 'D91', 'D92', 'D93']","['D10', 'D11', 'D12', 'D14', 'D15', 'D16', 'D17', 'D19', 'D2', 'D21', 'D23', 'D25', 'D28', 'D29', 'D3', 'D30', 'D32', 'D33', 'D34', 'D35', 'D37', 'D38', 'D39', 'D4', 'D41', 'D43', 'D44', 'D45', 'D46', 'D47', 'D48', 'D5', 'D50', 'D52', 'D55', 'D58', 'D6', 'D60', 'D61', 'D62', 'D63', 'D64', 'D65', 'D66', 'D67', 'D68', 'D69', 'D70', 'D71', 'D72', 'D73', 'D76', 'D77', 'D78', 'D79', 'D8', 'D81', 'D82', 'D83', 'D84', 'D85', 'D86', 'D90', 'D91', 'D92', 'D93']"
6,B76,"['D95', 'D96']","['D88', 'D91', 'D94', 'D97', 'D98']","['D10', 'D11', 'D12', 'D14', 'D15', 'D16', 'D17', 'D19', 'D2', 'D21', 'D23', 'D25', 'D26', 'D28', 'D29', 'D3', 'D30', 'D32', 'D33', 'D34', 'D35', 'D37', 'D38', 'D39', 'D4', 'D41', 'D43', 'D44', 'D45', 'D46', 'D47', 'D48', 'D5', 'D50', 'D52', 'D55', 'D58', 'D6', 'D60', 'D61', 'D62', 'D63', 'D64', 'D65', 'D66', 'D67', 'D68', 'D69', 'D70', 'D71', 'D72', 'D73', 'D76', 'D77', 'D78', 'D79', 'D8', 'D81', 'D82', 'D83', 'D84', 'D85', 'D86', 'D87', 'D88', 'D89', 'D90', 'D91', 'D92', 'D93']","['D10', 'D11', 'D12', 'D14', 'D15', 'D16', 'D17', 'D19', 'D2', 'D21', 'D23', 'D25', 'D26', 'D28', 'D29', 'D3', 'D30', 'D32', 'D33', 'D34', 'D35', 'D37', 'D38', 'D39', 'D4', 'D41', 'D43', 'D44', 'D45', 'D46', 'D47', 'D48', 'D5', 'D50', 'D52', 'D55', 'D58', 'D6', 'D60', 'D61', 'D62', 'D63', 'D64', 'D65', 'D66', 'D67', 'D68', 'D69', 'D70', 'D71', 'D72', 'D73', 'D76', 'D77', 'D78', 'D79', 'D8', 'D81', 'D82', 'D83', 'D84', 'D85', 'D86', 'D87', 'D89', 'D90', 'D92', 'D93', 'D95', 'D96']"
6,B77,[],[],"['D10', 'D11', 'D12', 'D14', 'D15', 'D16', 'D17', 'D19', 'D2', 'D21', 'D23', 'D25', 'D26', 'D28', 'D29', 'D3', 'D30', 'D32', 'D33', 'D34', 'D35', 'D37', 'D38', 'D39', 'D4', 'D41', 'D43', 'D44', 'D45', 'D46', 'D47', 'D48', 'D5', 'D50', 'D52', 'D55', 'D58', 'D6', 'D60', 'D61', 'D62', 'D63', 'D64', 'D65', 'D66', 'D67', 'D68', 'D69', 'D70', 'D71', 'D72', 'D73', 'D76', 'D77', 'D78', 'D79', 'D8', 'D81', 'D82', 'D83', 'D84', 'D85', 'D86', 'D87', 'D89', 'D90', 'D92', 'D93', 'D95', 'D96', 'D97']","['D10', 'D11', 'D12', 'D14', 'D15', 'D16', 'D17', 'D19', 'D2', 'D21', 'D23', 'D25', 'D26', 'D28', 'D29', 'D3', 'D30', 'D32', 'D33', 'D34', 'D35', 'D37', 'D38', 'D39', 'D4', 'D41', 'D43', 'D44', 'D45', 'D46', 'D47', 'D48', 'D5', 'D50', 'D52', 'D55', 'D58', 'D6', 'D60', 'D61', 'D62', 'D63', 'D64', 'D65', 'D66', 'D67', 'D68', 'D69', 'D70', 'D71', 'D72', 'D73', 'D76', 'D77', 'D78', 'D79', 'D8', 'D81', 'D82', 'D83', 'D84', 'D85', 'D86', 'D87', 'D89', 'D90', 'D92', 'D93', 'D95', 'D96', 'D97']"
6,B78,[],[],"['D10', 'D11', 'D12', 'D14', 'D15', 'D16', 'D17', 'D19', 'D2', 'D21', 'D23', 'D25', 'D26', 'D28', 'D29', 'D3', 'D30', 'D32', 'D33', 'D34', 'D35', 'D37', 'D38', 'D39', 'D4', 'D41', 'D43', 'D44', 'D45', 'D46', 'D47', 'D48', 'D5', 'D50', 'D52', 'D55', 'D58', 'D6', 'D60', 'D61', 'D62', 'D63', 'D64', 'D65', 'D66', 'D67', 'D68', 'D69', 'D70', 'D71', 'D72', 'D73', 'D76', 'D77', 'D78', 'D79', 'D8', 'D81', 'D82', 'D83', 'D84', 'D85', 'D86', 'D87', 'D89', 'D90', 'D92', 'D93', 'D95', 'D96', 'D97', 'D98']","['D10', 'D11', 'D12', 'D14', 'D15', 'D16', 'D17', 'D19', 'D2', 'D21', 'D23', 'D25', 'D26', 'D28', 'D29', 'D3', 'D30', 'D32', 'D33', 'D34', 'D35', 'D37', 'D38', 'D39', 'D4', 'D41', 'D43', 'D44', 'D45', 'D46', 'D47', 'D48', 'D5', 'D50', 'D52', 'D55', 'D58', 'D6', 'D60', 'D61', 'D62', 'D63', 'D64', 'D65', 'D66', 'D67', 'D68', 'D69', 'D70', 'D71', 'D72', 'D73', 'D76', 'D77', 'D78', 'D79', 'D8', 'D81', 'D82', 'D83', 'D84', 'D85', 'D86', 'D87', 'D89', 'D90', 'D92', 'D93', 'D95', 'D96', 'D97', 'D98']"
6,B79,[],[],"['D10', 'D11', 'D12', 'D14', 'D15', 'D16', 'D17', 'D19', 'D2', 'D21', 'D23', 'D25', 'D26', 'D28', 'D29', 'D3', 'D30', 'D32', 'D33', 'D34', 'D35', 'D37', 'D38', 'D39', 'D4', 'D41', 'D43', 'D44', 'D45', 'D46', 'D47', 'D48', 'D5', 'D50', 'D52', 'D55', 'D58', 'D6', 'D60', 'D61', 'D62', 'D63', 'D64', 'D65', 'D66', 'D67', 'D68', 'D69', 'D70', 'D71', 'D72', 'D73', 'D76', 'D77', 'D78', 'D79', 'D8', 'D81', 'D82', 'D83', 'D84', 'D85', 'D86', 'D87', 'D89', 'D90', 'D92', 'D93', 'D95', 'D96', 'D97', 'D98']","['D10', 'D11', 'D12', 'D14', 'D15', 'D16', 'D17', 'D19', 'D2', 'D21', 'D23', 'D25', 'D26', 'D28', 'D29', 'D3', 'D30', 'D32', 'D33', 'D34', 'D35', 'D37', 'D38', 'D39', 'D4', 'D41', 'D43', 'D44', 'D45', 'D46', 'D47', 'D48', 'D5', 'D50', 'D52', 'D55', 'D58', 'D6', 'D60', 'D61', 'D62', 'D63', 'D64', 'D65', 'D66', 'D67', 'D68', 'D69', 'D70', 'D71', 'D72', 'D73', 'D76', 'D77', 'D78', 'D79', 'D8', 'D81', 'D82', 'D83', 'D84', 'D85', 'D86', 'D87', 'D89', 'D90', 'D92', 'D93', 'D95', 'D96', 'D97', 'D98']"
6,B80,['D97'],"['D96', 'D98']","['D10', 'D11', 'D12', 'D14', 'D15', 'D16', 'D17', 'D19', 'D2', 'D21', 'D23', 'D25', 'D26', 'D28', 'D29', 'D3', 'D30', 'D32', 'D33', 'D34', 'D35', 'D37', 'D38', 'D39', 'D4', 'D41', 'D43', 'D44', 'D45', 'D46', 'D47', 'D48', 'D5', 'D50', 'D52', 'D55', 'D58', 'D6', 'D60', 'D61', 'D62', 'D63', 'D64', 'D65', 'D66', 'D67', 'D68', 'D69', 'D70', 'D71', 'D72', 'D73', 'D76', 'D77', 'D78', 'D79', 'D8', 'D81', 'D82', 'D83', 'D84', 'D85', 'D86', 'D87', 'D89', 'D90', 'D92', 'D93', 'D95', 'D96', 'D97', 'D98']","['D10', 'D11', 'D12', 'D14', 'D15', 'D16', 'D17', 'D19', 'D2', 'D21', 'D23', 'D25', 'D26', 'D28', 'D29', 'D3', 'D30', 'D32', 'D33', 'D34', 'D35', 'D37', 'D38', 'D39', 'D4', 'D41', 'D43', 'D44', 'D45', 'D46', 'D47', 'D48', 'D5', 'D50', 'D52', 'D55', 'D58', 'D6', 'D60', 'D61', 'D62', 'D63', 'D64', 'D65', 'D66', 'D67', 'D68', 'D69', 'D70', 'D71', 'D72', 'D73', 'D76', 'D77', 'D78', 'D79', 'D8', 'D81', 'D82', 'D83', 'D84', 'D85', 'D86', 'D87', 'D89', 'D90', 'D92', 'D93', 'D95', 'D97']"
6,B81,[],[],"['D10', 'D11', 'D12', 'D14', 'D15', 'D16', 'D17', 'D19', 'D2', 'D21', 'D23', 'D25', 'D26', 'D28', 'D29', 'D3', 'D30', 'D32', 'D33', 'D34', 'D35', 'D37', 'D38', 'D39', 'D4', 'D41', 'D43', 'D44', 'D45', 'D46', 'D47', 'D48', 'D5', 'D50', 'D52', 'D55', 'D58', 'D6', 'D60', 'D61', 'D62', 'D63', 'D64', 'D65', 'D66', 'D67', 'D68', 'D69', 'D70', 'D71', 'D72', 'D73', 'D76', 'D77', 'D78', 'D79', 'D8', 'D81', 'D82', 'D83', 'D84', 'D85', 'D86', 'D87', 'D89', 'D90', 'D92', 'D93', 'D95', 'D97', 'D98']","['D10', 'D11', 'D12', 'D14', 'D15', 'D16', 'D17', 'D19', 'D2', 'D21', 'D23', 'D25', 'D26', 'D28', 'D29', 'D3', 'D30', 'D32', 'D33', 'D34', 'D35', 'D37', 'D38', 'D39', 'D4', 'D41', 'D43', 'D44', 'D45', 'D46', 'D47', 'D48', 'D5', 'D50', 'D52', 'D55', 'D58', 'D6', 'D60', 'D61', 'D62', 'D63', 'D64', 'D65', 'D66', 'D67', 'D68', 'D69', 'D70', 'D71', 'D72', 'D73', 'D76', 'D77', 'D78', 'D79', 'D8', 'D81', 'D82', 'D83', 'D84', 'D85', 'D86', 'D87', 'D89', 'D90', 'D92', 'D93', 'D95', 'D97', 'D98']"
6,B82,['D98'],"['D96', 'D97']","['D10', 'D11', 'D12', 'D14', 'D15', 'D16', 'D17', 'D19', 'D2', 'D21', 'D23', 'D25', 'D26', 'D28', 'D29', 'D3', 'D30', 'D32', 'D33', 'D34', 'D35', 'D37', 'D38', 'D39', 'D4', 'D41', 'D43', 'D44', 'D45', 'D46', 'D47', 'D48', 'D5', 'D50', 'D52', 'D55', 'D58', 'D6', 'D60', 'D61', 'D62', 'D63', 'D64', 'D65', 'D66', 'D67', 'D68', 'D69', 'D70', 'D71', 'D72', 'D73', 'D76', 'D77', 'D78', 'D79', 'D8', 'D81', 'D82', 'D83', 'D84', 'D85', 'D86', 'D87', 'D89', 'D90', 'D92', 'D93', 'D95', 'D96', 'D97', 'D98']","['D10', 'D11', 'D12', 'D14', 'D15', 'D16', 'D17', 'D19', 'D2', 'D21', 'D23', 'D25', 'D26', 'D28', 'D29', 'D3', 'D30', 'D32', 'D33', 'D34', 'D35', 'D37', 'D38', 'D39', 'D4', 'D41', 'D43', 'D44', 'D45', 'D46', 'D47', 'D48', 'D5', 'D50', 'D52', 'D55', 'D58', 'D6', 'D60', 'D61', 'D62', 'D63', 'D64', 'D65', 'D66', 'D67', 'D68', 'D69', 'D70', 'D71', 'D72', 'D73', 'D76', 'D77', 'D78', 'D79', 'D8', 'D81', 'D82', 'D83', 'D84', 'D85', 'D86', 'D87', 'D89', 'D90', 'D92', 'D93', 'D95', 'D98']"
6,B83,[],[],"['D10', 'D11', 'D12', 'D14', 'D15', 'D16', 'D17', 'D19', 'D2', 'D21', 'D23', 'D25', 'D26', 'D28', 'D29', 'D3', 'D30', 'D32', 'D33', 'D34', 'D35', 'D37', 'D38', 'D39', 'D4', 'D41', 'D43', 'D44', 'D45', 'D46', 'D47', 'D48', 'D5', 'D50', 'D52', 'D55', 'D58', 'D6', 'D60', 'D61', 'D62', 'D63', 'D64', 'D65', 'D66', 'D67', 'D68', 'D69', 'D70', 'D71', 'D72', 'D73', 'D76', 'D77', 'D78', 'D79', 'D8', 'D81', 'D82', 'D83', 'D84', 'D85', 'D86', 'D87', 'D89', 'D90', 'D92', 'D93', 'D95', 'D96', 'D97', 'D98']","['D10', 'D11', 'D12', 'D14', 'D15', 'D16', 'D17', 'D19', 'D2', 'D21', 'D23', 'D25', 'D26', 'D28', 'D29', 'D3', 'D30', 'D32', 'D33', 'D34', 'D35', 'D37', 'D38', 'D39', 'D4', 'D41', 'D43', 'D44', 'D45', 'D46', 'D47', 'D48', 'D5', 'D50', 'D52', 'D55', 'D58', 'D6', 'D60', 'D61', 'D62', 'D63', 'D64', 'D65', 'D66', 'D67', 'D68', 'D69', 'D70', 'D71', 'D72', 'D73', 'D76', 'D77', 'D78', 'D79', 'D8', 'D81', 'D82', 'D83', 'D84', 'D85', 'D86', 'D87', 'D89', 'D90', 'D92', 'D93', 'D95', 'D96', 'D97', 'D98']"
6,B84,['D99'],['D101'],"['D10', 'D11', 'D12', 'D14', 'D15', 'D16', 'D17', 'D19', 'D2', 'D21', 'D23', 'D25', 'D26', 'D28', 'D29', 'D3', 'D30', 'D32', 'D33', 'D34', 'D35', 'D37', 'D38', 'D39', 'D4', 'D41', 'D43', 'D44', 'D45', 'D46', 'D47', 'D48', 'D5', 'D50', 'D52', 'D55', 'D58', 'D6', 'D60', 'D61', 'D62', 'D63', 'D64', 'D65', 'D66', 'D67', 'D68', 'D69', 'D70', 'D71', 'D72', 'D73', 'D76', 'D77', 'D78', 'D79', 'D8', 'D81', 'D82', 'D83', 'D84', 'D85', 'D86', 'D87', 'D89', 'D90', 'D92', 'D93', 'D95', 'D96', 'D97']","['D10', 'D11', 'D12', 'D14', 'D15', 'D16', 'D17', 'D19', 'D2', 'D21', 'D23', 'D25', 'D26', 'D28', 'D29', 'D3', 'D30', 'D32', 'D33', 'D34', 'D35', 'D37', 'D38', 'D39', 'D4', 'D41', 'D43', 'D44', 'D45', 'D46', 'D47', 'D48', 'D5', 'D50', 'D52', 'D55', 'D58', 'D6', 'D60', 'D61', 'D62', 'D63', 'D64', 'D65', 'D66', 'D67', 'D68', 'D69', 'D70', 'D71', 'D72', 'D73', 'D76', 'D77', 'D78', 'D79', 'D8', 'D81', 'D82', 'D83', 'D84', 'D85', 'D86', 'D87', 'D89', 'D90', 'D92', 'D93', 'D95', 'D96', 'D97', 'D99']"
6,B85,[],[],"['D10', 'D100', 'D101', 'D11', 'D12', 'D14', 'D15', 'D16', 'D17', 'D19', 'D2', 'D21', 'D23', 'D25', 'D26', 'D28', 'D29', 'D3', 'D30', 'D32', 'D33', 'D34', 'D35', 'D37', 'D38', 'D39', 'D4', 'D41', 'D43', 'D44', 'D45', 'D46', 'D47', 'D48', 'D5', 'D50', 'D52', 'D55', 'D58', 'D6', 'D60', 'D61', 'D62', 'D63', 'D64', 'D65', 'D66', 'D67', 'D68', 'D69', 'D70', 'D71', 'D72', 'D73', 'D76', 'D77', 'D78', 'D79', 'D8', 'D81', 'D82', 'D83', 'D84', 'D85', 'D86', 'D87', 'D89', 'D90', 'D92', 'D93', 'D95', 'D96', 'D97', 'D99']","['D10', 'D100', 'D101', 'D11', 'D12', 'D14', 'D15', 'D16', 'D17', 'D19', 'D2', 'D21', 'D23', 'D25', 'D26', 'D28', 'D29', 'D3', 'D30', 'D32', 'D33', 'D34', 'D35', 'D37', 'D38', 'D39', 'D4', 'D41', 'D43', 'D44', 'D45', 'D46', 'D47', 'D48', 'D5', 'D50', 'D52', 'D55', 'D58', 'D6', 'D60', 'D61', 'D62', 'D63', 'D64', 'D65', 'D66', 'D67', 'D68', 'D69', 'D70', 'D71', 'D72', 'D73', 'D76', 'D77', 'D78', 'D79', 'D8', 'D81', 'D82', 'D83', 'D84', 'D85', 'D86', 'D87', 'D89', 'D90', 'D92', 'D93', 'D95', 'D96', 'D97', 'D99']"
6,B86,"['D100', 'D101']","['D104', 'D67', 'D68', 'D99']","['D10', 'D100', 'D101', 'D11', 'D12', 'D14', 'D15', 'D16', 'D17', 'D19', 'D2', 'D21', 'D23', 'D25', 'D26', 'D28', 'D29', 'D3', 'D30', 'D32', 'D33', 'D34', 'D35', 'D37', 'D38', 'D39', 'D4', 'D41', 'D43', 'D44', 'D45', 'D46', 'D47', 'D48', 'D5', 'D50', 'D52', 'D55', 'D58', 'D6', 'D60', 'D61', 'D62', 'D63', 'D64', 'D65', 'D66', 'D67', 'D68', 'D69', 'D70', 'D71', 'D72', 'D73', 'D76', 'D77', 'D78', 'D79', 'D8', 'D81', 'D82', 'D83', 'D84', 'D85', 'D86', 'D87', 'D89', 'D90', 'D92', 'D93', 'D95', 'D96', 'D97', 'D99']","['D10', 'D100', 'D101', 'D11', 'D12', 'D14', 'D15', 'D16', 'D17', 'D19', 'D2', 'D21', 'D23', 'D25', 'D26', 'D28', 'D29', 'D3', 'D30', 'D32', 'D33', 'D34', 'D35', 'D37', 'D38', 'D39', 'D4', 'D41', 'D43', 'D44', 'D45', 'D46', 'D47', 'D48', 'D5', 'D50', 'D52', 'D55', 'D58', 'D6', 'D60', 'D61', 'D62', 'D63', 'D64', 'D65', 'D66', 'D69', 'D70', 'D71', 'D72', 'D73', 'D76', 'D77', 'D78', 'D79', 'D8', 'D81', 'D82', 'D83', 'D84', 'D85', 'D86', 'D87', 'D89', 'D90', 'D92', 'D93', 'D95', 'D96', 'D97']"
6,B87,"['D102', 'D103']","['D105', 'D15']","['D10', 'D100', 'D101', 'D11', 'D12', 'D14', 'D15', 'D16', 'D17', 'D19', 'D2', 'D21', 'D23', 'D25', 'D26', 'D28', 'D29', 'D3', 'D30', 'D32', 'D33', 'D34', 'D35', 'D37', 'D38', 'D39', 'D4', 'D41', 'D43', 'D44', 'D45', 'D46', 'D47', 'D48', 'D5', 'D50', 'D52', 'D55', 'D58', 'D6', 'D60', 'D61', 'D62', 'D63', 'D64', 'D65', 'D66', 'D67', 'D68', 'D69', 'D70', 'D71', 'D72', 'D73', 'D76', 'D77', 'D78', 'D79', 'D8', 'D81', 'D82', 'D83', 'D84', 'D85', 'D86', 'D87', 'D89', 'D90', 'D92', 'D93', 'D95', 'D96', 'D97', 'D99']","['D10', 'D100', 'D101', 'D102', 'D103', 'D11', 'D12', 'D14', 'D16', 'D17', 'D19', 'D2', 'D21', 'D23', 'D25', 'D26', 'D28', 'D29', 'D3', 'D30', 'D32', 'D33', 'D34', 'D35', 'D37', 'D38', 'D39', 'D4', 'D41', 'D43', 'D44', 'D45', 'D46', 'D47', 'D48', 'D5', 'D50', 'D52', 'D55', 'D58', 'D6', 'D60', 'D61', 'D62', 'D63', 'D64', 'D65', 'D66', 'D67', 'D68', 'D69', 'D70', 'D71', 'D72', 'D73', 'D76', 'D77', 'D78', 'D79', 'D8', 'D81', 'D82', 'D83', 'D84', 'D85', 'D86', 'D87', 'D89', 'D90', 'D92', 'D93', 'D95', 'D96', 'D97', 'D99']"
6,B88,[],[],"['D10', 'D100', 'D101', 'D102', 'D103', 'D104', 'D105', 'D11', 'D12', 'D14', 'D16', 'D17', 'D19', 'D2', 'D21', 'D23', 'D25', 'D26', 'D28', 'D29', 'D3', 'D30', 'D32', 'D33', 'D34', 'D35', 'D37', 'D38', 'D39', 'D4', 'D41', 'D43', 'D44', 'D45', 'D46', 'D47', 'D48', 'D5', 'D50', 'D52', 'D55', 'D58', 'D6', 'D60', 'D61', 'D62', 'D63', 'D64', 'D65', 'D66', 'D67', 'D68', 'D69', 'D70', 'D71', 'D72', 'D73', 'D76', 'D77', 'D78', 'D79', 'D8', 'D81', 'D82', 'D83', 'D84', 'D85', 'D86', 'D87', 'D89', 'D90', 'D92', 'D93', 'D95', 'D96', 'D97', 'D99']","['D10', 'D100', 'D101', 'D102', 'D103', 'D104', 'D105', 'D11', 'D12', 'D14', 'D16', 'D17', 'D19', 'D2', 'D21', 'D23', 'D25', 'D26', 'D28', 'D29', 'D3', 'D30', 'D32', 'D33', 'D34', 'D35', 'D37', 'D38', 'D39', 'D4', 'D41', 'D43', 'D44', 'D45', 'D46', 'D47', 'D48', 'D5', 'D50', 'D52', 'D55', 'D58', 'D6', 'D60', 'D61', 'D62', 'D63', 'D64', 'D65', 'D66', 'D67', 'D68', 'D69', 'D70', 'D71', 'D72', 'D73', 'D76', 'D77', 'D78', 'D79', 'D8', 'D81', 'D82', 'D83', 'D84', 'D85', 'D86', 'D87', 'D89', 'D90', 'D92', 'D93', 'D95', 'D96', 'D97', 'D99']"
6,B89,"['D104', 'D105']","['D100', 'D102', 'D67', 'D68']","['D10', 'D100', 'D101', 'D102', 'D103', 'D104', 'D105', 'D11', 'D12', 'D14', 'D16', 'D17', 'D19', 'D2', 'D21', 'D23', 'D25', 'D26', 'D28', 'D29', 'D3', 'D30', 'D32', 'D33', 'D34', 'D35', 'D37', 'D38', 'D39', 'D4', 'D41', 'D43', 'D44', 'D45', 'D46', 'D47', 'D48', 'D5', 'D50', 'D52', 'D55', 'D58', 'D6', 'D60', 'D61', 'D62', 'D63', 'D64', 'D65', 'D66', 'D67', 'D68', 'D69', 'D70', 'D71', 'D72', 'D73', 'D76', 'D77', 'D78', 'D79', 'D8', 'D81', 'D82', 'D83', 'D84', 'D85', 'D86', 'D87', 'D89', 'D90', 'D92', 'D93', 'D95', 'D96', 'D97', 'D99']","['D10', 'D101', 'D103', 'D104', 'D105', 'D11', 'D12', 'D14', 'D16', 'D17', 'D19', 'D2', 'D21', 'D23', 'D25', 'D26', 'D28', 'D29', 'D3', 'D30', 'D32', 'D33', 'D34', 'D35', 'D37', 'D38', 'D39', 'D4', 'D41', 'D43', 'D44', 'D45', 'D46', 'D47', 'D48', 'D5', 'D50', 'D52', 'D55', 'D58', 'D6', 'D60', 'D61', 'D62', 'D63', 'D64', 'D65', 'D66', 'D69', 'D70', 'D71', 'D72', 'D73', 'D76', 'D77', 'D78', 'D79', 'D8', 'D81', 'D82', 'D83', 'D84', 'D85', 'D86', 'D87', 'D89', 'D90', 'D92', 'D93', 'D95', 'D96', 'D97', 'D99']"
6,B90,[],[],"['D10', 'D100', 'D101', 'D102', 'D103', 'D104', 'D105', 'D11', 'D12', 'D14', 'D16', 'D17', 'D19', 'D2', 'D21', 'D23', 'D25', 'D26', 'D28', 'D29', 'D3', 'D30', 'D32', 'D33', 'D34', 'D35', 'D37', 'D38', 'D39', 'D4', 'D41', 'D43', 'D44', 'D45', 'D46', 'D47', 'D48', 'D5', 'D50', 'D52', 'D55', 'D58', 'D6', 'D60', 'D61', 'D62', 'D63', 'D64', 'D65', 'D66', 'D67', 'D68', 'D69', 'D70', 'D71', 'D72', 'D73', 'D76', 'D77', 'D78', 'D79', 'D8', 'D81', 'D82', 'D83', 'D84', 'D85', 'D86', 'D87', 'D89', 'D90', 'D92', 'D93', 'D95', 'D96', 'D97', 'D99']","['D10', 'D100', 'D101', 'D102', 'D103', 'D104', 'D105', 'D11', 'D12', 'D14', 'D16', 'D17', 'D19', 'D2', 'D21', 'D23', 'D25', 'D26', 'D28', 'D29', 'D3', 'D30', 'D32', 'D33', 'D34', 'D35', 'D37', 'D38', 'D39', 'D4', 'D41', 'D43', 'D44', 'D45', 'D46', 'D47', 'D48', 'D5', 'D50', 'D52', 'D55', 'D58', 'D6', 'D60', 'D61', 'D62', 'D63', 'D64', 'D65', 'D66', 'D67', 'D68', 'D69', 'D70', 'D71', 'D72', 'D73', 'D76', 'D77', 'D78', 'D79', 'D8', 'D81', 'D82', 'D83', 'D84', 'D85', 'D86', 'D87', 'D89', 'D90', 'D92', 'D93', 'D95', 'D96', 'D97', 'D99']"
7,B0,"['D1', 'D2', 'D3', 'D4', 'D5', 'D6', 'D7']","['D10', 'D89', 'D9', 'D92']",[],"['D1', 'D2', 'D3', 'D4', 'D5', 'D6', 'D7']"
7,B1,[],[],"['D1', 'D2', 'D3', 'D4', 'D5', 'D6', 'D7', 'D8', 'D9']","['D1', 'D2', 'D3', 'D4', 'D5', 'D6', 'D7', 'D8', 'D9']"
7,B2,"['D8', 'D9']","['D10', 'D39', 'D47', 'D53', 'D61', 'D7']","['D1', 'D2', 'D3', 'D4', 'D5', 'D6', 'D7', 'D8', 'D9']","['D1', 'D2', 'D3', 'D4', 'D5', 'D6', 'D8', 'D9']"
7,B3,['D10'],"['D7', 'D9']","['D1', 'D2', 'D3', 'D4', 'D5', 'D6', 'D7', 'D8', 'D9']","['D1', 'D10', 'D2', 'D3', 'D4', 'D5', 'D6', 'D8']"
7,B4,[],[],"['D1', 'D10', 'D11', 'D12', 'D13', 'D2', 'D3', 'D4', 'D5', 'D6', 'D8']","['D1', 'D10', 'D11', 'D12', 'D13', 'D2', 'D3', 'D4', 'D5', 'D6', 'D8']"
7,B5,"['D11', 'D12', 'D13']","['D14', 'D16', 'D17']","['D1', 'D10', 'D11', 'D12', 'D13', 'D2', 'D3', 'D4', 'D5', 'D6', 'D8']","['D1', 'D10', 'D11', 'D12', 'D13', 'D2', 'D3', 'D4', 'D5', 'D6', 'D8']"
7,B6,['D14'],['D13'],"['D1', 'D10', 'D11', 'D12', 'D13', 'D2', 'D3', 'D4', 'D5', 'D6', 'D8']","['D1', 'D10', 'D11', 'D12', 'D14', 'D2', 'D3', 'D4', 'D5', 'D6', 'D8']"
7,B7,[],[],"['D1', 'D10', 'D11', 'D12', 'D14', 'D15', 'D16', 'D17', 'D18', 'D2', 'D3', 'D4', 'D5', 'D6', 'D8']","['D1', 'D10', 'D11', 'D12', 'D14', 'D15', 'D16', 'D17', 'D18', 'D2', 'D3', 'D4', 'D5', 'D6', 'D8']"
7,B8,"['D15', 'D16', 'D17', 'D18']","['D103', 'D11', 'D12', 'D19']","['D1', 'D10', 'D11', 'D12', 'D14', 'D15', 'D16', 'D17', 'D18', 'D2', 'D3', 'D4', 'D5', 'D6', 'D8']","['D1', 'D10', 'D14', 'D15', 'D16', 'D17', 'D18', 'D2', 'D3', 'D4', 'D5', 'D6', 'D8']"
7,B9,"['D19', 'D20']","['D18', 'D22', 'D23']","['D1', 'D10', 'D11', 'D12', 'D14', 'D15', 'D16', 'D17', 'D18', 'D2', 'D3', 'D4', 'D5', 'D6', 'D8']","['D1', 'D10', 'D11', 'D12', 'D14', 'D15', 'D16', 'D17', 'D19', 'D2', 'D20', 'D3', 'D4', 'D5', 'D6', 'D8']"
7,B10,[],[],"['D1', 'D10', 'D11', 'D12', 'D14', 'D15', 'D16', 'D17', 'D19', 'D2', 'D20', 'D21', 'D22', 'D3', 'D4', 'D5', 'D6', 'D8']","['D1', 'D10', 'D11', 'D12', 'D14', 'D15', 'D16', 'D17', 'D19', 'D2', 'D20', 'D21', 'D22', 'D3', 'D4', 'D5', 'D6', 'D8']"
7,B11,"['D21', 'D22']","['D20', 'D23']","['D1', 'D10', 'D11', 'D12', 'D14', 'D15', 'D16', 'D17', 'D19', 'D2', 'D20', 'D21', 'D22', 'D3', 'D4', 'D5', 'D6', 'D8']","['D1', 'D10', 'D11', 'D12', 'D14', 'D15', 'D16', 'D17', 'D19', 'D2', 'D21', 'D22', 'D3', 'D4', 'D5', 'D6', 'D8']"
7,B12,"['D23', 'D24', 'D25']","['D20', 'D22', 'D27', 'D28']","['D1', 'D10', 'D11', 'D12', 'D14', 'D15', 'D16', 'D17', 'D19', 'D2', 'D20', 'D21', 'D22', 'D3', 'D4', 'D5', 'D6', 'D8']","['D1', 'D10', 'D11', 'D12', 'D14', 'D15', 'D16', 'D17', 'D19', 'D2', 'D21', 'D23', 'D24', 'D25', 'D3', 'D4', 'D5', 'D6', 'D8']"
7,B13,[],[],"['D1', 'D10', 'D11', 'D12', 'D14', 'D15', 'D16', 'D17', 'D19', 'D2', 'D21', 'D23', 'D24', 'D25', 'D26', 'D27', 'D3', 'D4', 'D5', 'D6', 'D8']","['D1', 'D10', 'D11', 'D12', 'D14', 'D15', 'D16', 'D17', 'D19', 'D2', 'D21', 'D23', 'D24', 'D25', 'D26', 'D27', 'D3', 'D4', 'D5', 'D6', 'D8']"
7,B14,"['D26', 'D27']","['D24', 'D28', 'D90']","['D1', 'D10', 'D11', 'D12', 'D14', 'D15', 'D16', 'D17', 'D19', 'D2', 'D21', 'D23', 'D24', 'D25', 'D26', 'D27', 'D3', 'D4', 'D5', 'D6', 'D8']","['D1', 'D10', 'D11', 'D12', 'D14', 'D15', 'D16', 'D17', 'D19', 'D2', 'D21', 'D23', 'D25', 'D26', 'D27', 'D3', 'D4', 'D5', 'D6', 'D8']"
7,B15,"['D28', 'D29']","['D24', 'D27', 'D34', 'D35']","['D1', 'D10', 'D11', 'D12', 'D14', 'D15', 'D16', 'D17', 'D19', 'D2', 'D21', 'D23', 'D24', 'D25', 'D26', 'D27', 'D3', 'D4', 'D5', 'D6', 'D8']","['D1', 'D10', 'D11', 'D12', 'D14', 'D15', 'D16', 'D17', 'D19', 'D2', 'D21', 'D23', 'D25', 'D26', 'D28', 'D29', 'D3', 'D4', 'D5', 'D6', 'D8']"
7,B16,[],[],"['D1', 'D10', 'D11', 'D12', 'D14', 'D15', 'D16', 'D17', 'D19', 'D2', 'D21', 'D23', 'D25', 'D26', 'D28', 'D29', 'D3', 'D30', 'D31', 'D32', 'D33', 'D34', 'D4', 'D5', 'D6', 'D8']","['D1', 'D10', 'D11', 'D12', 'D14', 'D15', 'D16', 'D17', 'D19', 'D2', 'D21', 'D23', 'D25', 'D26', 'D28', 'D29', 'D3', 'D30', 'D31', 'D32', 'D33', 'D34', 'D4', 'D5', 'D6', 'D8']"
7,B17,"['D30', 'D31', 'D32']","['D33', 'D38']","['D1', 'D10', 'D11', 'D12', 'D14', 'D15', 'D16', 'D17', 'D19', 'D2', 'D21', 'D23', 'D25', 'D26', 'D28', 'D29', 'D3', 'D30', 'D31', 'D32', 'D33', 'D34', 'D4', 'D5', 'D6', 'D8']","['D1', 'D10', 'D11', 'D12', 'D14', 'D15', 'D16', 'D17', 'D19', 'D2', 'D21', 'D23', 'D25', 'D26', 'D28', 'D29', 'D3', 'D30', 'D31', 'D32', 'D34', 'D4', 'D5', 'D6', 'D8']"
7,B18,[],[],"['D1', 'D10', 'D11', 'D12', 'D14', 'D15', 'D16', 'D17', 'D19', 'D2', 'D21', 'D23', 'D25', 'D26', 'D28', 'D29', 'D3', 'D30', 'D31', 'D32', 'D33', 'D34', 'D4', 'D5', 'D6', 'D8']","['D1', 'D10', 'D11', 'D12', 'D14', 'D15', 'D16', 'D17', 'D19', 'D2', 'D21', 'D23', 'D25', 'D26', 'D28', 'D29', 'D3', 'D30', 'D31', 'D32', 'D33', 'D34', 'D4', 'D5', 'D6', 'D8']"
7,B19,['D33'],['D32'],"['D1', 'D10', 'D11', 'D12', 'D14', 'D15', 'D16', 'D17', 'D19', 'D2', 'D21', 'D23', 'D25', 'D26', 'D28', 'D29', 'D3', 'D30', 'D31', 'D32', 'D33', 'D34', 'D4', 'D5', 'D6', 'D8']","['D1', 'D10', 'D11', 'D12', 'D14', 'D15', 'D16', 'D17', 'D19', 'D2', 'D21', 'D23', 'D25', 'D26', 'D28', 'D29', 'D3', 'D30', 'D31', 'D33', 'D34', 'D4', 'D5', 'D6', 'D8']"
7,B20,['D34'],"['D29', 'D35']","['D1', 'D10', 'D11', 'D12', 'D14', 'D15', 'D16', 'D17', 'D19', 'D2', 'D21', 'D23', 'D25', 'D26', 'D28', 'D29', 'D3', 'D30', 'D31', 'D32', 'D33', 'D34', 'D4', 'D5', 'D6', 'D8']","['D1', 'D10', 'D11', 'D12', 'D14', 'D15', 'D16', 'D17', 'D19', 'D2', 'D21', 'D23', 'D25', 'D26', 'D28', 'D3', 'D30', 'D31', 'D32', 'D33', 'D34', 'D4', 'D5', 'D6', 'D8']"
7,B21,[],[],"['D1', 'D10', 'D11', 'D12', 'D14', 'D15', 'D16', 'D17', 'D19', 'D2', 'D21', 'D23', 'D25', 'D26', 'D28', 'D29', 'D3', 'D30', 'D31', 'D32', 'D33', 'D34', 'D35', 'D4', 'D5', 'D6', 'D8']","['D1', 'D10', 'D11', 'D12', 'D14', 'D15', 'D16', 'D17', 'D19', 'D2', 'D21', 'D23', 'D25', 'D26', 'D28', 'D29', 'D3', 'D30', 'D31', 'D32', 'D33', 'D34', 'D35', 'D4', 'D5', 'D6', 'D8']"
7,B22,[],[],"['D1', 'D10', 'D11', 'D12', 'D14', 'D15', 'D16', 'D17', 'D19', 'D2', 'D21', 'D23', 'D25', 'D26', 'D28', 'D29', 'D3', 'D30', 'D31', 'D32', 'D33', 'D34', 'D35', 'D4', 'D5', 'D6', 'D8']","['D1', 'D10', 'D11', 'D12', 'D14', 'D15', 'D16', 'D17', 'D19', 'D2', 'D21', 'D23', 'D25', 'D26', 'D28', 'D29', 'D3', 'D30', 'D31', 'D32', 'D33', 'D34', 'D35', 'D4', 'D5', 'D6', 'D8']"
7,B23,['D35'],"['D29', 'D34']","['D1', 'D10', 'D11', 'D12', 'D14', 'D15', 'D16', 'D17', 'D19', 'D2', 'D21', 'D23', 'D25', 'D26', 'D28', 'D29', 'D3', 'D30', 'D31', 'D32', 'D33', 'D34', 'D35', 'D4', 'D5', 'D6', 'D8']","['D1', 'D10', 'D11', 'D12', 'D14', 'D15', 'D16', 'D17', 'D19', 'D2', 'D21', 'D23', 'D25', 'D26', 'D28', 'D3', 'D30', 'D31', 'D32', 'D33', 'D35', 'D4', 'D5', 'D6', 'D8']"
7,B24,[],[],"['D1', 'D10', 'D11', 'D12', 'D14', 'D15', 'D16', 'D17', 'D19', 'D2', 'D21', 'D23', 'D25', 'D26', 'D28', 'D29', 'D3', 'D30', 'D31', 'D32', 'D33', 'D34', 'D35', 'D4', 'D5', 'D6', 'D8']","['D1', 'D10', 'D11', 'D12', 'D14', 'D15', 'D16', 'D17', 'D19', 'D2', 'D21', 'D23', 'D25', 'D26', 'D28', 'D29', 'D3', 'D30', 'D31', 'D32', 'D33', 'D34', 'D35', 'D4', 'D5', 'D6', 'D8']"
7,B25,"['D36', 'D37', 'D38']","['D31', 'D40', 'D41']","['D1', 'D10', 'D11', 'D12', 'D14', 'D15', 'D16', 'D17', 'D19', 'D2', 'D21', 'D23', 'D25', 'D26', 'D28', 'D29', 'D3', 'D30', 'D31', 'D32', 'D33', 'D34', 'D35', 'D4', 'D5', 'D6', 'D8']","['D1', 'D10', 'D11', 'D12', 'D14', 'D15', 'D16', 'D17', 'D19', 'D2', 'D21', 'D23', 'D25', 'D26', 'D28', 'D29', 'D3', 'D30', 'D32', 'D33', 'D34', 'D35', 'D36', 'D37', 'D38', 'D4', 'D5', 'D6', 'D8']"
7,B26,[],[],"['D1', 'D10', 'D11', 'D12', 'D14', 'D15', 'D16', 'D17', 'D19', 'D2', 'D21', 'D23', 'D25', 'D26', 'D28', 'D29', 'D3', 'D30', 'D32', 'D33', 'D34', 'D35', 'D36', 'D37', 'D38', 'D39', 'D4', 'D40', 'D5', 'D6', 'D8']","['D1', 'D10', 'D11', 'D12', 'D14', 'D15', 'D16', 'D17', 'D19', 'D2', 'D21', 'D23', 'D25', 'D26', 'D28', 'D29', 'D3', 'D30', 'D32', 'D33', 'D34', 'D35', 'D36', 'D37', 'D38', 'D39', 'D4', 'D40', 'D5', 'D6', 'D8']"
7,B27,"['D39', 'D40']","['D36', 'D41', 'D47', 'D53', 'D61', 'D8']","['D1', 'D10', 'D11', 'D12', 'D14', 'D15', 'D16', 'D17', 'D19', 'D2', 'D21', 'D23', 'D25', 'D26', 'D28', 'D29', 'D3', 'D30', 'D32', 'D33', 'D34', 'D35', 'D36', 'D37', 'D38', 'D39', 'D4', 'D40', 'D5', 'D6', 'D8']","['D1', 'D10', 'D11', 'D12', 'D14', 'D15', 'D16', 'D17', 'D19', 'D2', 'D21', 'D23', 'D25', 'D26', 'D28', 'D29', 'D3', 'D30', 'D32', 'D33', 'D34', 'D35', 'D37', 'D38', 'D39', 'D4', 'D40', 'D5', 'D6']"
7,B28,"['D41', 'D42', 'D43', 'D44', 'D45', 'D46']","['D36', 'D40', 'D49', 'D50']","['D1', 'D10', 'D11', 'D12', 'D14', 'D15', 'D16', 'D17', 'D19', 'D2', 'D21', 'D23', 'D25', 'D26', 'D28', 'D29', 'D3', 'D30', 'D32', 'D33', 'D34', 'D35', 'D36', 'D37', 'D38', 'D39', 'D4', 'D40', 'D5', 'D6', 'D8']","['D1', 'D10', 'D11', 'D12', 'D14', 'D15', 'D16', 'D17', 'D19', 'D2', 'D21', 'D23', 'D25', 'D26', 'D28', 'D29', 'D3', 'D30', 'D32', 'D33', 'D34', 'D35', 'D37', 'D38', 'D39', 'D4', 'D41', 'D42', 'D43', 'D44', 'D45', 'D46', 'D5', 'D6', 'D8']"
7,B29,[],[],"['D1', 'D10', 'D11', 'D12', 'D14', 'D15', 'D16', 'D17', 'D19', 'D2', 'D21', 'D23', 'D25', 'D26', 'D28', 'D29', 'D3', 'D30', 'D32', 'D33', 'D34', 'D35', 'D37', 'D38', 'D39', 'D4', 'D41', 'D42', 'D43', 'D44', 'D45', 'D46', 'D47', 'D48', 'D49', 'D5', 'D6', 'D8']","['D1', 'D10', 'D11', 'D12', 'D14', 'D15', 'D16', 'D17', 'D19', 'D2', 'D21', 'D23', 'D25', 'D26', 'D28', 'D29', 'D3', 'D30', 'D32', 'D33', 'D34', 'D35', 'D37', 'D38', 'D39', 'D4', 'D41', 'D42', 'D43', 'D44', 'D45', 'D46', 'D47', 'D48', 'D49', 'D5', 'D6', 'D8']"
7,B30,[],[],"['D1', 'D10', 'D11', 'D12', 'D14', 'D15', 'D16', 'D17', 'D19', 'D2', 'D21', 'D23', 'D25', 'D26', 'D28', 'D29', 'D3', 'D30', 'D32', 'D33', 'D34', 'D35', 'D37', 'D38', 'D39', 'D4', 'D41', 'D42', 'D43', 'D44', 'D45', 'D46', 'D47', 'D48', 'D49', 'D5', 'D6', 'D8']","['D1', 'D10', 'D11', 'D12', 'D14', 'D15', 'D16', 'D17', 'D19', 'D2', 'D21', 'D23', 'D25', 'D26', 'D28', 'D29', 'D3', 'D30', 'D32', 'D33', 'D34', 'D35', 'D37', 'D38', 'D39', 'D4', 'D41', 'D42', 'D43', 'D44', 'D45', 'D46', 'D47', 'D48', 'D49', 'D5', 'D6', 'D8']"
7,B31,"['D47', 'D48', 'D49']","['D39', 'D42', 'D50', 'D53', 'D54', 'D61', 'D62', 'D8']","['D1', 'D10', 'D11', 'D12', 'D14', 'D15', 'D16', 'D17', 'D19', 'D2', 'D21', 'D23', 'D25', 'D26', 'D28', 'D29', 'D3', 'D30', 'D32', 'D33', 'D34', 'D35', 'D37', 'D38', 'D39', 'D4', 'D41', 'D42', 'D43', 'D44', 'D45', 'D46', 'D47', 'D48', 'D49', 'D5', 'D6', 'D8']","['D1', 'D10', 'D11', 'D12', 'D14', 'D15', 'D16', 'D17', 'D19', 'D2', 'D21', 'D23', 'D25', 'D26', 'D28', 'D29', 'D3', 'D30', 'D32', 'D33', 'D34', 'D35', 'D37', 'D38', 'D4', 'D41', 'D43', 'D44', 'D45', 'D46', 'D47', 'D48', 'D49', 'D5', 'D6']"
7,B32,[],[],"['D1', 'D10', 'D11', 'D12', 'D14', 'D15', 'D16', 'D17', 'D19', 'D2', 'D21', 'D23', 'D25', 'D26', 'D28', 'D29', 'D3', 'D30', 'D32', 'D33', 'D34', 'D35', 'D37', 'D38', 'D39', 'D4', 'D41', 'D42', 'D43', 'D44', 'D45', 'D46', 'D47', 'D48', 'D49', 'D5', 'D6', 'D8']","['D1', 'D10', 'D11', 'D12', 'D14', 'D15', 'D16', 'D17', 'D19', 'D2', 'D21', 'D23', 'D25', 'D26', 'D28', 'D29', 'D3', 'D30', 'D32', 'D33', 'D34', 'D35', 'D37', 'D38', 'D39', 'D4', 'D41', 'D42', 'D43', 'D44', 'D45', 'D46', 'D47', 'D48', 'D49', 'D5', 'D6', 'D8']"
7,B33,"['D50', 'D51', 'D52']","['D42', 'D49', 'D56', 'D57', 'D58']","['D1', 'D10', 'D11', 'D12', 'D14', 'D15', 'D16', 'D17', 'D19', 'D2', 'D21', 'D23', 'D25', 'D26', 'D28', 'D29', 'D3', 'D30', 'D32', 'D33', 'D34', 'D35', 'D37', 'D38', 'D39', 'D4', 'D41', 'D42', 'D43', 'D44', 'D45', 'D46', 'D47', 'D48', 'D49', 'D5', 'D6', 'D8']","['D1', 'D10', 'D11', 'D12', 'D14', 'D15', 'D16', 'D17', 'D19', 'D2', 'D21', 'D23', 'D25', 'D26', 'D28', 'D29', 'D3', 'D30', 'D32', 'D33', 'D34', 'D35', 'D37', 'D38', 'D39', 'D4', 'D41', 'D43', 'D44', 'D45', 'D46', 'D47', 'D48', 'D5', 'D50', 'D51', 'D52', 'D6', 'D8']"
7,B34,[],[],"['D1', 'D10', 'D11', 'D12', 'D14', 'D15', 'D16', 'D17', 'D19', 'D2', 'D21', 'D23', 'D25', 'D26', 'D28', 'D29', 'D3', 'D30', 'D32', 'D33', 'D34', 'D35', 'D37', 'D38', 'D39', 'D4', 'D41', 'D43', 'D44', 'D45', 'D46', 'D47', 'D48', 'D5', 'D50', 'D51', 'D52', 'D55', 'D56', 'D6', 'D61', 'D62', 'D8']","['D1', 'D10', 'D11', 'D12', 'D14', 'D15', 'D16', 'D17', 'D19', 'D2', 'D21', 'D23', 'D25', 'D26', 'D28', 'D29', 'D3', 'D30', 'D32', 'D33', 'D34', 'D35', 'D37', 'D38', 'D39', 'D4', 'D41', 'D43', 'D44', 'D45', 'D46', 'D47', 'D48', 'D5', 'D50', 'D51', 'D52', 'D55', 'D56', 'D6', 'D61', 'D62', 'D8']"
7,B35,"['D55', 'D61', 'D62']","['D39', 'D47', 'D48', 'D53', 'D54', 'D8']","['D1', 'D10', 'D11', 'D12', 'D14', 'D15', 'D16', 'D17', 'D19', 'D2', 'D21', 'D23', 'D25', 'D26', 'D28', 'D29', 'D3', 'D30', 'D32', 'D33', 'D34', 'D35', 'D37', 'D38', 'D39', 'D4', 'D41', 'D43', 'D44', 'D45', 'D46', 'D47', 'D48', 'D5', 'D50', 'D51', 'D52', 'D55', 'D56', 'D6', 'D61', 'D62', 'D8']","['D1', 'D10', 'D11', 'D12', 'D14', 'D15', 'D16', 'D17', 'D19', 'D2', 'D21', 'D23', 'D25', 'D26', 'D28', 'D29', 'D3', 'D30', 'D32', 'D33', 'D34', 'D35', 'D37', 'D38', 'D4', 'D41', 'D43', 'D44', 'D45', 'D46', 'D5', 'D50', 'D51', 'D52', 'D55', 'D56', 'D6', 'D61', 'D62']"
7,B36,[],[],"['D1', 'D10', 'D11', 'D12', 'D14', 'D15', 'D16', 'D17', 'D19', 'D2', 'D21', 'D23', 'D25', 'D26', 'D28', 'D29', 'D3', 'D30', 'D32', 'D33', 'D34', 'D35', 'D37', 'D38', 'D4', 'D41', 'D43', 'D44', 'D45', 'D46', 'D5', 'D50', 'D51', 'D52', 'D55', 'D56', 'D6', 'D61', 'D62']","['D1', 'D10', 'D11', 'D12', 'D14', 'D15', 'D16', 'D17', 'D19', 'D2', 'D21', 'D23', 'D25', 'D26', 'D28', 'D29', 'D3', 'D30', 'D32', 'D33', 'D34', 'D35', 'D37', 'D38', 'D4', 'D41', 'D43', 'D44', 'D45', 'D46', 'D5', 'D50', 'D51', 'D52', 'D55', 'D56', 'D6', 'D61', 'D62']"
7,B37,['D56'],"['D51', 'D57', 'D58']","['D1', 'D10', 'D11', 'D12', 'D14', 'D15', 'D16', 'D17', 'D19', 'D2', 'D21', 'D23', 'D25', 'D26', 'D28', 'D29', 'D3', 'D30', 'D32', 'D33', 'D34', 'D35', 'D37', 'D38', 'D4', 'D41', 'D43', 'D44', 'D45', 'D46', 'D5', 'D50', 'D51', 'D52', 'D55', 'D56', 'D6', 'D61', 'D62']","['D1', 'D10', 'D11', 'D12', 'D14', 'D15', 'D16', 'D17', 'D19', 'D2', 'D21', 'D23', 'D25', 'D26', 'D28', 'D29', 'D3', 'D30', 'D32', 'D33', 'D34', 'D35', 'D37', 'D38', 'D4', 'D41', 'D43', 'D44', 'D45', 'D46', 'D5', 'D50', 'D52', 'D55', 'D56', 'D6', 'D61', 'D62']"
7,B38,[],[],"['D1', 'D10', 'D11', 'D12', 'D14', 'D15', 'D16', 'D17', 'D19', 'D2', 'D21', 'D23', 'D25', 'D26', 'D28', 'D29', 'D3', 'D30', 'D32', 'D33', 'D34', 'D35', 'D37', 'D38', 'D4', 'D41', 'D43', 'D44', 'D45', 'D46', 'D5', 'D50', 'D51', 'D52', 'D55', 'D56', 'D6', 'D61', 'D62']","['D1', 'D10', 'D11', 'D12', 'D14', 'D15', 'D16', 'D17', 'D19', 'D2', 'D21', 'D23', 'D25', 'D26', 'D28', 'D29', 'D3', 'D30', 'D32', 'D33', 'D34', 'D35', 'D37', 'D38', 'D4', 'D41', 'D43', 'D44', 'D45', 'D46', 'D5', 'D50', 'D51', 'D52', 'D55', 'D56', 'D6', 'D61', 'D62']"
7,B39,"['D58', 'D59', 'D60']","['D51', 'D56', 'D57', 'D63', 'D64']","['D1', 'D10', 'D11', 'D12', 'D14', 'D15', 'D16', 'D17', 'D19', 'D2', 'D21', 'D23', 'D25', 'D26', 'D28', 'D29', 'D3', 'D30', 'D32', 'D33', 'D34', 'D35', 'D37', 'D38', 'D39', 'D4', 'D41', 'D43', 'D44', 'D45', 'D46', 'D47', 'D48', 'D5', 'D50', 'D51', 'D52', 'D55', 'D56', 'D6', 'D61', 'D62', 'D8']","['D1', 'D10', 'D11', 'D12', 'D14', 'D15', 'D16', 'D17', 'D19', 'D2', 'D21', 'D23', 'D25', 'D26', 'D28', 'D29', 'D3', 'D30', 'D32', 'D33', 'D34', 'D35', 'D37', 'D38', 'D39', 'D4', 'D41', 'D43', 'D44', 'D45', 'D46', 'D47', 'D48', 'D5', 'D50', 'D52', 'D55', 'D58', 'D59', 'D6', 'D60', 'D61', 'D62', 'D8']"
7,B40,[],[],"['D1', 'D10', 'D11', 'D12', 'D14', 'D15', 'D16', 'D17', 'D19', 'D2', 'D21', 'D23', 'D25', 'D26', 'D28', 'D29', 'D3', 'D30', 'D32', 'D33', 'D34', 'D35', 'D37', 'D38', 'D39', 'D4', 'D41', 'D43', 'D44', 'D45', 'D46', 'D47', 'D48', 'D5', 'D50', 'D52', 'D55', 'D58', 'D59', 'D6', 'D60', 'D61', 'D62', 'D63', 'D8']","['D1', 'D10', 'D11', 'D12', 'D14', 'D15', 'D16', 'D17', 'D19', 'D2', 'D21', 'D23', 'D25', 'D26', 'D28', 'D29', 'D3', 'D30', 'D32', 'D33', 'D34', 'D35', 'D37', 'D38', 'D39', 'D4', 'D41', 'D43', 'D44', 'D45', 'D46', 'D47', 'D48', 'D5', 'D50', 'D52', 'D55', 'D58', 'D59', 'D6', 'D60', 'D61', 'D62', 'D63', 'D8']"
7,B41,"['D61', 'D62']","['D39', 'D47', 'D48', 'D53', 'D54', 'D8']","['D1', 'D10', 'D11', 'D12', 'D14', 'D15', 'D16', 'D17', 'D19', 'D2', 'D21', 'D23', 'D25', 'D26', 'D28', 'D29', 'D3', 'D30', 'D32', 'D33', 'D34', 'D35', 'D37', 'D38', 'D39', 'D4', 'D41', 'D43', 'D44', 'D45', 'D46', 'D47', 'D48', 'D5', 'D50', 'D52', 'D55', 'D58', 'D59', 'D6', 'D60', 'D61', 'D62', 'D63', 'D8']","['D1', 'D10', 'D11', 'D12', 'D14', 'D15', 'D16', 'D17', 'D19', 'D2', 'D21', 'D23', 'D25', 'D26', 'D28', 'D29', 'D3', 'D30', 'D32', 'D33', 'D34', 'D35', 'D37', 'D38', 'D4', 'D41', 'D43', 'D44', 'D45', 'D46', 'D5', 'D50', 'D52', 'D55', 'D58', 'D59', 'D6', 'D60', 'D61', 'D62', 'D63']"
7,B42,[],[],"['D1', 'D10', 'D11', 'D12', 'D14', 'D15', 'D16', 'D17', 'D19', 'D2', 'D21', 'D23', 'D25', 'D26', 'D28', 'D29', 'D3', 'D30', 'D32', 'D33', 'D34', 'D35', 'D37', 'D38', 'D4', 'D41', 'D43', 'D44', 'D45', 'D46', 'D5', 'D50', 'D52', 'D55', 'D58', 'D59', 'D6', 'D60', 'D61', 'D62', 'D63']","['D1', 'D10', 'D11', 'D12', 'D14', 'D15', 'D16', 'D17', 'D19', 'D2', 'D21', 'D23', 'D25', 'D26', 'D28', 'D29', 'D3', 'D30', 'D32', 'D33', 'D34', 'D35', 'D37', 'D38', 'D4', 'D41', 'D43', 'D44', 'D45', 'D46', 'D5', 'D50', 'D52', 'D55', 'D58', 'D59', 'D6', 'D60', 'D61', 'D62', 'D63']"
7,B43,['D63'],['D60'],"['D1', 'D10', 'D11', 'D12', 'D14', 'D15', 'D16', 'D17', 'D19', 'D2', 'D21', 'D23', 'D25', 'D26', 'D28', 'D29', 'D3', 'D30', 'D32', 'D33', 'D34', 'D35', 'D37', 'D38', 'D4', 'D41', 'D43', 'D44', 'D45', 'D46', 'D5', 'D50', 'D52', 'D55', 'D58', 'D59', 'D6', 'D60', 'D61', 'D62', 'D63']","['D1', 'D10', 'D11', 'D12', 'D14', 'D15', 'D16', 'D17', 'D19', 'D2', 'D21', 'D23', 'D25', 'D26', 'D28', 'D29', 'D3', 'D30', 'D32', 'D33', 'D34', 'D35', 'D37', 'D38', 'D4', 'D41', 'D43', 'D44', 'D45', 'D46', 'D5', 'D50', 'D52', 'D55', 'D58', 'D59', 'D6', 'D61', 'D62', 'D63']"
7,B44,[],[],"['D1', 'D10', 'D11', 'D12', 'D14', 'D15', 'D16', 'D17', 'D19', 'D2', 'D21', 'D23', 'D25', 'D26', 'D28', 'D29', 'D3', 'D30', 'D32', 'D33', 'D34', 'D35', 'D37', 'D38', 'D4', 'D41', 'D43', 'D44', 'D45', 'D46', 'D5', 'D50', 'D52', 'D55', 'D58', 'D59', 'D6', 'D60', 'D61', 'D62', 'D63']","['D1', 'D10', 'D11', 'D12', 'D14', 'D15', 'D16', 'D17', 'D19', 'D2', 'D21', 'D23', 'D25', 'D26', 'D28', 'D29', 'D3', 'D30', 'D32', 'D33', 'D34', 'D35', 'D37', 'D38', 'D4', 'D41', 'D43', 'D44', 'D45', 'D46', 'D5', 'D50', 'D52', 'D55', 'D58', 'D59', 'D6', 'D60', 'D61', 'D62', 'D63']"
7,B45,"['D64', 'D65', 'D66']","['D59', 'D69']","['D1', 'D10', 'D11', 'D12', 'D14', 'D15', 'D16', 'D17', 'D19', 'D2', 'D21', 'D23', 'D25', 'D26', 'D28', 'D29', 'D3', 'D30', 'D32', 'D33', 'D34', 'D35', 'D37', 'D38', 'D39', 'D4', 'D41', 'D43', 'D44', 'D45', 'D46', 'D47', 'D48', 'D5', 'D50', 'D52', 'D55', 'D58', 'D59', 'D6', 'D60', 'D61', 'D62', 'D63', 'D8']","['D1', 'D10', 'D11', 'D12', 'D14', 'D15', 'D16', 'D17', 'D19', 'D2', 'D21', 'D23', 'D25', 'D26', 'D28', 'D29', 'D3', 'D30', 'D32', 'D33', 'D34', 'D35', 'D37', 'D38', 'D39', 'D4', 'D41', 'D43', 'D44', 'D45', 'D46', 'D47', 'D48', 'D5', 'D50', 'D52', 'D55', 'D58', 'D6', 'D60', 'D61', 'D62', 'D63', 'D64', 'D65', 'D66', 'D8']"
7,B46,[],[],"['D1', 'D10', 'D11', 'D12', 'D14', 'D15', 'D16', 'D17', 'D19', 'D2', 'D21', 'D23', 'D25', 'D26', 'D28', 'D29', 'D3', 'D30', 'D32', 'D33', 'D34', 'D35', 'D37', 'D38', 'D39', 'D4', 'D41', 'D43', 'D44', 'D45', 'D46', 'D47', 'D48', 'D5', 'D50', 'D52', 'D55', 'D58', 'D6', 'D60', 'D61', 'D62', 'D63', 'D64', 'D65', 'D66', 'D67', 'D68', 'D69', 'D8']","['D1', 'D10', 'D11', 'D12', 'D14', 'D15', 'D16', 'D17', 'D19', 'D2', 'D21', 'D23', 'D25', 'D26', 'D28', 'D29', 'D3', 'D30', 'D32', 'D33', 'D34', 'D35', 'D37', 'D38', 'D39', 'D4', 'D41', 'D43', 'D44', 'D45', 'D46', 'D47', 'D48', 'D5', 'D50', 'D52', 'D55', 'D58', 'D6', 'D60', 'D61', 'D62', 'D63', 'D64', 'D65', 'D66', 'D67', 'D68', 'D69', 'D8']"
7,B47,['D67'],"['D100', 'D104', 'D68']","['D1', 'D10', 'D11', 'D12', 'D14', 'D15', 'D16', 'D17', 'D19', 'D2', 'D21', 'D23', 'D25', 'D26', 'D28', 'D29', 'D3', 'D30', 'D32', 'D33', 'D34', 'D35', 'D37', 'D38', 'D39', 'D4', 'D41', 'D43', 'D44', 'D45', 'D46', 'D47', 'D48', 'D5', 'D50', 'D52', 'D55', 'D58', 'D6', 'D60', 'D61', 'D62', 'D63', 'D64', 'D65', 'D66', 'D67', 'D68', 'D69', 'D8']","['D1', 'D10', 'D11', 'D12', 'D14', 'D15', 'D16', 'D17', 'D19', 'D2', 'D21', 'D23', 'D25', 'D26', 'D28', 'D29', 'D3', 'D30', 'D32', 'D33', 'D34', 'D35', 'D37', 'D38', 'D39', 'D4', 'D41', 'D43', 'D44', 'D45', 'D46', 'D47', 'D48', 'D5', 'D50', 'D52', 'D55', 'D58', 'D6', 'D60', 'D61', 'D62', 'D63', 'D64', 'D65', 'D66', 'D67', 'D69', 'D8']"
7,B48,[],[],"['D1', 'D10', 'D11', 'D12', 'D14', 'D15', 'D16', 'D17', 'D19', 'D2', 'D21', 'D23', 'D25', 'D26', 'D28', 'D29', 'D3', 'D30', 'D32', 'D33', 'D34', 'D35', 'D37', 'D38', 'D39', 'D4', 'D41', 'D43', 'D44', 'D45', 'D46', 'D47', 'D48', 'D5', 'D50', 'D52', 'D55', 'D58', 'D6', 'D60', 'D61', 'D62', 'D63', 'D64', 'D65', 'D66', 'D67', 'D69', 'D8']","['D1', 'D10', 'D11', 'D12', 'D14', 'D15', 'D16', 'D17', 'D19', 'D2', 'D21', 'D23', 'D25', 'D26', 'D28', 'D29', 'D3', 'D30', 'D32', 'D33', 'D34', 'D35', 'D37', 'D38', 'D39', 'D4', 'D41', 'D43', 'D44', 'D45', 'D46', 'D47', 'D48', 'D5', 'D50', 'D52', 'D55', 'D58', 'D6', 'D60', 'D61', 'D62', 'D63', 'D64', 'D65', 'D66', 'D67', 'D69', 'D8']"
7,B49,['D68'],"['D100', 'D104', 'D67']","['D1', 'D10', 'D11', 'D12', 'D14', 'D15', 'D16', 'D17', 'D19', 'D2', 'D21', 'D23', 'D25', 'D26', 'D28', 'D29', 'D3', 'D30', 'D32', 'D33', 'D34', 'D35', 'D37', 'D38', 'D39', 'D4', 'D41', 'D43', 'D44', 'D45', 'D46', 'D47', 'D48', 'D5', 'D50', 'D52', 'D55', 'D58', 'D6', 'D60', 'D61', 'D62', 'D63', 'D64', 'D65', 'D66', 'D67', 'D69', 'D8']","['D1', 'D10', 'D11', 'D12', 'D14', 'D15', 'D16', 'D17', 'D19', 'D2', 'D21', 'D23', 'D25', 'D26', 'D28', 'D29', 'D3', 'D30', 'D32', 'D33', 'D34', 'D35', 'D37', 'D38', 'D39', 'D4', 'D41', 'D43', 'D44', 'D45', 'D46', 'D47', 'D48', 'D5', 'D50', 'D52', 'D55', 'D58', 'D6', 'D60', 'D61', 'D62', 'D63', 'D64', 'D65', 'D66', 'D68', 'D69', 'D8']"
7,B50,['D69'],['D65'],"['D1', 'D10', 'D11', 'D12', 'D14', 'D15', 'D16', 'D17', 'D19', 'D2', 'D21', 'D23', 'D25', 'D26', 'D28', 'D29', 'D3', 'D30', 'D32', 'D33', 'D34', 'D35', 'D37', 'D38', 'D39', 'D4', 'D41', 'D43', 'D44', 'D45', 'D46', 'D47', 'D48', 'D5', 'D50', 'D52', 'D55', 'D58', 'D6', 'D60', 'D61', 'D62', 'D63', 'D64', 'D65', 'D66', 'D67', 'D68', 'D69', 'D8']","['D1', 'D10', 'D11', 'D12', 'D14', 'D15', 'D16', 'D17', 'D19', 'D2', 'D21', 'D23', 'D25', 'D26', 'D28', 'D29', 'D3', 'D30', 'D32', 'D33', 'D34', 'D35', 'D37', 'D38', 'D39', 'D4', 'D41', 'D43', 'D44', 'D45', 'D46', 'D47', 'D48', 'D5', 'D50', 'D52', 'D55', 'D58', 'D6', 'D60', 'D61', 'D62', 'D63', 'D64', 'D66', 'D67', 'D68', 'D69', 'D8']"
7,B51,"['D70', 'D71']",['D72'],"['D1', 'D10', 'D11', 'D12', 'D14', 'D15', 'D16', 'D17', 'D19', 'D2', 'D21', 'D23', 'D25', 'D26', 'D28', 'D29', 'D3', 'D30', 'D32', 'D33', 'D34', 'D35', 'D37', 'D38', 'D39', 'D4', 'D41', 'D43', 'D44', 'D45', 'D46', 'D47', 'D48', 'D5', 'D50', 'D52', 'D55', 'D58', 'D6', 'D60', 'D61', 'D62', 'D63', 'D64', 'D65', 'D66', 'D67', 'D68', 'D69', 'D8']","['D1', 'D10', 'D11', 'D12', 'D14', 'D15', 'D16', 'D17', 'D19', 'D2', 'D21', 'D23', 'D25', 'D26', 'D28', 'D29', 'D3', 'D30', 'D32', 'D33', 'D34', 'D35', 'D37', 'D38', 'D39', 'D4', 'D41', 'D43', 'D44', 'D45', 'D46', 'D47', 'D48', 'D5', 'D50', 'D52', 'D55', 'D58', 'D6', 'D60', 'D61', 'D62', 'D63', 'D64', 'D65', 'D66', 'D67', 'D68', 'D69', 'D70', 'D71', 'D8']"
7,B52,[],[],"['D1', 'D10', 'D11', 'D12', 'D14', 'D15', 'D16', 'D17', 'D19', 'D2', 'D21', 'D23', 'D25', 'D26', 'D28', 'D29', 'D3', 'D30', 'D32', 'D33', 'D34', 'D35', 'D37', 'D38', 'D39', 'D4', 'D41', 'D43', 'D44', 'D45', 'D46', 'D47', 'D48', 'D5', 'D50', 'D52', 'D55', 'D58', 'D6', 'D60', 'D61', 'D62', 'D63', 'D64', 'D65', 'D66', 'D67', 'D68', 'D69', 'D70', 'D71', 'D72', 'D8']","['D1', 'D10', 'D11', 'D12', 'D14', 'D15', 'D16', 'D17', 'D19', 'D2', 'D21', 'D23', 'D25', 'D26', 'D28', 'D29', 'D3', 'D30', 'D32', 'D33', 'D34', 'D35', 'D37', 'D38', 'D39', 'D4', 'D41', 'D43', 'D44', 'D45', 'D46', 'D47', 'D48', 'D5', 'D50', 'D52', 'D55', 'D58', 'D6', 'D60', 'D61', 'D62', 'D63', 'D64', 'D65', 'D66', 'D67', 'D68', 'D69', 'D70', 'D71', 'D72', 'D8']"
7,B53,['D72'],['D70'],"['D1', 'D10', 'D11', 'D12', 'D14', 'D15', 'D16', 'D17', 'D19', 'D2', 'D21', 'D23', 'D25', 'D26', 'D28', 'D29', 'D3', 'D30', 'D32', 'D33', 'D34', 'D35', 'D37', 'D38', 'D39', 'D4', 'D41', 'D43', 'D44', 'D45', 'D46', 'D47', 'D48', 'D5', 'D50', 'D52', 'D55', 'D58', 'D6', 'D60', 'D61', 'D62', 'D63', 'D64', 'D65', 'D66', 'D67', 'D68', 'D69', 'D70', 'D71', 'D72', 'D8']","['D1', 'D10', 'D11', 'D12', 'D14', 'D15', 'D16', 'D17', 'D19', 'D2', 'D21', 'D23', 'D25', 'D26', 'D28', 'D29', 'D3', 'D30', 'D32', 'D33', 'D34', 'D35', 'D37', 'D38', 'D39', 'D4', 'D41', 'D43', 'D44', 'D45', 'D46', 'D47', 'D48', 'D5', 'D50', 'D52', 'D55', 'D58', 'D6', 'D60', 'D61', 'D62', 'D63', 'D64', 'D65', 'D66', 'D67', 'D68', 'D69', 'D71', 'D72', 'D8']"
7,B54,['D73'],['D74'],"['D1', 'D10', 'D11', 'D12', 'D14', 'D15', 'D16', 'D17', 'D19', 'D2', 'D21', 'D23', 'D25', 'D26', 'D28', 'D29', 'D3', 'D30', 'D32', 'D33', 'D34', 'D35', 'D37', 'D38', 'D39', 'D4', 'D41', 'D43', 'D44', 'D45', 'D46', 'D47', 'D48', 'D5', 'D50', 'D52', 'D55', 'D58', 'D6', 'D60', 'D61', 'D62', 'D63', 'D64', 'D65', 'D66', 'D67', 'D68', 'D69', 'D70', 'D71', 'D72', 'D8']","['D1', 'D10', 'D11', 'D12', 'D14', 'D15', 'D16', 'D17', 'D19', 'D2', 'D21', 'D23', 'D25', 'D26', 'D28', 'D29', 'D3', 'D30', 'D32', 'D33', 'D34', 'D35', 'D37', 'D38', 'D39', 'D4', 'D41', 'D43', 'D44', 'D45', 'D46', 'D47', 'D48', 'D5', 'D50', 'D52', 'D55', 'D58', 'D6', 'D60', 'D61', 'D62', 'D63', 'D64', 'D65', 'D66', 'D67', 'D68', 'D69', 'D70', 'D71', 'D72', 'D73', 'D8']"
7,B55,[],[],"['D1', 'D10', 'D11', 'D12', 'D14', 'D15', 'D16', 'D17', 'D19', 'D2', 'D21', 'D23', 'D25', 'D26', 'D28', 'D29', 'D3', 'D30', 'D32', 'D33', 'D34', 'D35', 'D37', 'D38', 'D39', 'D4', 'D41', 'D43', 'D44', 'D45', 'D46', 'D47', 'D48', 'D5', 'D50', 'D52', 'D55', 'D58', 'D6', 'D60', 'D61', 'D62', 'D63', 'D64', 'D65', 'D66', 'D67', 'D68', 'D69', 'D70', 'D71', 'D72', 'D73', 'D74', 'D8']","['D1', 'D10', 'D11', 'D12', 'D14', 'D15', 'D16', 'D17', 'D19', 'D2', 'D21', 'D23', 'D25', 'D26', 'D28', 'D29', 'D3', 'D30', 'D32', 'D33', 'D34', 'D35', 'D37', 'D38', 'D39', 'D4', 'D41', 'D43', 'D44', 'D45', 'D46', 'D47', 'D48', 'D5', 'D50', 'D52', 'D55', 'D58', 'D6', 'D60', 'D61', 'D62', 'D63', 'D64', 'D65', 'D66', 'D67', 'D68', 'D69', 'D70', 'D71', 'D72', 'D73', 'D74', 'D8']"
7,B56,[],[],"['D1', 'D10', 'D11', 'D12', 'D14', 'D15', 'D16', 'D17', 'D19', 'D2', 'D21', 'D23', 'D25', 'D26', 'D28', 'D29', 'D3', 'D30', 'D32', 'D33', 'D34', 'D35', 'D37', 'D38', 'D39', 'D4', 'D41', 'D43', 'D44', 'D45', 'D46', 'D47', 'D48', 'D5', 'D50', 'D52', 'D55', 'D58', 'D6', 'D60', 'D61', 'D62', 'D63', 'D64', 'D65', 'D66', 'D67', 'D68', 'D69', 'D70', 'D71', 'D72', 'D73', 'D74', 'D8']","['D1', 'D10', 'D11', 'D12', 'D14', 'D15', 'D16', 'D17', 'D19', 'D2', 'D21', 'D23', 'D25', 'D26', 'D28', 'D29', 'D3', 'D30', 'D32', 'D33', 'D34', 'D35', 'D37', 'D38', 'D39', 'D4', 'D41', 'D43', 'D44', 'D45', 'D46', 'D47', 'D48', 'D5', 'D50', 'D52', 'D55', 'D58', 'D6', 'D60', 'D61', 'D62', 'D63', 'D64', 'D65', 'D66', 'D67', 'D68', 'D69', 'D70', 'D71', 'D72', 'D73', 'D74', 'D8']"
7,B57,[],[],"['D1', 'D10', 'D11', 'D12', 'D14', 'D15', 'D16', 'D17', 'D19', 'D2', 'D21', 'D23', 'D25', 'D26', 'D28', 'D29', 'D3', 'D30', 'D32', 'D33', 'D34', 'D35', 'D37', 'D38', 'D39', 'D4', 'D41', 'D43', 'D44', 'D45', 'D46', 'D47', 'D48', 'D5', 'D50', 'D52', 'D55', 'D58', 'D6', 'D60', 'D61', 'D62', 'D63', 'D64', 'D65', 'D66', 'D67', 'D68', 'D69', 'D70', 'D71', 'D72', 'D73', 'D74', 'D8']","['D1', 'D10', 'D11', 'D12', 'D14', 'D15', 'D16', 'D17', 'D19', 'D2', 'D21', 'D23', 'D25', 'D26', 'D28', 'D29', 'D3', 'D30', 'D32', 'D33', 'D34', 'D35', 'D37', 'D38', 'D39', 'D4', 'D41', 'D43', 'D44', 'D45', 'D46', 'D47', 'D48', 'D5', 'D50', 'D52', 'D55', 'D58', 'D6', 'D60', 'D61', 'D62', 'D63', 'D64', 'D65', 'D66', 'D67', 'D68', 'D69', 'D70', 'D71', 'D72', 'D73', 'D74', 'D8']"
7,B58,['D74'],['D73'],"['D1', 'D10', 'D11', 'D12', 'D14', 'D15', 'D16', 'D17', 'D19', 'D2', 'D21', 'D23', 'D25', 'D26', 'D28', 'D29', 'D3', 'D30', 'D32', 'D33', 'D34', 'D35', 'D37', 'D38', 'D39', 'D4', 'D41', 'D43', 'D44', 'D45', 'D46', 'D47', 'D48', 'D5', 'D50', 'D52', 'D55', 'D58', 'D6', 'D60', 'D61', 'D62', 'D63', 'D64', 'D65', 'D66', 'D67', 'D68', 'D69', 'D70', 'D71', 'D72', 'D73', 'D74', 'D8']","['D1', 'D10', 'D11', 'D12', 'D14', 'D15', 'D16', 'D17', 'D19', 'D2', 'D21', 'D23', 'D25', 'D26', 'D28', 'D29', 'D3', 'D30', 'D32', 'D33', 'D34', 'D35', 'D37', 'D38', 'D39', 'D4', 'D41', 'D43', 'D44', 'D45', 'D46', 'D47', 'D48', 'D5', 'D50', 'D52', 'D55', 'D58', 'D6', 'D60', 'D61', 'D62', 'D63', 'D64', 'D65', 'D66', 'D67', 'D68', 'D69', 'D70', 'D71', 'D72', 'D74', 'D8']"
7,B59,[],[],"['D1', 'D10', 'D11', 'D12', 'D14', 'D15', 'D16', 'D17', 'D19', 'D2', 'D21', 'D23', 'D25', 'D26', 'D28', 'D29', 'D3', 'D30', 'D32', 'D33', 'D34', 'D35', 'D37', 'D38', 'D39', 'D4', 'D41', 'D43', 'D44', 'D45', 'D46', 'D47', 'D48', 'D5', 'D50', 'D52', 'D55', 'D58', 'D6', 'D60', 'D61', 'D62', 'D63', 'D64', 'D65', 'D66', 'D67', 'D68', 'D69', 'D70', 'D71', 'D72', 'D73', 'D74', 'D8']","['D1', 'D10', 'D11', 'D12', 'D14', 'D15', 'D16', 'D17', 'D19', 'D2', 'D21', 'D23', 'D25', 'D26', 'D28', 'D29', 'D3', 'D30', 'D32', 'D33', 'D34', 'D35', 'D37', 'D38', 'D39', 'D4', 'D41', 'D43', 'D44', 'D45', 'D46', 'D47', 'D48', 'D5', 'D50', 'D52', 'D55', 'D58', 'D6', 'D60', 'D61', 'D62', 'D63', 'D64', 'D65', 'D66', 'D67', 'D68', 'D69', 'D70', 'D71', 'D72', 'D73', 'D74', 'D8']"
7,B60,[],[],"['D1', 'D10', 'D11', 'D12', 'D14', 'D15', 'D16', 'D17', 'D19', 'D2', 'D21', 'D23', 'D25', 'D26', 'D28', 'D29', 'D3', 'D30', 'D32', 'D33', 'D34', 'D35', 'D37', 'D38', 'D39', 'D4', 'D41', 'D43', 'D44', 'D45', 'D46', 'D47', 'D48', 'D5', 'D50', 'D52', 'D55', 'D58', 'D6', 'D60', 'D61', 'D62', 'D63', 'D64', 'D65', 'D66', 'D67', 'D68', 'D69', 'D70', 'D71', 'D72', 'D73', 'D74', 'D8']","['D1', 'D10', 'D11', 'D12', 'D14', 'D15', 'D16', 'D17', 'D19', 'D2', 'D21', 'D23', 'D25', 'D26', 'D28', 'D29', 'D3', 'D30', 'D32', 'D33', 'D34', 'D35', 'D37', 'D38', 'D39', 'D4', 'D41', 'D43', 'D44', 'D45', 'D46', 'D47', 'D48', 'D5', 'D50', 'D52', 'D55', 'D58', 'D6', 'D60', 'D61', 'D62', 'D63', 'D64', 'D65', 'D66', 'D67', 'D68', 'D69', 'D70', 'D71', 'D72', 'D73', 'D74', 'D8']"
7,B61,"['D75', 'D76', 'D77']","['D80', 'D81', 'D82']","['D1', 'D10', 'D11', 'D12', 'D14', 'D15', 'D16', 'D17', 'D19', 'D2', 'D21', 'D23', 'D25', 'D26', 'D28', 'D29', 'D3', 'D30', 'D32', 'D33', 'D34', 'D35', 'D37', 'D38', 'D39', 'D4', 'D41', 'D43', 'D44', 'D45', 'D46', 'D47', 'D48', 'D5', 'D50', 'D52', 'D55', 'D58', 'D6', 'D60', 'D61', 'D62', 'D63', 'D64', 'D65', 'D66', 'D67', 'D68', 'D69', 'D70', 'D71', 'D72', 'D73', 'D74', 'D8']","['D1', 'D10', 'D11', 'D12', 'D14', 'D15', 'D16', 'D17', 'D19', 'D2', 'D21', 'D23', 'D25', 'D26', 'D28', 'D29', 'D3', 'D30', 'D32', 'D33', 'D34', 'D35', 'D37', 'D38', 'D39', 'D4', 'D41', 'D43', 'D44', 'D45', 'D46', 'D47', 'D48', 'D5', 'D50', 'D52', 'D55', 'D58', 'D6', 'D60', 'D61', 'D62', 'D63', 'D64', 'D65', 'D66', 'D67', 'D68', 'D69', 'D70', 'D71', 'D72', 'D73', 'D74', 'D75', 'D76', 'D77', 'D8']"
7,B62,[],[],"['D1', 'D10', 'D11', 'D12', 'D14', 'D15', 'D16', 'D17', 'D19', 'D2', 'D21', 'D23', 'D25', 'D26', 'D28', 'D29', 'D3', 'D30', 'D32', 'D33', 'D34', 'D35', 'D37', 'D38', 'D39', 'D4', 'D41', 'D43', 'D44', 'D45', 'D46', 'D47', 'D48', 'D5', 'D50', 'D52', 'D55', 'D58', 'D6', 'D60', 'D61', 'D62', 'D63', 'D64', 'D65', 'D66', 'D67', 'D68', 'D69', 'D70', 'D71', 'D72', 'D73', 'D74', 'D75', 'D76', 'D77', 'D78', 'D79', 'D8', 'D80', 'D81']","['D1', 'D10', 'D11', 'D12', 'D14', 'D15', 'D16', 'D17', 'D19', 'D2', 'D21', 'D23', 'D25', 'D26', 'D28', 'D29', 'D3', 'D30', 'D32', 'D33', 'D34', 'D35', 'D37', 'D38', 'D39', 'D4', 'D41', 'D43', 'D44', 'D45', 'D46', 'D47', 'D48', 'D5', 'D50', 'D52', 'D55', 'D58', 'D6', 'D60', 'D61', 'D62', 'D63', 'D64', 'D65', 'D66', 'D67', 'D68', 'D69', 'D70', 'D71', 'D72', 'D73', 'D74', 'D75', 'D76', 'D77', 'D78', 'D79', 'D8', 'D80', 'D81']"
7,B63,"['D78', 'D79', 'D80', 'D81']","['D75', 'D77', 'D82']","['D1', 'D10', 'D11', 'D12', 'D14', 'D15', 'D16', 'D17', 'D19', 'D2', 'D21', 'D23', 'D25', 'D26', 'D28', 'D29', 'D3', 'D30', 'D32', 'D33', 'D34', 'D35', 'D37', 'D38', 'D39', 'D4', 'D41', 'D43', 'D44', 'D45', 'D46', 'D47', 'D48', 'D5', 'D50', 'D52', 'D55', 'D58', 'D6', 'D60', 'D61', 'D62', 'D63', 'D64', 'D65', 'D66', 'D67', 'D68', 'D69', 'D70', 'D71', 'D72', 'D73', 'D74', 'D75', 'D76', 'D77', 'D78', 'D79', 'D8', 'D80', 'D81']","['D1', 'D10', 'D11', 'D12', 'D14', 'D15', 'D16', 'D17', 'D19', 'D2', 'D21', 'D23', 'D25', 'D26', 'D28', 'D29', 'D3', 'D30', 'D32', 'D33', 'D34', 'D35', 'D37', 'D38', 'D39', 'D4', 'D41', 'D43', 'D44', 'D45', 'D46', 'D47', 'D48', 'D5', 'D50', 'D52', 'D55', 'D58', 'D6', 'D60', 'D61', 'D62', 'D63', 'D64', 'D65', 'D66', 'D67', 'D68', 'D69', 'D70', 'D71', 'D72', 'D73', 'D74', 'D76', 'D78', 'D79', 'D8', 'D80', 'D81']"
7,B64,"['D82', 'D83', 'D84']","['D75', 'D80', 'D86']","['D1', 'D10', 'D11', 'D12', 'D14', 'D15', 'D16', 'D17', 'D19', 'D2', 'D21', 'D23', 'D25', 'D26', 'D28', 'D29', 'D3', 'D30', 'D32', 'D33', 'D34', 'D35', 'D37', 'D38', 'D39', 'D4', 'D41', 'D43', 'D44', 'D45', 'D46', 'D47', 'D48', 'D5', 'D50', 'D52', 'D55', 'D58', 'D6', 'D60', 'D61', 'D62', 'D63', 'D64', 'D65', 'D66', 'D67', 'D68', 'D69', 'D70', 'D71', 'D72', 'D73', 'D74', 'D75', 'D76', 'D77', 'D78', 'D79', 'D8', 'D80', 'D81']","['D1', 'D10', 'D11', 'D12', 'D14', 'D15', 'D16', 'D17', 'D19', 'D2', 'D21', 'D23', 'D25', 'D26', 'D28', 'D29', 'D3', 'D30', 'D32', 'D33', 'D34', 'D35', 'D37', 'D38', 'D39', 'D4', 'D41', 'D43', 'D44', 'D45', 'D46', 'D47', 'D48', 'D5', 'D50', 'D52', 'D55', 'D58', 'D6', 'D60', 'D61', 'D62', 'D63', 'D64', 'D65', 'D66', 'D67', 'D68', 'D69', 'D70', 'D71', 'D72', 'D73', 'D74', 'D76', 'D77', 'D78', 'D79', 'D8', 'D81', 'D82', 'D83', 'D84']"
7,B65,[],[],"['D1', 'D10', 'D11', 'D12', 'D14', 'D15', 'D16', 'D17', 'D19', 'D2', 'D21', 'D23', 'D25', 'D26', 'D28', 'D29', 'D3', 'D30', 'D32', 'D33', 'D34', 'D35', 'D37', 'D38', 'D39', 'D4', 'D41', 'D43', 'D44', 'D45', 'D46', 'D47', 'D48', 'D5', 'D50', 'D52', 'D55', 'D58', 'D6', 'D60', 'D61', 'D62', 'D63', 'D64', 'D65', 'D66', 'D67', 'D68', 'D69', 'D70', 'D71', 'D72', 'D73', 'D74', 'D76', 'D77', 'D78', 'D79', 'D8', 'D81', 'D82', 'D83', 'D84', 'D85']","['D1', 'D10', 'D11', 'D12', 'D14', 'D15', 'D16', 'D17', 'D19', 'D2', 'D21', 'D23', 'D25', 'D26', 'D28', 'D29', 'D3', 'D30', 'D32', 'D33', 'D34', 'D35', 'D37', 'D38', 'D39', 'D4', 'D41', 'D43', 'D44', 'D45', 'D46', 'D47', 'D48', 'D5', 'D50', 'D52', 'D55', 'D58', 'D6', 'D60', 'D61', 'D62', 'D63', 'D64', 'D65', 'D66', 'D67', 'D68', 'D69', 'D70', 'D71', 'D72', 'D73', 'D74', 'D76', 'D77', 'D78', 'D79', 'D8', 'D81', 'D82', 'D83', 'D84', 'D85']"
7,B66,[],[],"['D1', 'D10', 'D11', 'D12', 'D14', 'D15', 'D16', 'D17', 'D19', 'D2', 'D21', 'D23', 'D25', 'D26', 'D28', 'D29', 'D3', 'D30', 'D32', 'D33', 'D34', 'D35', 'D37', 'D38', 'D39', 'D4', 'D41', 'D43', 'D44', 'D45', 'D46', 'D47', 'D48', 'D5', 'D50', 'D52', 'D55', 'D58', 'D6', 'D60', 'D61', 'D62', 'D63', 'D64', 'D65', 'D66', 'D67', 'D68', 'D69', 'D70', 'D71', 'D72', 'D73', 'D74', 'D76', 'D77', 'D78', 'D79', 'D8', 'D81', 'D82', 'D83', 'D84', 'D85']","['D1', 'D10', 'D11', 'D12', 'D14', 'D15', 'D16', 'D17', 'D19', 'D2', 'D21', 'D23', 'D25', 'D26', 'D28', 'D29', 'D3', 'D30', 'D32', 'D33', 'D34', 'D35', 'D37', 'D38', 'D39', 'D4', 'D41', 'D43', 'D44', 'D45', 'D46', 'D47', 'D48', 'D5', 'D50', 'D52', 'D55', 'D58', 'D6', 'D60', 'D61', 'D62', 'D63', 'D64', 'D65', 'D66', 'D67', 'D68', 'D69', 'D70', 'D71', 'D72', 'D73', 'D74', 'D76', 'D77', 'D78', 'D79', 'D8', 'D81', 'D82', 'D83', 'D84', 'D85']"
7,B67,['D85'],[],"['D1', 'D10', 'D11', 'D12', 'D14', 'D15', 'D16', 'D17', 'D19', 'D2', 'D21', 'D23', 'D25', 'D26', 'D28', 'D29', 'D3', 'D30', 'D32', 'D33', 'D34', 'D35', 'D37', 'D38', 'D39', 'D4', 'D41', 'D43', 'D44', 'D45', 'D46', 'D47', 'D48', 'D5', 'D50', 'D52', 'D55', 'D58', 'D6', 'D60', 'D61', 'D62', 'D63', 'D64', 'D65', 'D66', 'D67', 'D68', 'D69', 'D70', 'D71', 'D72', 'D73', 'D74', 'D76', 'D77', 'D78', 'D79', 'D8', 'D81', 'D82', 'D83', 'D84', 'D85']","['D1', 'D10', 'D11', 'D12', 'D14', 'D15', 'D16', 'D17', 'D19', 'D2', 'D21', 'D23', 'D25', 'D26', 'D28', 'D29', 'D3', 'D30', 'D32', 'D33', 'D34', 'D35', 'D37', 'D38', 'D39', 'D4', 'D41', 'D43', 'D44', 'D45', 'D46', 'D47', 'D48', 'D5', 'D50', 'D52', 'D55', 'D58', 'D6', 'D60', 'D61', 'D62', 'D63', 'D64', 'D65', 'D66', 'D67', 'D68', 'D69', 'D70', 'D71', 'D72', 'D73', 'D74', 'D76', 'D77', 'D78', 'D79', 'D8', 'D81', 'D82', 'D83', 'D84', 'D85']"
7,B68,[],[],"['D1', 'D10', 'D11', 'D12', 'D14', 'D15', 'D16', 'D17', 'D19', 'D2', 'D21', 'D23', 'D25', 'D26', 'D28', 'D29', 'D3', 'D30', 'D32', 'D33', 'D34', 'D35', 'D37', 'D38', 'D39', 'D4', 'D41', 'D43', 'D44', 'D45', 'D46', 'D47', 'D48', 'D5', 'D50', 'D52', 'D55', 'D58', 'D6', 'D60', 'D61', 'D62', 'D63', 'D64', 'D65', 'D66', 'D67', 'D68', 'D69', 'D70', 'D71', 'D72', 'D73', 'D74', 'D76', 'D77', 'D78', 'D79', 'D8', 'D81', 'D82', 'D83', 'D84', 'D85']","['D1', 'D10', 'D11', 'D12', 'D14', 'D15', 'D16', 'D17', 'D19', 'D2', 'D21', 'D23', 'D25', 'D26', 'D28', 'D29', 'D3', 'D30', 'D32', 'D33', 'D34', 'D35', 'D37', 'D38', 'D39', 'D4', 'D41', 'D43', 'D44', 'D45', 'D46', 'D47', 'D48', 'D5', 'D50', 'D52', 'D55', 'D58', 'D6', 'D60', 'D61', 'D62', 'D63', 'D64', 'D65', 'D66', 'D67', 'D68', 'D69', 'D70', 'D71', 'D72', 'D73', 'D74', 'D76', 'D77', 'D78', 'D79', 'D8', 'D81', 'D82', 'D83', 'D84', 'D85']"
7,B69,[],[],"['D1', 'D10', 'D11', 'D12', 'D14', 'D15', 'D16', 'D17', 'D19', 'D2', 'D21', 'D23', 'D25', 'D26', 'D28', 'D29', 'D3', 'D30', 'D32', 'D33', 'D34', 'D35', 'D37', 'D38', 'D39', 'D4', 'D41', 'D43', 'D44', 'D45', 'D46', 'D47', 'D48', 'D5', 'D50', 'D52', 'D55', 'D58', 'D6', 'D60', 'D61', 'D62', 'D63', 'D64', 'D65', 'D66', 'D67', 'D68', 'D69', 'D70', 'D71', 'D72', 'D73', 'D74', 'D76', 'D77', 'D78', 'D79', 'D8', 'D81', 'D82', 'D83', 'D84', 'D85', 'D86']","['D1', 'D10', 'D11', 'D12', 'D14', 'D15', 'D16', 'D17', 'D19', 'D2', 'D21', 'D23', 'D25', 'D26', 'D28', 'D29', 'D3', 'D30', 'D32', 'D33', 'D34', 'D35', 'D37', 'D38', 'D39', 'D4', 'D41', 'D43', 'D44', 'D45', 'D46', 'D47', 'D48', 'D5', 'D50', 'D52', 'D55', 'D58', 'D6', 'D60', 'D61', 'D62', 'D63', 'D64', 'D65', 'D66', 'D67', 'D68', 'D69', 'D70', 'D71', 'D72', 'D73', 'D74', 'D76', 'D77', 'D78', 'D79', 'D8', 'D81', 'D82', 'D83', 'D84', 'D85', 'D86']"
7,B70,[],[],"['D1', 'D10', 'D11', 'D12', 'D14', 'D15', 'D16', 'D17', 'D19', 'D2', 'D21', 'D23', 'D25', 'D26', 'D28', 'D29', 'D3', 'D30', 'D32', 'D33', 'D34', 'D35', 'D37', 'D38', 'D39', 'D4', 'D41', 'D43', 'D44', 'D45', 'D46', 'D47', 'D48', 'D5', 'D50', 'D52', 'D55', 'D58', 'D6', 'D60', 'D61', 'D62', 'D63', 'D64', 'D65', 'D66', 'D67', 'D68', 'D69', 'D70', 'D71', 'D72', 'D73', 'D74', 'D76', 'D77', 'D78', 'D79', 'D8', 'D81', 'D82', 'D83', 'D84', 'D85', 'D86']","['D1', 'D10', 'D11', 'D12', 'D14', 'D15', 'D16', 'D17', 'D19', 'D2', 'D21', 'D23', 'D25', 'D26', 'D28', 'D29', 'D3', 'D30', 'D32', 'D33', 'D34', 'D35', 'D37', 'D38', 'D39', 'D4', 'D41', 'D43', 'D44', 'D45', 'D46', 'D47', 'D48', 'D5', 'D50', 'D52', 'D55', 'D58', 'D6', 'D60', 'D61', 'D62', 'D63', 'D64', 'D65', 'D66', 'D67', 'D68', 'D69', 'D70', 'D71', 'D72', 'D73', 'D74', 'D76', 'D77', 'D78', 'D79', 'D8', 'D81', 'D82', 'D83', 'D84', 'D85', 'D86']"
7,B71,['D86'],['D83'],"['D1', 'D10', 'D11', 'D12', 'D14', 'D15', 'D16', 'D17', 'D19', 'D2', 'D21', 'D23', 'D25', 'D26', 'D28', 'D29', 'D3', 'D30', 'D32', 'D33', 'D34', 'D35', 'D37', 'D38', 'D39', 'D4', 'D41', 'D43', 'D44', 'D45', 'D46', 'D47', 'D48', 'D5', 'D50', 'D52', 'D55', 'D58', 'D6', 'D60', 'D61', 'D62', 'D63', 'D64', 'D65', 'D66', 'D67', 'D68', 'D69', 'D70', 'D71', 'D72', 'D73', 'D74', 'D76', 'D77', 'D78', 'D79', 'D8', 'D81', 'D82', 'D83', 'D84', 'D85', 'D86']","['D1', 'D10', 'D11', 'D12', 'D14', 'D15', 'D16', 'D17', 'D19', 'D2', 'D21', 'D23', 'D25', 'D26', 'D28', 'D29', 'D3', 'D30', 'D32', 'D33', 'D34', 'D35', 'D37', 'D38', 'D39', 'D4', 'D41', 'D43', 'D44', 'D45', 'D46', 'D47', 'D48', 'D5', 'D50', 'D52', 'D55', 'D58', 'D6', 'D60', 'D61', 'D62', 'D63', 'D64', 'D65', 'D66', 'D67', 'D68', 'D69', 'D70', 'D71', 'D72', 'D73', 'D74', 'D76', 'D77', 'D78', 'D79', 'D8', 'D81', 'D82', 'D84', 'D85', 'D86']"
7,B72,[],[],"['D1', 'D10', 'D11', 'D12', 'D14', 'D15', 'D16', 'D17', 'D19', 'D2', 'D21', 'D23', 'D25', 'D26', 'D28', 'D29', 'D3', 'D30', 'D32', 'D33', 'D34', 'D35', 'D37', 'D38', 'D39', 'D4', 'D41', 'D43', 'D44', 'D45', 'D46', 'D47', 'D48', 'D5', 'D50', 'D52', 'D55', 'D58', 'D6', 'D60', 'D61', 'D62', 'D63', 'D64', 'D65', 'D66', 'D67', 'D68', 'D69', 'D70', 'D71', 'D72', 'D73', 'D74', 'D76', 'D77', 'D78', 'D79', 'D8', 'D81', 'D82', 'D83', 'D84', 'D85', 'D86']","['D1', 'D10', 'D11', 'D12', 'D14', 'D15', 'D16', 'D17', 'D19', 'D2', 'D21', 'D23', 'D25', 'D26', 'D28', 'D29', 'D3', 'D30', 'D32', 'D33', 'D34', 'D35', 'D37', 'D38', 'D39', 'D4', 'D41', 'D43', 'D44', 'D45', 'D46', 'D47', 'D48', 'D5', 'D50', 'D52', 'D55', 'D58', 'D6', 'D60', 'D61', 'D62', 'D63', 'D64', 'D65', 'D66', 'D67', 'D68', 'D69', 'D70', 'D71', 'D72', 'D73', 'D74', 'D76', 'D77', 'D78', 'D79', 'D8', 'D81', 'D82', 'D83', 'D84', 'D85', 'D86']"
7,B73,"['D87', 'D88', 'D89']","['D1', 'D91', 'D92', 'D93', 'D94', 'D95']","['D1', 'D10', 'D11', 'D12', 'D14', 'D15', 'D16', 'D17', 'D19', 'D2', 'D21', 'D23', 'D25', 'D26', 'D28', 'D29', 'D3', 'D30', 'D32', 'D33', 'D34', 'D35', 'D37', 'D38', 'D39', 'D4', 'D41', 'D43', 'D44', 'D45', 'D46', 'D47', 'D48', 'D5', 'D50', 'D52', 'D55', 'D58', 'D6', 'D60', 'D61', 'D62', 'D63', 'D64', 'D65', 'D66', 'D67', 'D68', 'D69', 'D70', 'D71', 'D72', 'D73', 'D74', 'D76', 'D77', 'D78', 'D79', 'D8', 'D81', 'D82', 'D83', 'D84', 'D85', 'D86']","['D10', 'D11', 'D12', 'D14', 'D15', 'D16', 'D17', 'D19', 'D2', 'D21', 'D23', 'D25', 'D26', 'D28', 'D29', 'D3', 'D30', 'D32', 'D33', 'D34', 'D35', 'D37', 'D38', 'D39', 'D4', 'D41', 'D43', 'D44', 'D45', 'D46', 'D47', 'D48', 'D5', 'D50', 'D52', 'D55', 'D58', 'D6', 'D60', 'D61', 'D62', 'D63', 'D64', 'D65', 'D66', 'D67', 'D68', 'D69', 'D70', 'D71', 'D72', 'D73', 'D74', 'D76', 'D77', 'D78', 'D79', 'D8', 'D81', 'D82', 'D83', 'D84', 'D85', 'D86', 'D87', 'D88', 'D89']"
7,B74,[],[],"['D10', 'D11', 'D12', 'D14', 'D15', 'D16', 'D17', 'D19', 'D2', 'D21', 'D23', 'D25', 'D26', 'D28', 'D29', 'D3', 'D30', 'D32', 'D33', 'D34', 'D35', 'D37', 'D38', 'D39', 'D4', 'D41', 'D43', 'D44', 'D45', 'D46', 'D47', 'D48', 'D5', 'D50', 'D52', 'D55', 'D58', 'D6', 'D60', 'D61', 'D62', 'D63', 'D64', 'D65', 'D66', 'D67', 'D68', 'D69', 'D70', 'D71', 'D72', 'D73', 'D74', 'D76', 'D77', 'D78', 'D79', 'D8', 'D81', 'D82', 'D83', 'D84', 'D85', 'D86', 'D87', 'D88', 'D89', 'D90', 'D91', 'D92', 'D93']","['D10', 'D11', 'D12', 'D14', 'D15', 'D16', 'D17', 'D19', 'D2', 'D21', 'D23', 'D25', 'D26', 'D28', 'D29', 'D3', 'D30', 'D32', 'D33', 'D34', 'D35', 'D37', 'D38', 'D39', 'D4', 'D41', 'D43', 'D44', 'D45', 'D46', 'D47', 'D48', 'D5', 'D50', 'D52', 'D55', 'D58', 'D6', 'D60', 'D61', 'D62', 'D63', 'D64', 'D65', 'D66', 'D67', 'D68', 'D69', 'D70', 'D71', 'D72', 'D73', 'D74', 'D76', 'D77', 'D78', 'D79', 'D8', 'D81', 'D82', 'D83', 'D84', 'D85', 'D86', 'D87', 'D88', 'D89', 'D90', 'D91', 'D92', 'D93']"
7,B75,"['D90', 'D91', 'D92', 'D93']","['D1', 'D26', 'D87', 'D88', 'D89', 'D94', 'D95']","['D10', 'D11', 'D12', 'D14', 'D15', 'D16', 'D17', 'D19', 'D2', 'D21', 'D23', 'D25', 'D26', 'D28', 'D29', 'D3', 'D30', 'D32', 'D33', 'D34', 'D35', 'D37', 'D38', 'D39', 'D4', 'D41', 'D43', 'D44', 'D45', 'D46', 'D47', 'D48', 'D5', 'D50', 'D52', 'D55', 'D58', 'D6', 'D60', 'D61', 'D62', 'D63', 'D64', 'D65', 'D66', 'D67', 'D68', 'D69', 'D70', 'D71', 'D72', 'D73', 'D74', 'D76', 'D77', 'D78', 'D79', 'D8', 'D81', 'D82', 'D83', 'D84', 'D85', 'D86', 'D87', 'D88', 'D89', 'D90', 'D91', 'D92', 'D93']","['D10', 'D11', 'D12', 'D14', 'D15', 'D16', 'D17', 'D19', 'D2', 'D21', 'D23', 'D25', 'D28', 'D29', 'D3', 'D30', 'D32', 'D33', 'D34', 'D35', 'D37', 'D38', 'D39', 'D4', 'D41', 'D43', 'D44', 'D45', 'D46', 'D47', 'D48', 'D5', 'D50', 'D52', 'D55', 'D58', 'D6', 'D60', 'D61', 'D62', 'D63', 'D64', 'D65', 'D66', 'D67', 'D68', 'D69', 'D70', 'D71', 'D72', 'D73', 'D74', 'D76', 'D77', 'D78', 'D79', 'D8', 'D81', 'D82', 'D83', 'D84', 'D85', 'D86', 'D90', 'D91', 'D92', 'D93']"
7,B76,"['D95', 'D96']","['D88', 'D91', 'D94', 'D97', 'D98']","['D10', 'D11', 'D12', 'D14', 'D15', 'D16', 'D17', 'D19', 'D2', 'D21', 'D23', 'D25', 'D26', 'D28', 'D29', 'D3', 'D30', 'D32', 'D33', 'D34', 'D35', 'D37', 'D38', 'D39', 'D4', 'D41', 'D43', 'D44', 'D45', 'D46', 'D47', 'D48', 'D5', 'D50', 'D52', 'D55', 'D58', 'D6', 'D60', 'D61', 'D62', 'D63', 'D64', 'D65', 'D66', 'D67', 'D68', 'D69', 'D70', 'D71', 'D72', 'D73', 'D74', 'D76', 'D77', 'D78', 'D79', 'D8', 'D81', 'D82', 'D83', 'D84', 'D85', 'D86', 'D87', 'D88', 'D89', 'D90', 'D91', 'D92', 'D93']","['D10', 'D11', 'D12', 'D14', 'D15', 'D16', 'D17', 'D19', 'D2', 'D21', 'D23', 'D25', 'D26', 'D28', 'D29', 'D3', 'D30', 'D32', 'D33', 'D34', 'D35', 'D37', 'D38', 'D39', 'D4', 'D41', 'D43', 'D44', 'D45', 'D46', 'D47', 'D48', 'D5', 'D50', 'D52', 'D55', 'D58', 'D6', 'D60', 'D61', 'D62', 'D63', 'D64', 'D65', 'D66', 'D67', 'D68', 'D69', 'D70', 'D71', 'D72', 'D73', 'D74', 'D76', 'D77', 'D78', 'D79', 'D8', 'D81', 'D82', 'D83', 'D84', 'D85', 'D86', 'D87', 'D89', 'D90', 'D92', 'D93', 'D95', 'D96']"
7,B77,[],[],"['D10', 'D11', 'D12', 'D14', 'D15', 'D16', 'D17', 'D19', 'D2', 'D21', 'D23', 'D25', 'D26', 'D28', 'D29', 'D3', 'D30', 'D32', 'D33', 'D34', 'D35', 'D37', 'D38', 'D39', 'D4', 'D41', 'D43', 'D44', 'D45', 'D46', 'D47', 'D48', 'D5', 'D50', 'D52', 'D55', 'D58', 'D6', 'D60', 'D61', 'D62', 'D63', 'D64', 'D65', 'D66', 'D67', 'D68', 'D69', 'D70', 'D71', 'D72', 'D73', 'D74', 'D76', 'D77', 'D78', 'D79', 'D8', 'D81', 'D82', 'D83', 'D84', 'D85', 'D86', 'D87', 'D89', 'D90', 'D92', 'D93', 'D95', 'D96', 'D97', 'D98']","['D10', 'D11', 'D12', 'D14', 'D15', 'D16', 'D17', 'D19', 'D2', 'D21', 'D23', 'D25', 'D26', 'D28', 'D29', 'D3', 'D30', 'D32', 'D33', 'D34', 'D35', 'D37', 'D38', 'D39', 'D4', 'D41', 'D43', 'D44', 'D45', 'D46', 'D47', 'D48', 'D5', 'D50', 'D52', 'D55', 'D58', 'D6', 'D60', 'D61', 'D62', 'D63', 'D64', 'D65', 'D66', 'D67', 'D68', 'D69', 'D70', 'D71', 'D72', 'D73', 'D74', 'D76', 'D77', 'D78', 'D79', 'D8', 'D81', 'D82', 'D83', 'D84', 'D85', 'D86', 'D87', 'D89', 'D90', 'D92', 'D93', 'D95', 'D96', 'D97', 'D98']"
7,B78,[],[],"['D10', 'D11', 'D12', 'D14', 'D15', 'D16', 'D17', 'D19', 'D2', 'D21', 'D23', 'D25', 'D26', 'D28', 'D29', 'D3', 'D30', 'D32', 'D33', 'D34', 'D35', 'D37', 'D38', 'D39', 'D4', 'D41', 'D43', 'D44', 'D45', 'D46', 'D47', 'D48', 'D5', 'D50', 'D52', 'D55', 'D58', 'D6', 'D60', 'D61', 'D62', 'D63', 'D64', 'D65', 'D66', 'D67', 'D68', 'D69', 'D70', 'D71', 'D72', 'D73', 'D74', 'D76', 'D77', 'D78', 'D79', 'D8', 'D81', 'D82', 'D83', 'D84', 'D85', 'D86', 'D87', 'D89', 'D90', 'D92', 'D93', 'D95', 'D96', 'D97', 'D98']","['D10', 'D11', 'D12', 'D14', 'D15', 'D16', 'D17', 'D19', 'D2', 'D21', 'D23', 'D25', 'D26', 'D28', 'D29', 'D3', 'D30', 'D32', 'D33', 'D34', 'D35', 'D37', 'D38', 'D39', 'D4', 'D41', 'D43', 'D44', 'D45', 'D46', 'D47', 'D48', 'D5', 'D50', 'D52', 'D55', 'D58', 'D6', 'D60', 'D61', 'D62', 'D63', 'D64', 'D65', 'D66', 'D67', 'D68', 'D69', 'D70', 'D71', 'D72', 'D73', 'D74', 'D76', 'D77', 'D78', 'D79', 'D8', 'D81', 'D82', 'D83', 'D84', 'D85', 'D86', 'D87', 'D89', 'D90', 'D92', 'D93', 'D95', 'D96', 'D97', 'D98']"
7,B79,[],[],"['D10', 'D11', 'D12', 'D14', 'D15', 'D16', 'D17', 'D19', 'D2', 'D21', 'D23', 'D25', 'D26', 'D28', 'D29', 'D3', 'D30', 'D32', 'D33', 'D34', 'D35', 'D37', 'D38', 'D39', 'D4', 'D41', 'D43', 'D44', 'D45', 'D46', 'D47', 'D48', 'D5', 'D50', 'D52', 'D55', 'D58', 'D6', 'D60', 'D61', 'D62', 'D63', 'D64', 'D65', 'D66', 'D67', 'D68', 'D69', 'D70', 'D71', 'D72', 'D73', 'D74', 'D76', 'D77', 'D78', 'D79', 'D8', 'D81', 'D82', 'D83', 'D84', 'D85', 'D86', 'D87', 'D89', 'D90', 'D92', 'D93', 'D95', 'D96', 'D97', 'D98']","['D10', 'D11', 'D12', 'D14', 'D15', 'D16', 'D17', 'D19', 'D2', 'D21', 'D23', 'D25', 'D26', 'D28', 'D29', 'D3', 'D30', 'D32', 'D33', 'D34', 'D35', 'D37', 'D38', 'D39', 'D4', 'D41', 'D43', 'D44', 'D45', 'D46', 'D47', 'D48', 'D5', 'D50', 'D52', 'D55', 'D58', 'D6', 'D60', 'D61', 'D62', 'D63', 'D64', 'D65', 'D66', 'D67', 'D68', 'D69', 'D70', 'D71', 'D72', 'D73', 'D74', 'D76', 'D77', 'D78', 'D79', 'D8', 'D81', 'D82', 'D83', 'D84', 'D85', 'D86', 'D87', 'D89', 'D90', 'D92', 'D93', 'D95', 'D96', 'D97', 'D98']"
7,B80,['D97'],"['D96', 'D98']","['D10', 'D11', 'D12', 'D14', 'D15', 'D16', 'D17', 'D19', 'D2', 'D21', 'D23', 'D25', 'D26', 'D28', 'D29', 'D3', 'D30', 'D32', 'D33', 'D34', 'D35', 'D37', 'D38', 'D39', 'D4', 'D41', 'D43', 'D44', 'D45', 'D46', 'D47', 'D48', 'D5', 'D50', 'D52', 'D55', 'D58', 'D6', 'D60', 'D61', 'D62', 'D63', 'D64', 'D65', 'D66', 'D67', 'D68', 'D69', 'D70', 'D71', 'D72', 'D73', 'D74', 'D76', 'D77', 'D78', 'D79', 'D8', 'D81', 'D82', 'D83', 'D84', 'D85', 'D86', 'D87', 'D89', 'D90', 'D92', 'D93', 'D95', 'D96', 'D97', 'D98']","['D10', 'D11', 'D12', 'D14', 'D15', 'D16', 'D17', 'D19', 'D2', 'D21', 'D23', 'D25', 'D26', 'D28', 'D29', 'D3', 'D30', 'D32', 'D33', 'D34', 'D35', 'D37', 'D38', 'D39', 'D4', 'D41', 'D43', 'D44', 'D45', 'D46', 'D47', 'D48', 'D5', 'D50', 'D52', 'D55', 'D58', 'D6', 'D60', 'D61', 'D62', 'D63', 'D64', 'D65', 'D66', 'D67', 'D68', 'D69', 'D70', 'D71', 'D72', 'D73', 'D74', 'D76', 'D77', 'D78', 'D79', 'D8', 'D81', 'D82', 'D83', 'D84', 'D85', 'D86', 'D87', 'D89', 'D90', 'D92', 'D93', 'D95', 'D97']"
7,B81,[],[],"['D10', 'D11', 'D12', 'D14', 'D15', 'D16', 'D17', 'D19', 'D2', 'D21', 'D23', 'D25', 'D26', 'D28', 'D29', 'D3', 'D30', 'D32', 'D33', 'D34', 'D35', 'D37', 'D38', 'D39', 'D4', 'D41', 'D43', 'D44', 'D45', 'D46', 'D47', 'D48', 'D5', 'D50', 'D52', 'D55', 'D58', 'D6', 'D60', 'D61', 'D62', 'D63', 'D64', 'D65', 'D66', 'D67', 'D68', 'D69', 'D70', 'D71', 'D72', 'D73', 'D74', 'D76', 'D77', 'D78', 'D79', 'D8', 'D81', 'D82', 'D83', 'D84', 'D85', 'D86', 'D87', 'D89', 'D90', 'D92', 'D93', 'D95', 'D97', 'D98']","['D10', 'D11', 'D12', 'D14', 'D15', 'D16', 'D17', 'D19', 'D2', 'D21', 'D23', 'D25', 'D26', 'D28', 'D29', 'D3', 'D30', 'D32', 'D33', 'D34', 'D35', 'D37', 'D38', 'D39', 'D4', 'D41', 'D43', 'D44', 'D45', 'D46', 'D47', 'D48', 'D5', 'D50', 'D52', 'D55', 'D58', 'D6', 'D60', 'D61', 'D62', 'D63', 'D64', 'D65', 'D66', 'D67', 'D68', 'D69', 'D70', 'D71', 'D72', 'D73', 'D74', 'D76', 'D77', 'D78', 'D79', 'D8', 'D81', 'D82', 'D83', 'D84', 'D85', 'D86', 'D87', 'D89', 'D90', 'D92', 'D93', 'D95', 'D97', 'D98']"
7,B82,['D98'],"['D96', 'D97']","['D10', 'D11', 'D12', 'D14', 'D15', 'D16', 'D17', 'D19', 'D2', 'D21', 'D23', 'D25', 'D26', 'D28', 'D29', 'D3', 'D30', 'D32', 'D33', 'D34', 'D35', 'D37', 'D38', 'D39', 'D4', 'D41', 'D43', 'D44', 'D45', 'D46', 'D47', 'D48', 'D5', 'D50', 'D52', 'D55', 'D58', 'D6', 'D60', 'D61', 'D62', 'D63', 'D64', 'D65', 'D66', 'D67', 'D68', 'D69', 'D70', 'D71', 'D72', 'D73', 'D74', 'D76', 'D77', 'D78', 'D79', 'D8', 'D81', 'D82', 'D83', 'D84', 'D85', 'D86', 'D87', 'D89', 'D90', 'D92', 'D93', 'D95', 'D96', 'D97', 'D98']","['D10', 'D11', 'D12', 'D14', 'D15', 'D16', 'D17', 'D19', 'D2', 'D21', 'D23', 'D25', 'D26', 'D28', 'D29', 'D3', 'D30', 'D32', 'D33', 'D34', 'D35', 'D37', 'D38', 'D39', 'D4', 'D41', 'D43', 'D44', 'D45', 'D46', 'D47', 'D48', 'D5', 'D50', 'D52', 'D55', 'D58', 'D6', 'D60', 'D61', 'D62', 'D63', 'D64', 'D65', 'D66', 'D67', 'D68', 'D69', 'D70', 'D71', 'D72', 'D73', 'D74', 'D76', 'D77', 'D78', 'D79', 'D8', 'D81', 'D82', 'D83', 'D84', 'D85', 'D86', 'D87', 'D89', 'D90', 'D92', 'D93', 'D95', 'D98']"
7,B83,[],[],"['D10', 'D11', 'D12', 'D14', 'D15', 'D16', 'D17', 'D19', 'D2', 'D21', 'D23', 'D25', 'D26', 'D28', 'D29', 'D3', 'D30', 'D32', 'D33', 'D34', 'D35', 'D37', 'D38', 'D39', 'D4', 'D41', 'D43', 'D44', 'D45', 'D46', 'D47', 'D48', 'D5', 'D50', 'D52', 'D55', 'D58', 'D6', 'D60', 'D61', 'D62', 'D63', 'D64', 'D65', 'D66', 'D67', 'D68', 'D69', 'D70', 'D71', 'D72', 'D73', 'D74', 'D76', 'D77', 'D78', 'D79', 'D8', 'D81', 'D82', 'D83', 'D84', 'D85', 'D86', 'D87', 'D89', 'D90', 'D92', 'D93', 'D95', 'D96', 'D97', 'D98']","['D10', 'D11', 'D12', 'D14', 'D15', 'D16', 'D17', 'D19', 'D2', 'D21', 'D23', 'D25', 'D26', 'D28', 'D29', 'D3', 'D30', 'D32', 'D33', 'D34', 'D35', 'D37', 'D38', 'D39', 'D4', 'D41', 'D43', 'D44', 'D45', 'D46', 'D47', 'D48', 'D5', 'D50', 'D52', 'D55', 'D58', 'D6', 'D60', 'D61', 'D62', 'D63', 'D64', 'D65', 'D66', 'D67', 'D68', 'D69', 'D70', 'D71', 'D72', 'D73', 'D74', 'D76', 'D77', 'D78', 'D79', 'D8', 'D81', 'D82', 'D83', 'D84', 'D85', 'D86', 'D87', 'D89', 'D90', 'D92', 'D93', 'D95', 'D96', 'D97', 'D98']"
7,B84,['D99'],['D101'],"['D10', 'D11', 'D12', 'D14', 'D15', 'D16', 'D17', 'D19', 'D2', 'D21', 'D23', 'D25', 'D26', 'D28', 'D29', 'D3', 'D30', 'D32', 'D33', 'D34', 'D35', 'D37', 'D38', 'D39', 'D4', 'D41', 'D43', 'D44', 'D45', 'D46', 'D47', 'D48', 'D5', 'D50', 'D52', 'D55', 'D58', 'D6', 'D60', 'D61', 'D62', 'D63', 'D64', 'D65', 'D66', 'D67', 'D68', 'D69', 'D70', 'D71', 'D72', 'D73', 'D74', 'D76', 'D77', 'D78', 'D79', 'D8', 'D81', 'D82', 'D83', 'D84', 'D85', 'D86', 'D87', 'D89', 'D90', 'D92', 'D93', 'D95', 'D96', 'D97', 'D98']","['D10', 'D11', 'D12', 'D14', 'D15', 'D16', 'D17', 'D19', 'D2', 'D21', 'D23', 'D25', 'D26', 'D28', 'D29', 'D3', 'D30', 'D32', 'D33', 'D34', 'D35', 'D37', 'D38', 'D39', 'D4', 'D41', 'D43', 'D44', 'D45', 'D46', 'D47', 'D48', 'D5', 'D50', 'D52', 'D55', 'D58', 'D6', 'D60', 'D61', 'D62', 'D63', 'D64', 'D65', 'D66', 'D67', 'D68', 'D69', 'D70', 'D71', 'D72', 'D73', 'D74', 'D76', 'D77', 'D78', 'D79', 'D8', 'D81', 'D82', 'D83', 'D84', 'D85', 'D86', 'D87', 'D89', 'D90', 'D92', 'D93', 'D95', 'D96', 'D97', 'D98', 'D99']"
7,B85,[],[],"['D10', 'D100', 'D101', 'D11', 'D12', 'D14', 'D15', 'D16', 'D17', 'D19', 'D2', 'D21', 'D23', 'D25', 'D26', 'D28', 'D29', 'D3', 'D30', 'D32', 'D33', 'D34', 'D35', 'D37', 'D38', 'D39', 'D4', 'D41', 'D43', 'D44', 'D45', 'D46', 'D47', 'D48', 'D5', 'D50', 'D52', 'D55', 'D58', 'D6', 'D60', 'D61', 'D62', 'D63', 'D64', 'D65', 'D66', 'D67', 'D68', 'D69', 'D70', 'D71', 'D72', 'D73', 'D74', 'D76', 'D77', 'D78', 'D79', 'D8', 'D81', 'D82', 'D83', 'D84', 'D85', 'D86', 'D87', 'D89', 'D90', 'D92', 'D93', 'D95', 'D96', 'D97', 'D98', 'D99']","['D10', 'D100', 'D101', 'D11', 'D12', 'D14', 'D15', 'D16', 'D17', 'D19', 'D2', 'D21', 'D23', 'D25', 'D26', 'D28', 'D29', 'D3', 'D30', 'D32', 'D33', 'D34', 'D35', 'D37', 'D38', 'D39', 'D4', 'D41', 'D43', 'D44', 'D45', 'D46', 'D47', 'D48', 'D5', 'D50', 'D52', 'D55', 'D58', 'D6', 'D60', 'D61', 'D62', 'D63', 'D64', 'D65', 'D66', 'D67', 'D68', 'D69', 'D70', 'D71', 'D72', 'D73', 'D74', 'D76', 'D77', 'D78', 'D79', 'D8', 'D81', 'D82', 'D83', 'D84', 'D85', 'D86', 'D87', 'D89', 'D90', 'D92', 'D93', 'D95', 'D96', 'D97', 'D98', 'D99']"
7,B86,"['D100', 'D101']","['D104', 'D67', 'D68', 'D99']","['D10', 'D100', 'D101', 'D11', 'D12', 'D14', 'D15', 'D16', 'D17', 'D19', 'D2', 'D21', 'D23', 'D25', 'D26', 'D28', 'D29', 'D3', 'D30', 'D32', 'D33', 'D34', 'D35', 'D37', 'D38', 'D39', 'D4', 'D41', 'D43', 'D44', 'D45', 'D46', 'D47', 'D48', 'D5', 'D50', 'D52', 'D55', 'D58', 'D6', 'D60', 'D61', 'D62', 'D63', 'D64', 'D65', 'D66', 'D67', 'D68', 'D69', 'D70', 'D71', 'D72', 'D73', 'D74', 'D76', 'D77', 'D78', 'D79', 'D8', 'D81', 'D82', 'D83', 'D84', 'D85', 'D86', 'D87', 'D89', 'D90', 'D92', 'D93', 'D95', 'D96', 'D97', 'D98', 'D99']","['D10', 'D100', 'D101', 'D11', 'D12', 'D14', 'D15', 'D16', 'D17', 'D19', 'D2', 'D21', 'D23', 'D25', 'D26', 'D28', 'D29', 'D3', 'D30', 'D32', 'D33', 'D34', 'D35', 'D37', 'D38', 'D39', 'D4', 'D41', 'D43', 'D44', 'D45', 'D46', 'D47', 'D48', 'D5', 'D50', 'D52', 'D55', 'D58', 'D6', 'D60', 'D61', 'D62', 'D63', 'D64', 'D65', 'D66', 'D69', 'D70', 'D71', 'D72', 'D73', 'D74', 'D76', 'D77', 'D78', 'D79', 'D8', 'D81', 'D82', 'D83', 'D84', 'D85', 'D86', 'D87', 'D89', 'D90', 'D92', 'D93', 'D95', 'D96', 'D97', 'D98']"
7,B87,"['D102', 'D103']","['D105', 'D15']","['D10', 'D100', 'D101', 'D11', 'D12', 'D14', 'D15', 'D16', 'D17', 'D19', 'D2', 'D21', 'D23', 'D25', 'D26', 'D28', 'D29', 'D3', 'D30', 'D32', 'D33', 'D34', 'D35', 'D37', 'D38', 'D39', 'D4', 'D41', 'D43', 'D44', 'D45', 'D46', 'D47', 'D48', 'D5', 'D50', 'D52', 'D55', 'D58', 'D6', 'D60', 'D61', 'D62', 'D63', 'D64', 'D65', 'D66', 'D67', 'D68', 'D69', 'D70', 'D71', 'D72', 'D73', 'D74', 'D76', 'D77', 'D78', 'D79', 'D8', 'D81', 'D82', 'D83', 'D84', 'D85', 'D86', 'D87', 'D89', 'D90', 'D92', 'D93', 'D95', 'D96', 'D97', 'D98', 'D99']","['D10', 'D100', 'D101', 'D102', 'D103', 'D11', 'D12', 'D14', 'D16', 'D17', 'D19', 'D2', 'D21', 'D23', 'D25', 'D26', 'D28', 'D29', 'D3', 'D30', 'D32', 'D33', 'D34', 'D35', 'D37', 'D38', 'D39', 'D4', 'D41', 'D43', 'D44', 'D45', 'D46', 'D47', 'D48', 'D5', 'D50', 'D52', 'D55', 'D58', 'D6', 'D60', 'D61', 'D62', 'D63', 'D64', 'D65', 'D66', 'D67', 'D68', 'D69', 'D70', 'D71', 'D72', 'D73', 'D74', 'D76', 'D77', 'D78', 'D79', 'D8', 'D81', 'D82', 'D83', 'D84', 'D85', 'D86', 'D87', 'D89', 'D90', 'D92', 'D93', 'D95', 'D96', 'D97', 'D98', 'D99']"
7,B88,[],[],"['D10', 'D100', 'D101', 'D102', 'D103', 'D104', 'D105', 'D11', 'D12', 'D14', 'D16', 'D17', 'D19', 'D2', 'D21', 'D23', 'D25', 'D26', 'D28', 'D29', 'D3', 'D30', 'D32', 'D33', 'D34', 'D35', 'D37', 'D38', 'D39', 'D4', 'D41', 'D43', 'D44', 'D45', 'D46', 'D47', 'D48', 'D5', 'D50', 'D52', 'D55', 'D58', 'D6', 'D60', 'D61', 'D62', 'D63', 'D64', 'D65', 'D66', 'D67', 'D68', 'D69', 'D70', 'D71', 'D72', 'D73', 'D74', 'D76', 'D77', 'D78', 'D79', 'D8', 'D81', 'D82', 'D83', 'D84', 'D85', 'D86', 'D87', 'D89', 'D90', 'D92', 'D93', 'D95', 'D96', 'D97', 'D98', 'D99']","['D10', 'D100', 'D101', 'D102', 'D103', 'D104', 'D105', 'D11', 'D12', 'D14', 'D16', 'D17', 'D19', 'D2', 'D21', 'D23', 'D25', 'D26', 'D28', 'D29', 'D3', 'D30', 'D32', 'D33', 'D34', 'D35', 'D37', 'D38', 'D39', 'D4', 'D41', 'D43', 'D44', 'D45', 'D46', 'D47', 'D48', 'D5', 'D50', 'D52', 'D55', 'D58', 'D6', 'D60', 'D61', 'D62', 'D63', 'D64', 'D65', 'D66', 'D67', 'D68', 'D69', 'D70', 'D71', 'D72', 'D73', 'D74', 'D76', 'D77', 'D78', 'D79', 'D8', 'D81', 'D82', 'D83', 'D84', 'D85', 'D86', 'D87', 'D89', 'D90', 'D92', 'D93', 'D95', 'D96', 'D97', 'D98', 'D99']"
7,B89,"['D104', 'D105']","['D100', 'D102', 'D67', 'D68']","['D10', 'D100', 'D101', 'D102', 'D103', 'D104', 'D105', 'D11', 'D12', 'D14', 'D16', 'D17', 'D19', 'D2', 'D21', 'D23', 'D25', 'D26', 'D28', 'D29', 'D3', 'D30', 'D32', 'D33', 'D34', 'D35', 'D37', 'D38', 'D39', 'D4', 'D41', 'D43', 'D44', 'D45', 'D46', 'D47', 'D48', 'D5', 'D50', 'D52', 'D55', 'D58', 'D6', 'D60', 'D61', 'D62', 'D63', 'D64', 'D65', 'D66', 'D67', 'D68', 'D69', 'D70', 'D71', 'D72', 'D73', 'D74', 'D76', 'D77', 'D78', 'D79', 'D8', 'D81', 'D82', 'D83', 'D84', 'D85', 'D86', 'D87', 'D89', 'D90', 'D92', 'D93', 'D95', 'D96', 'D97', 'D98', 'D99']","['D10', 'D101', 'D103', 'D104', 'D105', 'D11', 'D12', 'D14', 'D16', 'D17', 'D19', 'D2', 'D21', 'D23', 'D25', 'D26', 'D28', 'D29', 'D3', 'D30', 'D32', 'D33', 'D34', 'D35', 'D37', 'D38', 'D39', 'D4', 'D41', 'D43', 'D44', 'D45', 'D46', 'D47', 'D48', 'D5', 'D50', 'D52', 'D55', 'D58', 'D6', 'D60', 'D61', 'D62', 'D63', 'D64', 'D65', 'D66', 'D69', 'D70', 'D71', 'D72', 'D73', 'D74', 'D76', 'D77', 'D78', 'D79', 'D8', 'D81', 'D82', 'D83', 'D84', 'D85', 'D86', 'D87', 'D89', 'D90', 'D92', 'D93', 'D95', 'D96', 'D97', 'D98', 'D99']"
7,B90,[],[],"['D10', 'D100', 'D101', 'D102', 'D103', 'D104', 'D105', 'D11', 'D12', 'D14', 'D16', 'D17', 'D19', 'D2', 'D21', 'D23', 'D25', 'D26', 'D28', 'D29', 'D3', 'D30', 'D32', 'D33', 'D34', 'D35', 'D37', 'D38', 'D39', 'D4', 'D41', 'D43', 'D44', 'D45', 'D46', 'D47', 'D48', 'D5', 'D50', 'D52', 'D55', 'D58', 'D6', 'D60', 'D61', 'D62', 'D63', 'D64', 'D65', 'D66', 'D67', 'D68', 'D69', 'D70', 'D71', 'D72', 'D73', 'D74', 'D76', 'D77', 'D78', 'D79', 'D8', 'D81', 'D82', 'D83', 'D84', 'D85', 'D86', 'D87', 'D89', 'D90', 'D92', 'D93', 'D95', 'D96', 'D97', 'D98', 'D99']","['D10', 'D100', 'D101', 'D102', 'D103', 'D104', 'D105', 'D11', 'D12', 'D14', 'D16', 'D17', 'D19', 'D2', 'D21', 'D23', 'D25', 'D26', 'D28', 'D29', 'D3', 'D30', 'D32', 'D33', 'D34', 'D35', 'D37', 'D38', 'D39', 'D4', 'D41', 'D43', 'D44', 'D45', 'D46', 'D47', 'D48', 'D5', 'D50', 'D52', 'D55', 'D58', 'D6', 'D60', 'D61', 'D62', 'D63', 'D64', 'D65', 'D66', 'D67', 'D68', 'D69', 'D70', 'D71', 'D72', 'D73', 'D74', 'D76', 'D77', 'D78', 'D79', 'D8', 'D81', 'D82', 'D83', 'D84', 'D85', 'D86', 'D87', 'D89', 'D90', 'D92', 'D93', 'D95', 'D96', 'D97', 'D98', 'D99']"
8,B0,"['D1', 'D2', 'D3', 'D4', 'D5', 'D6', 'D7']","['D10', 'D89', 'D9', 'D92']",[],"['D1', 'D2', 'D3', 'D4', 'D5', 'D6', 'D7']"
8,B1,[],[],"['D1', 'D2', 'D3', 'D4', 'D5', 'D6', 'D7', 'D8', 'D9']","['D1', 'D2', 'D3', 'D4', 'D5', 'D6', 'D7', 'D8', 'D9']"
8,B2,"['D8', 'D9']","['D10', 'D39', 'D47', 'D53', 'D61', 'D7']","['D1', 'D2', 'D3', 'D4', 'D5', 'D6', 'D7', 'D8', 'D9']","['D1', 'D2', 'D3', 'D4', 'D5', 'D6', 'D8', 'D9']"
8,B3,['D10'],"['D7', 'D9']","['D1', 'D2', 'D3', 'D4', 'D5', 'D6', 'D7', 'D8', 'D9']","['D1', 'D10', 'D2', 'D3', 'D4', 'D5', 'D6', 'D8']"
8,B4,[],[],"['D1', 'D10', 'D11', 'D12', 'D13', 'D2', 'D3', 'D4', 'D5', 'D6', 'D8']","['D1', 'D10', 'D11', 'D12', 'D13', 'D2', 'D3', 'D4', 'D5', 'D6', 'D8']"
8,B5,"['D11', 'D12', 'D13']","['D14', 'D16', 'D17']","['D1', 'D10', 'D11', 'D12', 'D13', 'D2', 'D3', 'D4', 'D5', 'D6', 'D8']","['D1', 'D10', 'D11', 'D12', 'D13', 'D2', 'D3', 'D4', 'D5', 'D6', 'D8']"
8,B6,['D14'],['D13'],"['D1', 'D10', 'D11', 'D12', 'D13', 'D2', 'D3', 'D4', 'D5', 'D6', 'D8']","['D1', 'D10', 'D11', 'D12', 'D14', 'D2', 'D3', 'D4', 'D5', 'D6', 'D8']"
8,B7,[],[],"['D1', 'D10', 'D11', 'D12', 'D14', 'D15', 'D16', 'D17', 'D18', 'D2', 'D3', 'D4', 'D5', 'D6', 'D8']","['D1', 'D10', 'D11', 'D12', 'D14', 'D15', 'D16', 'D17', 'D18', 'D2', 'D3', 'D4', 'D5', 'D6', 'D8']"
8,B8,"['D15', 'D16', 'D17', 'D18']","['D103', 'D11', 'D12', 'D19']","['D1', 'D10', 'D11', 'D12', 'D14', 'D15', 'D16', 'D17', 'D18', 'D2', 'D3', 'D4', 'D5', 'D6', 'D8']","['D1', 'D10', 'D14', 'D15', 'D16', 'D17', 'D18', 'D2', 'D3', 'D4', 'D5', 'D6', 'D8']"
8,B9,"['D19', 'D20']","['D18', 'D22', 'D23']","['D1', 'D10', 'D11', 'D12', 'D14', 'D15', 'D16', 'D17', 'D18', 'D2', 'D3', 'D4', 'D5', 'D6', 'D8']","['D1', 'D10', 'D11', 'D12', 'D14', 'D15', 'D16', 'D17', 'D19', 'D2', 'D20', 'D3', 'D4', 'D5', 'D6', 'D8']"
8,B10,[],[],"['D1', 'D10', 'D11', 'D12', 'D14', 'D15', 'D16', 'D17', 'D19', 'D2', 'D20', 'D21', 'D22', 'D3', 'D4', 'D5', 'D6', 'D8']","['D1', 'D10', 'D11', 'D12', 'D14', 'D15', 'D16', 'D17', 'D19', 'D2', 'D20', 'D21', 'D22', 'D3', 'D4', 'D5', 'D6', 'D8']"
8,B11,"['D21', 'D22']","['D20', 'D23']","['D1', 'D10', 'D11', 'D12', 'D14', 'D15', 'D16', 'D17', 'D19', 'D2', 'D20', 'D21', 'D22', 'D3', 'D4', 'D5', 'D6', 'D8']","['D1', 'D10', 'D11', 'D12', 'D14', 'D15', 'D16', 'D17', 'D19', 'D2', 'D21', 'D22', 'D3', 'D4', 'D5', 'D6', 'D8']"
8,B12,"['D23', 'D24', 'D25']","['D20', 'D22', 'D27', 'D28']","['D1', 'D10', 'D11', 'D12', 'D14', 'D15', 'D16', 'D17', 'D19', 'D2', 'D20', 'D21', 'D22', 'D3', 'D4', 'D5', 'D6', 'D8']","['D1', 'D10', 'D11', 'D12', 'D14', 'D15', 'D16', 'D17', 'D19', 'D2', 'D21', 'D23', 'D24', 'D25', 'D3', 'D4', 'D5', 'D6', 'D8']"
8,B13,[],[],"['D1', 'D10', 'D11', 'D12', 'D14', 'D15', 'D16', 'D17', 'D19', 'D2', 'D21', 'D23', 'D24', 'D25', 'D26', 'D27', 'D3', 'D4', 'D5', 'D6', 'D8']","['D1', 'D10', 'D11', 'D12', 'D14', 'D15', 'D16', 'D17', 'D19', 'D2', 'D21', 'D23', 'D24', 'D25', 'D26', 'D27', 'D3', 'D4', 'D5', 'D6', 'D8']"
8,B14,"['D26', 'D27']","['D24', 'D28', 'D90']","['D1', 'D10', 'D11', 'D12', 'D14', 'D15', 'D16', 'D17', 'D19', 'D2', 'D21', 'D23', 'D24', 'D25', 'D26', 'D27', 'D3', 'D4', 'D5', 'D6', 'D8']","['D1', 'D10', 'D11', 'D12', 'D14', 'D15', 'D16', 'D17', 'D19', 'D2', 'D21', 'D23', 'D25', 'D26', 'D27', 'D3', 'D4', 'D5', 'D6', 'D8']"
8,B15,"['D28', 'D29']","['D24', 'D27', 'D34', 'D35']","['D1', 'D10', 'D11', 'D12', 'D14', 'D15', 'D16', 'D17', 'D19', 'D2', 'D21', 'D23', 'D24', 'D25', 'D26', 'D27', 'D3', 'D4', 'D5', 'D6', 'D8']","['D1', 'D10', 'D11', 'D12', 'D14', 'D15', 'D16', 'D17', 'D19', 'D2', 'D21', 'D23', 'D25', 'D26', 'D28', 'D29', 'D3', 'D4', 'D5', 'D6', 'D8']"
8,B16,[],[],"['D1', 'D10', 'D11', 'D12', 'D14', 'D15', 'D16', 'D17', 'D19', 'D2', 'D21', 'D23', 'D25', 'D26', 'D28', 'D29', 'D3', 'D30', 'D31', 'D32', 'D33', 'D34', 'D4', 'D5', 'D6', 'D8']","['D1', 'D10', 'D11', 'D12', 'D14', 'D15', 'D16', 'D17', 'D19', 'D2', 'D21', 'D23', 'D25', 'D26', 'D28', 'D29', 'D3', 'D30', 'D31', 'D32', 'D33', 'D34', 'D4', 'D5', 'D6', 'D8']"
8,B17,"['D30', 'D31', 'D32']","['D33', 'D38']","['D1', 'D10', 'D11', 'D12', 'D14', 'D15', 'D16', 'D17', 'D19', 'D2', 'D21', 'D23', 'D25', 'D26', 'D28', 'D29', 'D3', 'D30', 'D31', 'D32', 'D33', 'D34', 'D4', 'D5', 'D6', 'D8']","['D1', 'D10', 'D11', 'D12', 'D14', 'D15', 'D16', 'D17', 'D19', 'D2', 'D21', 'D23', 'D25', 'D26', 'D28', 'D29', 'D3', 'D30', 'D31', 'D32', 'D34', 'D4', 'D5', 'D6', 'D8']"
8,B18,[],[],"['D1', 'D10', 'D11', 'D12', 'D14', 'D15', 'D16', 'D17', 'D19', 'D2', 'D21', 'D23', 'D25', 'D26', 'D28', 'D29', 'D3', 'D30', 'D31', 'D32', 'D33', 'D34', 'D4', 'D5', 'D6', 'D8']","['D1', 'D10', 'D11', 'D12', 'D14', 'D15', 'D16', 'D17', 'D19', 'D2', 'D21', 'D23', 'D25', 'D26', 'D28', 'D29', 'D3', 'D30', 'D31', 'D32', 'D33', 'D34', 'D4', 'D5', 'D6', 'D8']"
8,B19,['D33'],['D32'],"['D1', 'D10', 'D11', 'D12', 'D14', 'D15', 'D16', 'D17', 'D19', 'D2', 'D21', 'D23', 'D25', 'D26', 'D28', 'D29', 'D3', 'D30', 'D31', 'D32', 'D33', 'D34', 'D4', 'D5', 'D6', 'D8']","['D1', 'D10', 'D11', 'D12', 'D14', 'D15', 'D16', 'D17', 'D19', 'D2', 'D21', 'D23', 'D25', 'D26', 'D28', 'D29', 'D3', 'D30', 'D31', 'D33', 'D34', 'D4', 'D5', 'D6', 'D8']"
8,B20,['D34'],"['D29', 'D35']","['D1', 'D10', 'D11', 'D12', 'D14', 'D15', 'D16', 'D17', 'D19', 'D2', 'D21', 'D23', 'D25', 'D26', 'D28', 'D29', 'D3', 'D30', 'D31', 'D32', 'D33', 'D34', 'D4', 'D5', 'D6', 'D8']","['D1', 'D10', 'D11', 'D12', 'D14', 'D15', 'D16', 'D17', 'D19', 'D2', 'D21', 'D23', 'D25', 'D26', 'D28', 'D3', 'D30', 'D31', 'D32', 'D33', 'D34', 'D4', 'D5', 'D6', 'D8']"
8,B21,[],[],"['D1', 'D10', 'D11', 'D12', 'D14', 'D15', 'D16', 'D17', 'D19', 'D2', 'D21', 'D23', 'D25', 'D26', 'D28', 'D29', 'D3', 'D30', 'D31', 'D32', 'D33', 'D34', 'D35', 'D4', 'D5', 'D6', 'D8']","['D1', 'D10', 'D11', 'D12', 'D14', 'D15', 'D16', 'D17', 'D19', 'D2', 'D21', 'D23', 'D25', 'D26', 'D28', 'D29', 'D3', 'D30', 'D31', 'D32', 'D33', 'D34', 'D35', 'D4', 'D5', 'D6', 'D8']"
8,B22,[],[],"['D1', 'D10', 'D11', 'D12', 'D14', 'D15', 'D16', 'D17', 'D19', 'D2', 'D21', 'D23', 'D25', 'D26', 'D28', 'D29', 'D3', 'D30', 'D31', 'D32', 'D33', 'D34', 'D35', 'D4', 'D5', 'D6', 'D8']","['D1', 'D10', 'D11', 'D12', 'D14', 'D15', 'D16', 'D17', 'D19', 'D2', 'D21', 'D23', 'D25', 'D26', 'D28', 'D29', 'D3', 'D30', 'D31', 'D32', 'D33', 'D34', 'D35', 'D4', 'D5', 'D6', 'D8']"
8,B23,['D35'],"['D29', 'D34']","['D1', 'D10', 'D11', 'D12', 'D14', 'D15', 'D16', 'D17', 'D19', 'D2', 'D21', 'D23', 'D25', 'D26', 'D28', 'D29', 'D3', 'D30', 'D31', 'D32', 'D33', 'D34', 'D35', 'D4', 'D5', 'D6', 'D8']","['D1', 'D10', 'D11', 'D12', 'D14', 'D15', 'D16', 'D17', 'D19', 'D2', 'D21', 'D23', 'D25', 'D26', 'D28', 'D3', 'D30', 'D31', 'D32', 'D33', 'D35', 'D4', 'D5', 'D6', 'D8']"
8,B24,[],[],"['D1', 'D10', 'D11', 'D12', 'D14', 'D15', 'D16', 'D17', 'D19', 'D2', 'D21', 'D23', 'D25', 'D26', 'D28', 'D29', 'D3', 'D30', 'D31', 'D32', 'D33', 'D34', 'D35', 'D4', 'D5', 'D6', 'D8']","['D1', 'D10', 'D11', 'D12', 'D14', 'D15', 'D16', 'D17', 'D19', 'D2', 'D21', 'D23', 'D25', 'D26', 'D28', 'D29', 'D3', 'D30', 'D31', 'D32', 'D33', 'D34', 'D35', 'D4', 'D5', 'D6', 'D8']"
8,B25,"['D36', 'D37', 'D38']","['D31', 'D40', 'D41']","['D1', 'D10', 'D11', 'D12', 'D14', 'D15', 'D16', 'D17', 'D19', 'D2', 'D21', 'D23', 'D25', 'D26', 'D28', 'D29', 'D3', 'D30', 'D31', 'D32', 'D33', 'D34', 'D35', 'D4', 'D5', 'D6', 'D8']","['D1', 'D10', 'D11', 'D12', 'D14', 'D15', 'D16', 'D17', 'D19', 'D2', 'D21', 'D23', 'D25', 'D26', 'D28', 'D29', 'D3', 'D30', 'D32', 'D33', 'D34', 'D35', 'D36', 'D37', 'D38', 'D4', 'D5', 'D6', 'D8']"
8,B26,[],[],"['D1', 'D10', 'D11', 'D12', 'D14', 'D15', 'D16', 'D17', 'D19', 'D2', 'D21', 'D23', 'D25', 'D26', 'D28', 'D29', 'D3', 'D30', 'D32', 'D33', 'D34', 'D35', 'D36', 'D37', 'D38', 'D39', 'D4', 'D40', 'D5', 'D6', 'D8']","['D1', 'D10', 'D11', 'D12', 'D14', 'D15', 'D16', 'D17', 'D19', 'D2', 'D21', 'D23', 'D25', 'D26', 'D28', 'D29', 'D3', 'D30', 'D32', 'D33', 'D34', 'D35', 'D36', 'D37', 'D38', 'D39', 'D4', 'D40', 'D5', 'D6', 'D8']"
8,B27,"['D39', 'D40']","['D36', 'D41', 'D47', 'D53', 'D61', 'D8']","['D1', 'D10', 'D11', 'D12', 'D14', 'D15', 'D16', 'D17', 'D19', 'D2', 'D21', 'D23', 'D25', 'D26', 'D28', 'D29', 'D3', 'D30', 'D32', 'D33', 'D34', 'D35', 'D36', 'D37', 'D38', 'D39', 'D4', 'D40', 'D5', 'D6', 'D8']","['D1', 'D10', 'D11', 'D12', 'D14', 'D15', 'D16', 'D17', 'D19', 'D2', 'D21', 'D23', 'D25', 'D26', 'D28', 'D29', 'D3', 'D30', 'D32', 'D33', 'D34', 'D35', 'D37', 'D38', 'D39', 'D4', 'D40', 'D5', 'D6']"
8,B28,"['D41', 'D42', 'D43', 'D44', 'D45', 'D46']","['D36', 'D40', 'D49', 'D50']","['D1', 'D10', 'D11', 'D12', 'D14', 'D15', 'D16', 'D17', 'D19', 'D2', 'D21', 'D23', 'D25', 'D26', 'D28', 'D29', 'D3', 'D30', 'D32', 'D33', 'D34', 'D35', 'D36', 'D37', 'D38', 'D39', 'D4', 'D40', 'D5', 'D6', 'D8']","['D1', 'D10', 'D11', 'D12', 'D14', 'D15', 'D16', 'D17', 'D19', 'D2', 'D21', 'D23', 'D25', 'D26', 'D28', 'D29', 'D3', 'D30', 'D32', 'D33', 'D34', 'D35', 'D37', 'D38', 'D39', 'D4', 'D41', 'D42', 'D43', 'D44', 'D45', 'D46', 'D5', 'D6', 'D8']"
8,B29,[],[],"['D1', 'D10', 'D11', 'D12', 'D14', 'D15', 'D16', 'D17', 'D19', 'D2', 'D21', 'D23', 'D25', 'D26', 'D28', 'D29', 'D3', 'D30', 'D32', 'D33', 'D34', 'D35', 'D37', 'D38', 'D39', 'D4', 'D41', 'D42', 'D43', 'D44', 'D45', 'D46', 'D47', 'D48', 'D49', 'D5', 'D6', 'D8']","['D1', 'D10', 'D11', 'D12', 'D14', 'D15', 'D16', 'D17', 'D19', 'D2', 'D21', 'D23', 'D25', 'D26', 'D28', 'D29', 'D3', 'D30', 'D32', 'D33', 'D34', 'D35', 'D37', 'D38', 'D39', 'D4', 'D41', 'D42', 'D43', 'D44', 'D45', 'D46', 'D47', 'D48', 'D49', 'D5', 'D6', 'D8']"
8,B30,[],[],"['D1', 'D10', 'D11', 'D12', 'D14', 'D15', 'D16', 'D17', 'D19', 'D2', 'D21', 'D23', 'D25', 'D26', 'D28', 'D29', 'D3', 'D30', 'D32', 'D33', 'D34', 'D35', 'D37', 'D38', 'D39', 'D4', 'D41', 'D42', 'D43', 'D44', 'D45', 'D46', 'D47', 'D48', 'D49', 'D5', 'D6', 'D8']","['D1', 'D10', 'D11', 'D12', 'D14', 'D15', 'D16', 'D17', 'D19', 'D2', 'D21', 'D23', 'D25', 'D26', 'D28', 'D29', 'D3', 'D30', 'D32', 'D33', 'D34', 'D35', 'D37', 'D38', 'D39', 'D4', 'D41', 'D42', 'D43', 'D44', 'D45', 'D46', 'D47', 'D48', 'D49', 'D5', 'D6', 'D8']"
8,B31,"['D47', 'D48', 'D49']","['D39', 'D42', 'D50', 'D53', 'D54', 'D61', 'D62', 'D8']","['D1', 'D10', 'D11', 'D12', 'D14', 'D15', 'D16', 'D17', 'D19', 'D2', 'D21', 'D23', 'D25', 'D26', 'D28', 'D29', 'D3', 'D30', 'D32', 'D33', 'D34', 'D35', 'D37', 'D38', 'D39', 'D4', 'D41', 'D42', 'D43', 'D44', 'D45', 'D46', 'D47', 'D48', 'D49', 'D5', 'D6', 'D8']","['D1', 'D10', 'D11', 'D12', 'D14', 'D15', 'D16', 'D17', 'D19', 'D2', 'D21', 'D23', 'D25', 'D26', 'D28', 'D29', 'D3', 'D30', 'D32', 'D33', 'D34', 'D35', 'D37', 'D38', 'D4', 'D41', 'D43', 'D44', 'D45', 'D46', 'D47', 'D48', 'D49', 'D5', 'D6']"
8,B32,[],[],"['D1', 'D10', 'D11', 'D12', 'D14', 'D15', 'D16', 'D17', 'D19', 'D2', 'D21', 'D23', 'D25', 'D26', 'D28', 'D29', 'D3', 'D30', 'D32', 'D33', 'D34', 'D35', 'D37', 'D38', 'D39', 'D4', 'D41', 'D42', 'D43', 'D44', 'D45', 'D46', 'D47', 'D48', 'D49', 'D5', 'D6', 'D8']","['D1', 'D10', 'D11', 'D12', 'D14', 'D15', 'D16', 'D17', 'D19', 'D2', 'D21', 'D23', 'D25', 'D26', 'D28', 'D29', 'D3', 'D30', 'D32', 'D33', 'D34', 'D35', 'D37', 'D38', 'D39', 'D4', 'D41', 'D42', 'D43', 'D44', 'D45', 'D46', 'D47', 'D48', 'D49', 'D5', 'D6', 'D8']"
8,B33,"['D50', 'D51', 'D52']","['D42', 'D49', 'D56', 'D57', 'D58']","['D1', 'D10', 'D11', 'D12', 'D14', 'D15', 'D16', 'D17', 'D19', 'D2', 'D21', 'D23', 'D25', 'D26', 'D28', 'D29', 'D3', 'D30', 'D32', 'D33', 'D34', 'D35', 'D37', 'D38', 'D39', 'D4', 'D41', 'D42', 'D43', 'D44', 'D45', 'D46', 'D47', 'D48', 'D49', 'D5', 'D6', 'D8']","['D1', 'D10', 'D11', 'D12', 'D14', 'D15', 'D16', 'D17', 'D19', 'D2', 'D21', 'D23', 'D25', 'D26', 'D28', 'D29', 'D3', 'D30', 'D32', 'D33', 'D34', 'D35', 'D37', 'D38', 'D39', 'D4', 'D41', 'D43', 'D44', 'D45', 'D46', 'D47', 'D48', 'D5', 'D50', 'D51', 'D52', 'D6', 'D8']"
8,B34,[],[],"['D1', 'D10', 'D11', 'D12', 'D14', 'D15', 'D16', 'D17', 'D19', 'D2', 'D21', 'D23', 'D25', 'D26', 'D28', 'D29', 'D3', 'D30', 'D32', 'D33', 'D34', 'D35', 'D37', 'D38', 'D39', 'D4', 'D41', 'D43', 'D44', 'D45', 'D46', 'D47', 'D48', 'D5', 'D50', 'D51', 'D52', 'D55', 'D56', 'D6', 'D61', 'D62', 'D8']","['D1', 'D10', 'D11', 'D12', 'D14', 'D15', 'D16', 'D17', 'D19', 'D2', 'D21', 'D23', 'D25', 'D26', 'D28', 'D29', 'D3', 'D30', 'D32', 'D33', 'D34', 'D35', 'D37', 'D38', 'D39', 'D4', 'D41', 'D43', 'D44', 'D45', 'D46', 'D47', 'D48', 'D5', 'D50', 'D51', 'D52', 'D55', 'D56', 'D6', 'D61', 'D62', 'D8']"
8,B35,"['D55', 'D61', 'D62']","['D39', 'D47', 'D48', 'D53', 'D54', 'D8']","['D1', 'D10', 'D11', 'D12', 'D14', 'D15', 'D16', 'D17', 'D19', 'D2', 'D21', 'D23', 'D25', 'D26', 'D28', 'D29', 'D3', 'D30', 'D32', 'D33', 'D34', 'D35', 'D37', 'D38', 'D39', 'D4', 'D41', 'D43', 'D44', 'D45', 'D46', 'D47', 'D48', 'D5', 'D50', 'D51', 'D52', 'D55', 'D56', 'D6', 'D61', 'D62', 'D8']","['D1', 'D10', 'D11', 'D12', 'D14', 'D15', 'D16', 'D17', 'D19', 'D2', 'D21', 'D23', 'D25', 'D26', 'D28', 'D29', 'D3', 'D30', 'D32', 'D33', 'D34', 'D35', 'D37', 'D38', 'D4', 'D41', 'D43', 'D44', 'D45', 'D46', 'D5', 'D50', 'D51', 'D52', 'D55', 'D56', 'D6', 'D61', 'D62']"
8,B36,[],[],"['D1', 'D10', 'D11', 'D12', 'D14', 'D15', 'D16', 'D17', 'D19', 'D2', 'D21', 'D23', 'D25', 'D26', 'D28', 'D29', 'D3', 'D30', 'D32', 'D33', 'D34', 'D35', 'D37', 'D38', 'D4', 'D41', 'D43', 'D44', 'D45', 'D46', 'D5', 'D50', 'D51', 'D52', 'D55', 'D56', 'D6', 'D61', 'D62']","['D1', 'D10', 'D11', 'D12', 'D14', 'D15', 'D16', 'D17', 'D19', 'D2', 'D21', 'D23', 'D25', 'D26', 'D28', 'D29', 'D3', 'D30', 'D32', 'D33', 'D34', 'D35', 'D37', 'D38', 'D4', 'D41', 'D43', 'D44', 'D45', 'D46', 'D5', 'D50', 'D51', 'D52', 'D55', 'D56', 'D6', 'D61', 'D62']"
8,B37,['D56'],"['D51', 'D57', 'D58']","['D1', 'D10', 'D11', 'D12', 'D14', 'D15', 'D16', 'D17', 'D19', 'D2', 'D21', 'D23', 'D25', 'D26', 'D28', 'D29', 'D3', 'D30', 'D32', 'D33', 'D34', 'D35', 'D37', 'D38', 'D4', 'D41', 'D43', 'D44', 'D45', 'D46', 'D5', 'D50', 'D51', 'D52', 'D55', 'D56', 'D6', 'D61', 'D62']","['D1', 'D10', 'D11', 'D12', 'D14', 'D15', 'D16', 'D17', 'D19', 'D2', 'D21', 'D23', 'D25', 'D26', 'D28', 'D29', 'D3', 'D30', 'D32', 'D33', 'D34', 'D35', 'D37', 'D38', 'D4', 'D41', 'D43', 'D44', 'D45', 'D46', 'D5', 'D50', 'D52', 'D55', 'D56', 'D6', 'D61', 'D62']"
8,B38,[],[],"['D1', 'D10', 'D11', 'D12', 'D14', 'D15', 'D16', 'D17', 'D19', 'D2', 'D21', 'D23', 'D25', 'D26', 'D28', 'D29', 'D3', 'D30', 'D32', 'D33', 'D34', 'D35', 'D37', 'D38', 'D4', 'D41', 'D43', 'D44', 'D45', 'D46', 'D5', 'D50', 'D51', 'D52', 'D55', 'D56', 'D6', 'D61', 'D62']","['D1', 'D10', 'D11', 'D12', 'D14', 'D15', 'D16', 'D17', 'D19', 'D2', 'D21', 'D23', 'D25', 'D26', 'D28', 'D29', 'D3', 'D30', 'D32', 'D33', 'D34', 'D35', 'D37', 'D38', 'D4', 'D41', 'D43', 'D44', 'D45', 'D46', 'D5', 'D50', 'D51', 'D52', 'D55', 'D56', 'D6', 'D61', 'D62']"
8,B39,"['D58', 'D59', 'D60']","['D51', 'D56', 'D57', 'D63', 'D64']","['D1', 'D10', 'D11', 'D12', 'D14', 'D15', 'D16', 'D17', 'D19', 'D2', 'D21', 'D23', 'D25', 'D26', 'D28', 'D29', 'D3', 'D30', 'D32', 'D33', 'D34', 'D35', 'D37', 'D38', 'D39', 'D4', 'D41', 'D43', 'D44', 'D45', 'D46', 'D47', 'D48', 'D5', 'D50', 'D51', 'D52', 'D55', 'D56', 'D6', 'D61', 'D62', 'D8']","['D1', 'D10', 'D11', 'D12', 'D14', 'D15', 'D16', 'D17', 'D19', 'D2', 'D21', 'D23', 'D25', 'D26', 'D28', 'D29', 'D3', 'D30', 'D32', 'D33', 'D34', 'D35', 'D37', 'D38', 'D39', 'D4', 'D41', 'D43', 'D44', 'D45', 'D46', 'D47', 'D48', 'D5', 'D50', 'D52', 'D55', 'D58', 'D59', 'D6', 'D60', 'D61', 'D62', 'D8']"
8,B40,[],[],"['D1', 'D10', 'D11', 'D12', 'D14', 'D15', 'D16', 'D17', 'D19', 'D2', 'D21', 'D23', 'D25', 'D26', 'D28', 'D29', 'D3', 'D30', 'D32', 'D33', 'D34', 'D35', 'D37', 'D38', 'D39', 'D4', 'D41', 'D43', 'D44', 'D45', 'D46', 'D47', 'D48', 'D5', 'D50', 'D52', 'D55', 'D58', 'D59', 'D6', 'D60', 'D61', 'D62', 'D63', 'D8']","['D1', 'D10', 'D11', 'D12', 'D14', 'D15', 'D16', 'D17', 'D19', 'D2', 'D21', 'D23', 'D25', 'D26', 'D28', 'D29', 'D3', 'D30', 'D32', 'D33', 'D34', 'D35', 'D37', 'D38', 'D39', 'D4', 'D41', 'D43', 'D44', 'D45', 'D46', 'D47', 'D48', 'D5', 'D50', 'D52', 'D55', 'D58', 'D59', 'D6', 'D60', 'D61', 'D62', 'D63', 'D8']"
8,B41,"['D61', 'D62']","['D39', 'D47', 'D48', 'D53', 'D54', 'D8']","['D1', 'D10', 'D11', 'D12', 'D14', 'D15', 'D16', 'D17', 'D19', 'D2', 'D21', 'D23', 'D25', 'D26', 'D28', 'D29', 'D3', 'D30', 'D32', 'D33', 'D34', 'D35', 'D37', 'D38', 'D39', 'D4', 'D41', 'D43', 'D44', 'D45', 'D46', 'D47', 'D48', 'D5', 'D50', 'D52', 'D55', 'D58', 'D59', 'D6', 'D60', 'D61', 'D62', 'D63', 'D8']","['D1', 'D10', 'D11', 'D12', 'D14', 'D15', 'D16', 'D17', 'D19', 'D2', 'D21', 'D23', 'D25', 'D26', 'D28', 'D29', 'D3', 'D30', 'D32', 'D33', 'D34', 'D35', 'D37', 'D38', 'D4', 'D41', 'D43', 'D44', 'D45', 'D46', 'D5', 'D50', 'D52', 'D55', 'D58', 'D59', 'D6', 'D60', 'D61', 'D62', 'D63']"
8,B42,[],[],"['D1', 'D10', 'D11', 'D12', 'D14', 'D15', 'D16', 'D17', 'D19', 'D2', 'D21', 'D23', 'D25', 'D26', 'D28', 'D29', 'D3', 'D30', 'D32', 'D33', 'D34', 'D35', 'D37', 'D38', 'D4', 'D41', 'D43', 'D44', 'D45', 'D46', 'D5', 'D50', 'D52', 'D55', 'D58', 'D59', 'D6', 'D60', 'D61', 'D62', 'D63']","['D1', 'D10', 'D11', 'D12', 'D14', 'D15', 'D16', 'D17', 'D19', 'D2', 'D21', 'D23', 'D25', 'D26', 'D28', 'D29', 'D3', 'D30', 'D32', 'D33', 'D34', 'D35', 'D37', 'D38', 'D4', 'D41', 'D43', 'D44', 'D45', 'D46', 'D5', 'D50', 'D52', 'D55', 'D58', 'D59', 'D6', 'D60', 'D61', 'D62', 'D63']"
8,B43,['D63'],['D60'],"['D1', 'D10', 'D11', 'D12', 'D14', 'D15', 'D16', 'D17', 'D19', 'D2', 'D21', 'D23', 'D25', 'D26', 'D28', 'D29', 'D3', 'D30', 'D32', 'D33', 'D34', 'D35', 'D37', 'D38', 'D4', 'D41', 'D43', 'D44', 'D45', 'D46', 'D5', 'D50', 'D52', 'D55', 'D58', 'D59', 'D6', 'D60', 'D61', 'D62', 'D63']","['D1', 'D10', 'D11', 'D12', 'D14', 'D15', 'D16', 'D17', 'D19', 'D2', 'D21', 'D23', 'D25', 'D26', 'D28', 'D29', 'D3', 'D30', 'D32', 'D33', 'D34', 'D35', 'D37', 'D38', 'D4', 'D41', 'D43', 'D44', 'D45', 'D46', 'D5', 'D50', 'D52', 'D55', 'D58', 'D59', 'D6', 'D61', 'D62', 'D63']"
8,B44,[],[],"['D1', 'D10', 'D11', 'D12', 'D14', 'D15', 'D16', 'D17', 'D19', 'D2', 'D21', 'D23', 'D25', 'D26', 'D28', 'D29', 'D3', 'D30', 'D32', 'D33', 'D34', 'D35', 'D37', 'D38', 'D4', 'D41', 'D43', 'D44', 'D45', 'D46', 'D5', 'D50', 'D52', 'D55', 'D58', 'D59', 'D6', 'D60', 'D61', 'D62', 'D63']","['D1', 'D10', 'D11', 'D12', 'D14', 'D15', 'D16', 'D17', 'D19', 'D2', 'D21', 'D23', 'D25', 'D26', 'D28', 'D29', 'D3', 'D30', 'D32', 'D33', 'D34', 'D35', 'D37', 'D38', 'D4', 'D41', 'D43', 'D44', 'D45', 'D46', 'D5', 'D50', 'D52', 'D55', 'D58', 'D59', 'D6', 'D60', 'D61', 'D62', 'D63']"
8,B45,"['D64', 'D65', 'D66']","['D59', 'D69']","['D1', 'D10', 'D11', 'D12', 'D14', 'D15', 'D16', 'D17', 'D19', 'D2', 'D21', 'D23', 'D25', 'D26', 'D28', 'D29', 'D3', 'D30', 'D32', 'D33', 'D34', 'D35', 'D37', 'D38', 'D39', 'D4', 'D41', 'D43', 'D44', 'D45', 'D46', 'D47', 'D48', 'D5', 'D50', 'D52', 'D55', 'D58', 'D59', 'D6', 'D60', 'D61', 'D62', 'D63', 'D8']","['D1', 'D10', 'D11', 'D12', 'D14', 'D15', 'D16', 'D17', 'D19', 'D2', 'D21', 'D23', 'D25', 'D26', 'D28', 'D29', 'D3', 'D30', 'D32', 'D33', 'D34', 'D35', 'D37', 'D38', 'D39', 'D4', 'D41', 'D43', 'D44', 'D45', 'D46', 'D47', 'D48', 'D5', 'D50', 'D52', 'D55', 'D58', 'D6', 'D60', 'D61', 'D62', 'D63', 'D64', 'D65', 'D66', 'D8']"
8,B46,[],[],"['D1', 'D10', 'D11', 'D12', 'D14', 'D15', 'D16', 'D17', 'D19', 'D2', 'D21', 'D23', 'D25', 'D26', 'D28', 'D29', 'D3', 'D30', 'D32', 'D33', 'D34', 'D35', 'D37', 'D38', 'D39', 'D4', 'D41', 'D43', 'D44', 'D45', 'D46', 'D47', 'D48', 'D5', 'D50', 'D52', 'D55', 'D58', 'D6', 'D60', 'D61', 'D62', 'D63', 'D64', 'D65', 'D66', 'D67', 'D68', 'D69', 'D8']","['D1', 'D10', 'D11', 'D12', 'D14', 'D15', 'D16', 'D17', 'D19', 'D2', 'D21', 'D23', 'D25', 'D26', 'D28', 'D29', 'D3', 'D30', 'D32', 'D33', 'D34', 'D35', 'D37', 'D38', 'D39', 'D4', 'D41', 'D43', 'D44', 'D45', 'D46', 'D47', 'D48', 'D5', 'D50', 'D52', 'D55', 'D58', 'D6', 'D60', 'D61', 'D62', 'D63', 'D64', 'D65', 'D66', 'D67', 'D68', 'D69', 'D8']"
8,B47,['D67'],"['D100', 'D104', 'D68']","['D1', 'D10', 'D11', 'D12', 'D14', 'D15', 'D16', 'D17', 'D19', 'D2', 'D21', 'D23', 'D25', 'D26', 'D28', 'D29', 'D3', 'D30', 'D32', 'D33', 'D34', 'D35', 'D37', 'D38', 'D39', 'D4', 'D41', 'D43', 'D44', 'D45', 'D46', 'D47', 'D48', 'D5', 'D50', 'D52', 'D55', 'D58', 'D6', 'D60', 'D61', 'D62', 'D63', 'D64', 'D65', 'D66', 'D67', 'D68', 'D69', 'D8']","['D1', 'D10', 'D11', 'D12', 'D14', 'D15', 'D16', 'D17', 'D19', 'D2', 'D21', 'D23', 'D25', 'D26', 'D28', 'D29', 'D3', 'D30', 'D32', 'D33', 'D34', 'D35', 'D37', 'D38', 'D39', 'D4', 'D41', 'D43', 'D44', 'D45', 'D46', 'D47', 'D48', 'D5', 'D50', 'D52', 'D55', 'D58', 'D6', 'D60', 'D61', 'D62', 'D63', 'D64', 'D65', 'D66', 'D67', 'D69', 'D8']"
8,B48,[],[],"['D1', 'D10', 'D11', 'D12', 'D14', 'D15', 'D16', 'D17', 'D19', 'D2', 'D21', 'D23', 'D25', 'D26', 'D28', 'D29', 'D3', 'D30', 'D32', 'D33', 'D34', 'D35', 'D37', 'D38', 'D39', 'D4', 'D41', 'D43', 'D44', 'D45', 'D46', 'D47', 'D48', 'D5', 'D50', 'D52', 'D55', 'D58', 'D6', 'D60', 'D61', 'D62', 'D63', 'D64', 'D65', 'D66', 'D67', 'D69', 'D8']","['D1', 'D10', 'D11', 'D12', 'D14', 'D15', 'D16', 'D17', 'D19', 'D2', 'D21', 'D23', 'D25', 'D26', 'D28', 'D29', 'D3', 'D30', 'D32', 'D33', 'D34', 'D35', 'D37', 'D38', 'D39', 'D4', 'D41', 'D43', 'D44', 'D45', 'D46', 'D47', 'D48', 'D5', 'D50', 'D52', 'D55', 'D58', 'D6', 'D60', 'D61', 'D62', 'D63', 'D64', 'D65', 'D66', 'D67', 'D69', 'D8']"
8,B49,['D68'],"['D100', 'D104', 'D67']","['D1', 'D10', 'D11', 'D12', 'D14', 'D15', 'D16', 'D17', 'D19', 'D2', 'D21', 'D23', 'D25', 'D26', 'D28', 'D29', 'D3', 'D30', 'D32', 'D33', 'D34', 'D35', 'D37', 'D38', 'D39', 'D4', 'D41', 'D43', 'D44', 'D45', 'D46', 'D47', 'D48', 'D5', 'D50', 'D52', 'D55', 'D58', 'D6', 'D60', 'D61', 'D62', 'D63', 'D64', 'D65', 'D66', 'D67', 'D69', 'D8']","['D1', 'D10', 'D11', 'D12', 'D14', 'D15', 'D16', 'D17', 'D19', 'D2', 'D21', 'D23', 'D25', 'D26', 'D28', 'D29', 'D3', 'D30', 'D32', 'D33', 'D34', 'D35', 'D37', 'D38', 'D39', 'D4', 'D41', 'D43', 'D44', 'D45', 'D46', 'D47', 'D48', 'D5', 'D50', 'D52', 'D55', 'D58', 'D6', 'D60', 'D61', 'D62', 'D63', 'D64', 'D65', 'D66', 'D68', 'D69', 'D8']"
8,B50,['D69'],['D65'],"['D1', 'D10', 'D11', 'D12', 'D14', 'D15', 'D16', 'D17', 'D19', 'D2', 'D21', 'D23', 'D25', 'D26', 'D28', 'D29', 'D3', 'D30', 'D32', 'D33', 'D34', 'D35', 'D37', 'D38', 'D39', 'D4', 'D41', 'D43', 'D44', 'D45', 'D46', 'D47', 'D48', 'D5', 'D50', 'D52', 'D55', 'D58', 'D6', 'D60', 'D61', 'D62', 'D63', 'D64', 'D65', 'D66', 'D67', 'D68', 'D69', 'D8']","['D1', 'D10', 'D11', 'D12', 'D14', 'D15', 'D16', 'D17', 'D19', 'D2', 'D21', 'D23', 'D25', 'D26', 'D28', 'D29', 'D3', 'D30', 'D32', 'D33', 'D34', 'D35', 'D37', 'D38', 'D39', 'D4', 'D41', 'D43', 'D44', 'D45', 'D46', 'D47', 'D48', 'D5', 'D50', 'D52', 'D55', 'D58', 'D6', 'D60', 'D61', 'D62', 'D63', 'D64', 'D66', 'D67', 'D68', 'D69', 'D8']"
8,B51,"['D70', 'D71']",['D72'],"['D1', 'D10', 'D11', 'D12', 'D14', 'D15', 'D16', 'D17', 'D19', 'D2', 'D21', 'D23', 'D25', 'D26', 'D28', 'D29', 'D3', 'D30', 'D32', 'D33', 'D34', 'D35', 'D37', 'D38', 'D39', 'D4', 'D41', 'D43', 'D44', 'D45', 'D46', 'D47', 'D48', 'D5', 'D50', 'D52', 'D55', 'D58', 'D6', 'D60', 'D61', 'D62', 'D63', 'D64', 'D65', 'D66', 'D67', 'D68', 'D69', 'D8']","['D1', 'D10', 'D11', 'D12', 'D14', 'D15', 'D16', 'D17', 'D19', 'D2', 'D21', 'D23', 'D25', 'D26', 'D28', 'D29', 'D3', 'D30', 'D32', 'D33', 'D34', 'D35', 'D37', 'D38', 'D39', 'D4', 'D41', 'D43', 'D44', 'D45', 'D46', 'D47', 'D48', 'D5', 'D50', 'D52', 'D55', 'D58', 'D6', 'D60', 'D61', 'D62', 'D63', 'D64', 'D65', 'D66', 'D67', 'D68', 'D69', 'D70', 'D71', 'D8']"
8,B52,[],[],"['D1', 'D10', 'D11', 'D12', 'D14', 'D15', 'D16', 'D17', 'D19', 'D2', 'D21', 'D23', 'D25', 'D26', 'D28', 'D29', 'D3', 'D30', 'D32', 'D33', 'D34', 'D35', 'D37', 'D38', 'D39', 'D4', 'D41', 'D43', 'D44', 'D45', 'D46', 'D47', 'D48', 'D5', 'D50', 'D52', 'D55', 'D58', 'D6', 'D60', 'D61', 'D62', 'D63', 'D64', 'D65', 'D66', 'D67', 'D68', 'D69', 'D70', 'D71', 'D72', 'D8']","['D1', 'D10', 'D11', 'D12', 'D14', 'D15', 'D16', 'D17', 'D19', 'D2', 'D21', 'D23', 'D25', 'D26', 'D28', 'D29', 'D3', 'D30', 'D32', 'D33', 'D34', 'D35', 'D37', 'D38', 'D39', 'D4', 'D41', 'D43', 'D44', 'D45', 'D46', 'D47', 'D48', 'D5', 'D50', 'D52', 'D55', 'D58', 'D6', 'D60', 'D61', 'D62', 'D63', 'D64', 'D65', 'D66', 'D67', 'D68', 'D69', 'D70', 'D71', 'D72', 'D8']"
8,B53,['D72'],['D70'],"['D1', 'D10', 'D11', 'D12', 'D14', 'D15', 'D16', 'D17', 'D19', 'D2', 'D21', 'D23', 'D25', 'D26', 'D28', 'D29', 'D3', 'D30', 'D32', 'D33', 'D34', 'D35', 'D37', 'D38', 'D39', 'D4', 'D41', 'D43', 'D44', 'D45', 'D46', 'D47', 'D48', 'D5', 'D50', 'D52', 'D55', 'D58', 'D6', 'D60', 'D61', 'D62', 'D63', 'D64', 'D65', 'D66', 'D67', 'D68', 'D69', 'D70', 'D71', 'D72', 'D8']","['D1', 'D10', 'D11', 'D12', 'D14', 'D15', 'D16', 'D17', 'D19', 'D2', 'D21', 'D23', 'D25', 'D26', 'D28', 'D29', 'D3', 'D30', 'D32', 'D33', 'D34', 'D35', 'D37', 'D38', 'D39', 'D4', 'D41', 'D43', 'D44', 'D45', 'D46', 'D47', 'D48', 'D5', 'D50', 'D52', 'D55', 'D58', 'D6', 'D60', 'D61', 'D62', 'D63', 'D64', 'D65', 'D66', 'D67', 'D68', 'D69', 'D71', 'D72', 'D8']"
8,B54,['D73'],['D74'],"['D1', 'D10', 'D11', 'D12', 'D14', 'D15', 'D16', 'D17', 'D19', 'D2', 'D21', 'D23', 'D25', 'D26', 'D28', 'D29', 'D3', 'D30', 'D32', 'D33', 'D34', 'D35', 'D37', 'D38', 'D39', 'D4', 'D41', 'D43', 'D44', 'D45', 'D46', 'D47', 'D48', 'D5', 'D50', 'D52', 'D55', 'D58', 'D6', 'D60', 'D61', 'D62', 'D63', 'D64', 'D65', 'D66', 'D67', 'D68', 'D69', 'D70', 'D71', 'D72', 'D8']","['D1', 'D10', 'D11', 'D12', 'D14', 'D15', 'D16', 'D17', 'D19', 'D2', 'D21', 'D23', 'D25', 'D26', 'D28', 'D29', 'D3', 'D30', 'D32', 'D33', 'D34', 'D35', 'D37', 'D38', 'D39', 'D4', 'D41', 'D43', 'D44', 'D45', 'D46', 'D47', 'D48', 'D5', 'D50', 'D52', 'D55', 'D58', 'D6', 'D60', 'D61', 'D62', 'D63', 'D64', 'D65', 'D66', 'D67', 'D68', 'D69', 'D70', 'D71', 'D72', 'D73', 'D8']"
8,B55,[],[],"['D1', 'D10', 'D11', 'D12', 'D14', 'D15', 'D16', 'D17', 'D19', 'D2', 'D21', 'D23', 'D25', 'D26', 'D28', 'D29', 'D3', 'D30', 'D32', 'D33', 'D34', 'D35', 'D37', 'D38', 'D39', 'D4', 'D41', 'D43', 'D44', 'D45', 'D46', 'D47', 'D48', 'D5', 'D50', 'D52', 'D55', 'D58', 'D6', 'D60', 'D61', 'D62', 'D63', 'D64', 'D65', 'D66', 'D67', 'D68', 'D69', 'D70', 'D71', 'D72', 'D73', 'D74', 'D8']","['D1', 'D10', 'D11', 'D12', 'D14', 'D15', 'D16', 'D17', 'D19', 'D2', 'D21', 'D23', 'D25', 'D26', 'D28', 'D29', 'D3', 'D30', 'D32', 'D33', 'D34', 'D35', 'D37', 'D38', 'D39', 'D4', 'D41', 'D43', 'D44', 'D45', 'D46', 'D47', 'D48', 'D5', 'D50', 'D52', 'D55', 'D58', 'D6', 'D60', 'D61', 'D62', 'D63', 'D64', 'D65', 'D66', 'D67', 'D68', 'D69', 'D70', 'D71', 'D72', 'D73', 'D74', 'D8']"
8,B56,[],[],"['D1', 'D10', 'D11', 'D12', 'D14', 'D15', 'D16', 'D17', 'D19', 'D2', 'D21', 'D23', 'D25', 'D26', 'D28', 'D29', 'D3', 'D30', 'D32', 'D33', 'D34', 'D35', 'D37', 'D38', 'D39', 'D4', 'D41', 'D43', 'D44', 'D45', 'D46', 'D47', 'D48', 'D5', 'D50', 'D52', 'D55', 'D58', 'D6', 'D60', 'D61', 'D62', 'D63', 'D64', 'D65', 'D66', 'D67', 'D68', 'D69', 'D70', 'D71', 'D72', 'D73', 'D74', 'D8']","['D1', 'D10', 'D11', 'D12', 'D14', 'D15', 'D16', 'D17', 'D19', 'D2', 'D21', 'D23', 'D25', 'D26', 'D28', 'D29', 'D3', 'D30', 'D32', 'D33', 'D34', 'D35', 'D37', 'D38', 'D39', 'D4', 'D41', 'D43', 'D44', 'D45', 'D46', 'D47', 'D48', 'D5', 'D50', 'D52', 'D55', 'D58', 'D6', 'D60', 'D61', 'D62', 'D63', 'D64', 'D65', 'D66', 'D67', 'D68', 'D69', 'D70', 'D71', 'D72', 'D73', 'D74', 'D8']"
8,B57,[],[],"['D1', 'D10', 'D11', 'D12', 'D14', 'D15', 'D16', 'D17', 'D19', 'D2', 'D21', 'D23', 'D25', 'D26', 'D28', 'D29', 'D3', 'D30', 'D32', 'D33', 'D34', 'D35', 'D37', 'D38', 'D39', 'D4', 'D41', 'D43', 'D44', 'D45', 'D46', 'D47', 'D48', 'D5', 'D50', 'D52', 'D55', 'D58', 'D6', 'D60', 'D61', 'D62', 'D63', 'D64', 'D65', 'D66', 'D67', 'D68', 'D69', 'D70', 'D71', 'D72', 'D73', 'D74', 'D8']","['D1', 'D10', 'D11', 'D12', 'D14', 'D15', 'D16', 'D17', 'D19', 'D2', 'D21', 'D23', 'D25', 'D26', 'D28', 'D29', 'D3', 'D30', 'D32', 'D33', 'D34', 'D35', 'D37', 'D38', 'D39', 'D4', 'D41', 'D43', 'D44', 'D45', 'D46', 'D47', 'D48', 'D5', 'D50', 'D52', 'D55', 'D58', 'D6', 'D60', 'D61', 'D62', 'D63', 'D64', 'D65', 'D66', 'D67', 'D68', 'D69', 'D70', 'D71', 'D72', 'D73', 'D74', 'D8']"
8,B58,['D74'],['D73'],"['D1', 'D10', 'D11', 'D12', 'D14', 'D15', 'D16', 'D17', 'D19', 'D2', 'D21', 'D23', 'D25', 'D26', 'D28', 'D29', 'D3', 'D30', 'D32', 'D33', 'D34', 'D35', 'D37', 'D38', 'D39', 'D4', 'D41', 'D43', 'D44', 'D45', 'D46', 'D47', 'D48', 'D5', 'D50', 'D52', 'D55', 'D58', 'D6', 'D60', 'D61', 'D62', 'D63', 'D64', 'D65', 'D66', 'D67', 'D68', 'D69', 'D70', 'D71', 'D72', 'D73', 'D74', 'D8']","['D1', 'D10', 'D11', 'D12', 'D14', 'D15', 'D16', 'D17', 'D19', 'D2', 'D21', 'D23', 'D25', 'D26', 'D28', 'D29', 'D3', 'D30', 'D32', 'D33', 'D34', 'D35', 'D37', 'D38', 'D39', 'D4', 'D41', 'D43', 'D44', 'D45', 'D46', 'D47', 'D48', 'D5', 'D50', 'D52', 'D55', 'D58', 'D6', 'D60', 'D61', 'D62', 'D63', 'D64', 'D65', 'D66', 'D67', 'D68', 'D69', 'D70', 'D71', 'D72', 'D74', 'D8']"
8,B59,[],[],"['D1', 'D10', 'D11', 'D12', 'D14', 'D15', 'D16', 'D17', 'D19', 'D2', 'D21', 'D23', 'D25', 'D26', 'D28', 'D29', 'D3', 'D30', 'D32', 'D33', 'D34', 'D35', 'D37', 'D38', 'D39', 'D4', 'D41', 'D43', 'D44', 'D45', 'D46', 'D47', 'D48', 'D5', 'D50', 'D52', 'D55', 'D58', 'D6', 'D60', 'D61', 'D62', 'D63', 'D64', 'D65', 'D66', 'D67', 'D68', 'D69', 'D70', 'D71', 'D72', 'D73', 'D74', 'D8']","['D1', 'D10', 'D11', 'D12', 'D14', 'D15', 'D16', 'D17', 'D19', 'D2', 'D21', 'D23', 'D25', 'D26', 'D28', 'D29', 'D3', 'D30', 'D32', 'D33', 'D34', 'D35', 'D37', 'D38', 'D39', 'D4', 'D41', 'D43', 'D44', 'D45', 'D46', 'D47', 'D48', 'D5', 'D50', 'D52', 'D55', 'D58', 'D6', 'D60', 'D61', 'D62', 'D63', 'D64', 'D65', 'D66', 'D67', 'D68', 'D69', 'D70', 'D71', 'D72', 'D73', 'D74', 'D8']"
8,B60,[],[],"['D1', 'D10', 'D11', 'D12', 'D14', 'D15', 'D16', 'D17', 'D19', 'D2', 'D21', 'D23', 'D25', 'D26', 'D28', 'D29', 'D3', 'D30', 'D32', 'D33', 'D34', 'D35', 'D37', 'D38', 'D39', 'D4', 'D41', 'D43', 'D44', 'D45', 'D46', 'D47', 'D48', 'D5', 'D50', 'D52', 'D55', 'D58', 'D6', 'D60', 'D61', 'D62', 'D63', 'D64', 'D65', 'D66', 'D67', 'D68', 'D69', 'D70', 'D71', 'D72', 'D73', 'D74', 'D8']","['D1', 'D10', 'D11', 'D12', 'D14', 'D15', 'D16', 'D17', 'D19', 'D2', 'D21', 'D23', 'D25', 'D26', 'D28', 'D29', 'D3', 'D30', 'D32', 'D33', 'D34', 'D35', 'D37', 'D38', 'D39', 'D4', 'D41', 'D43', 'D44', 'D45', 'D46', 'D47', 'D48', 'D5', 'D50', 'D52', 'D55', 'D58', 'D6', 'D60', 'D61', 'D62', 'D63', 'D64', 'D65', 'D66', 'D67', 'D68', 'D69', 'D70', 'D71', 'D72', 'D73', 'D74', 'D8']"
8,B61,"['D75', 'D76', 'D77']","['D80', 'D81', 'D82']","['D1', 'D10', 'D11', 'D12', 'D14', 'D15', 'D16', 'D17', 'D19', 'D2', 'D21', 'D23', 'D25', 'D26', 'D28', 'D29', 'D3', 'D30', 'D32', 'D33', 'D34', 'D35', 'D37', 'D38', 'D39', 'D4', 'D41', 'D43', 'D44', 'D45', 'D46', 'D47', 'D48', 'D5', 'D50', 'D52', 'D55', 'D58', 'D6', 'D60', 'D61', 'D62', 'D63', 'D64', 'D65', 'D66', 'D67', 'D68', 'D69', 'D70', 'D71', 'D72', 'D73', 'D74', 'D8']","['D1', 'D10', 'D11', 'D12', 'D14', 'D15', 'D16', 'D17', 'D19', 'D2', 'D21', 'D23', 'D25', 'D26', 'D28', 'D29', 'D3', 'D30', 'D32', 'D33', 'D34', 'D35', 'D37', 'D38', 'D39', 'D4', 'D41', 'D43', 'D44', 'D45', 'D46', 'D47', 'D48', 'D5', 'D50', 'D52', 'D55', 'D58', 'D6', 'D60', 'D61', 'D62', 'D63', 'D64', 'D65', 'D66', 'D67', 'D68', 'D69', 'D70', 'D71', 'D72', 'D73', 'D74', 'D75', 'D76', 'D77', 'D8']"
8,B62,[],[],"['D1', 'D10', 'D11', 'D12', 'D14', 'D15', 'D16', 'D17', 'D19', 'D2', 'D21', 'D23', 'D25', 'D26', 'D28', 'D29', 'D3', 'D30', 'D32', 'D33', 'D34', 'D35', 'D37', 'D38', 'D39', 'D4', 'D41', 'D43', 'D44', 'D45', 'D46', 'D47', 'D48', 'D5', 'D50', 'D52', 'D55', 'D58', 'D6', 'D60', 'D61', 'D62', 'D63', 'D64', 'D65', 'D66', 'D67', 'D68', 'D69', 'D70', 'D71', 'D72', 'D73', 'D74', 'D75', 'D76', 'D77', 'D78', 'D79', 'D8', 'D80', 'D81']","['D1', 'D10', 'D11', 'D12', 'D14', 'D15', 'D16', 'D17', 'D19', 'D2', 'D21', 'D23', 'D25', 'D26', 'D28', 'D29', 'D3', 'D30', 'D32', 'D33', 'D34', 'D35', 'D37', 'D38', 'D39', 'D4', 'D41', 'D43', 'D44', 'D45', 'D46', 'D47', 'D48', 'D5', 'D50', 'D52', 'D55', 'D58', 'D6', 'D60', 'D61', 'D62', 'D63', 'D64', 'D65', 'D66', 'D67', 'D68', 'D69', 'D70', 'D71', 'D72', 'D73', 'D74', 'D75', 'D76', 'D77', 'D78', 'D79', 'D8', 'D80', 'D81']"
8,B63,"['D78', 'D79', 'D80', 'D81']","['D75', 'D77', 'D82']","['D1', 'D10', 'D11', 'D12', 'D14', 'D15', 'D16', 'D17', 'D19', 'D2', 'D21', 'D23', 'D25', 'D26', 'D28', 'D29', 'D3', 'D30', 'D32', 'D33', 'D34', 'D35', 'D37', 'D38', 'D39', 'D4', 'D41', 'D43', 'D44', 'D45', 'D46', 'D47', 'D48', 'D5', 'D50', 'D52', 'D55', 'D58', 'D6', 'D60', 'D61', 'D62', 'D63', 'D64', 'D65', 'D66', 'D67', 'D68', 'D69', 'D70', 'D71', 'D72', 'D73', 'D74', 'D75', 'D76', 'D77', 'D78', 'D79', 'D8', 'D80', 'D81']","['D1', 'D10', 'D11', 'D12', 'D14', 'D15', 'D16', 'D17', 'D19', 'D2', 'D21', 'D23', 'D25', 'D26', 'D28', 'D29', 'D3', 'D30', 'D32', 'D33', 'D34', 'D35', 'D37', 'D38', 'D39', 'D4', 'D41', 'D43', 'D44', 'D45', 'D46', 'D47', 'D48', 'D5', 'D50', 'D52', 'D55', 'D58', 'D6', 'D60', 'D61', 'D62', 'D63', 'D64', 'D65', 'D66', 'D67', 'D68', 'D69', 'D70', 'D71', 'D72', 'D73', 'D74', 'D76', 'D78', 'D79', 'D8', 'D80', 'D81']"
8,B64,"['D82', 'D83', 'D84']","['D75', 'D80', 'D86']","['D1', 'D10', 'D11', 'D12', 'D14', 'D15', 'D16', 'D17', 'D19', 'D2', 'D21', 'D23', 'D25', 'D26', 'D28', 'D29', 'D3', 'D30', 'D32', 'D33', 'D34', 'D35', 'D37', 'D38', 'D39', 'D4', 'D41', 'D43', 'D44', 'D45', 'D46', 'D47', 'D48', 'D5', 'D50', 'D52', 'D55', 'D58', 'D6', 'D60', 'D61', 'D62', 'D63', 'D64', 'D65', 'D66', 'D67', 'D68', 'D69', 'D70', 'D71', 'D72', 'D73', 'D74', 'D75', 'D76', 'D77', 'D78', 'D79', 'D8', 'D80', 'D81']","['D1', 'D10', 'D11', 'D12', 'D14', 'D15', 'D16', 'D17', 'D19', 'D2', 'D21', 'D23', 'D25', 'D26', 'D28', 'D29', 'D3', 'D30', 'D32', 'D33', 'D34', 'D35', 'D37', 'D38', 'D39', 'D4', 'D41', 'D43', 'D44', 'D45', 'D46', 'D47', 'D48', 'D5', 'D50', 'D52', 'D55', 'D58', 'D6', 'D60', 'D61', 'D62', 'D63', 'D64', 'D65', 'D66', 'D67', 'D68', 'D69', 'D70', 'D71', 'D72', 'D73', 'D74', 'D76', 'D77', 'D78', 'D79', 'D8', 'D81', 'D82', 'D83', 'D84']"
8,B65,[],[],"['D1', 'D10', 'D11', 'D12', 'D14', 'D15', 'D16', 'D17', 'D19', 'D2', 'D21', 'D23', 'D25', 'D26', 'D28', 'D29', 'D3', 'D30', 'D32', 'D33', 'D34', 'D35', 'D37', 'D38', 'D39', 'D4', 'D41', 'D43', 'D44', 'D45', 'D46', 'D47', 'D48', 'D5', 'D50', 'D52', 'D55', 'D58', 'D6', 'D60', 'D61', 'D62', 'D63', 'D64', 'D65', 'D66', 'D67', 'D68', 'D69', 'D70', 'D71', 'D72', 'D73', 'D74', 'D76', 'D77', 'D78', 'D79', 'D8', 'D81', 'D82', 'D83', 'D84', 'D85']","['D1', 'D10', 'D11', 'D12', 'D14', 'D15', 'D16', 'D17', 'D19', 'D2', 'D21', 'D23', 'D25', 'D26', 'D28', 'D29', 'D3', 'D30', 'D32', 'D33', 'D34', 'D35', 'D37', 'D38', 'D39', 'D4', 'D41', 'D43', 'D44', 'D45', 'D46', 'D47', 'D48', 'D5', 'D50', 'D52', 'D55', 'D58', 'D6', 'D60', 'D61', 'D62', 'D63', 'D64', 'D65', 'D66', 'D67', 'D68', 'D69', 'D70', 'D71', 'D72', 'D73', 'D74', 'D76', 'D77', 'D78', 'D79', 'D8', 'D81', 'D82', 'D83', 'D84', 'D85']"
8,B66,[],[],"['D1', 'D10', 'D11', 'D12', 'D14', 'D15', 'D16', 'D17', 'D19', 'D2', 'D21', 'D23', 'D25', 'D26', 'D28', 'D29', 'D3', 'D30', 'D32', 'D33', 'D34', 'D35', 'D37', 'D38', 'D39', 'D4', 'D41', 'D43', 'D44', 'D45', 'D46', 'D47', 'D48', 'D5', 'D50', 'D52', 'D55', 'D58', 'D6', 'D60', 'D61', 'D62', 'D63', 'D64', 'D65', 'D66', 'D67', 'D68', 'D69', 'D70', 'D71', 'D72', 'D73', 'D74', 'D76', 'D77', 'D78', 'D79', 'D8', 'D81', 'D82', 'D83', 'D84', 'D85']","['D1', 'D10', 'D11', 'D12', 'D14', 'D15', 'D16', 'D17', 'D19', 'D2', 'D21', 'D23', 'D25', 'D26', 'D28', 'D29', 'D3', 'D30', 'D32', 'D33', 'D34', 'D35', 'D37', 'D38', 'D39', 'D4', 'D41', 'D43', 'D44', 'D45', 'D46', 'D47', 'D48', 'D5', 'D50', 'D52', 'D55', 'D58', 'D6', 'D60', 'D61', 'D62', 'D63', 'D64', 'D65', 'D66', 'D67', 'D68', 'D69', 'D70', 'D71', 'D72', 'D73', 'D74', 'D76', 'D77', 'D78', 'D79', 'D8', 'D81', 'D82', 'D83', 'D84', 'D85']"
8,B67,['D85'],[],"['D1', 'D10', 'D11', 'D12', 'D14', 'D15', 'D16', 'D17', 'D19', 'D2', 'D21', 'D23', 'D25', 'D26', 'D28', 'D29', 'D3', 'D30', 'D32', 'D33', 'D34', 'D35', 'D37', 'D38', 'D39', 'D4', 'D41', 'D43', 'D44', 'D45', 'D46', 'D47', 'D48', 'D5', 'D50', 'D52', 'D55', 'D58', 'D6', 'D60', 'D61', 'D62', 'D63', 'D64', 'D65', 'D66', 'D67', 'D68', 'D69', 'D70', 'D71', 'D72', 'D73', 'D74', 'D76', 'D77', 'D78', 'D79', 'D8', 'D81', 'D82', 'D83', 'D84', 'D85']","['D1', 'D10', 'D11', 'D12', 'D14', 'D15', 'D16', 'D17', 'D19', 'D2', 'D21', 'D23', 'D25', 'D26', 'D28', 'D29', 'D3', 'D30', 'D32', 'D33', 'D34', 'D35', 'D37', 'D38', 'D39', 'D4', 'D41', 'D43', 'D44', 'D45', 'D46', 'D47', 'D48', 'D5', 'D50', 'D52', 'D55', 'D58', 'D6', 'D60', 'D61', 'D62', 'D63', 'D64', 'D65', 'D66', 'D67', 'D68', 'D69', 'D70', 'D71', 'D72', 'D73', 'D74', 'D76', 'D77', 'D78', 'D79', 'D8', 'D81', 'D82', 'D83', 'D84', 'D85']"
8,B68,[],[],"['D1', 'D10', 'D11', 'D12', 'D14', 'D15', 'D16', 'D17', 'D19', 'D2', 'D21', 'D23', 'D25', 'D26', 'D28', 'D29', 'D3', 'D30', 'D32', 'D33', 'D34', 'D35', 'D37', 'D38', 'D39', 'D4', 'D41', 'D43', 'D44', 'D45', 'D46', 'D47', 'D48', 'D5', 'D50', 'D52', 'D55', 'D58', 'D6', 'D60', 'D61', 'D62', 'D63', 'D64', 'D65', 'D66', 'D67', 'D68', 'D69', 'D70', 'D71', 'D72', 'D73', 'D74', 'D76', 'D77', 'D78', 'D79', 'D8', 'D81', 'D82', 'D83', 'D84', 'D85']","['D1', 'D10', 'D11', 'D12', 'D14', 'D15', 'D16', 'D17', 'D19', 'D2', 'D21', 'D23', 'D25', 'D26', 'D28', 'D29', 'D3', 'D30', 'D32', 'D33', 'D34', 'D35', 'D37', 'D38', 'D39', 'D4', 'D41', 'D43', 'D44', 'D45', 'D46', 'D47', 'D48', 'D5', 'D50', 'D52', 'D55', 'D58', 'D6', 'D60', 'D61', 'D62', 'D63', 'D64', 'D65', 'D66', 'D67', 'D68', 'D69', 'D70', 'D71', 'D72', 'D73', 'D74', 'D76', 'D77', 'D78', 'D79', 'D8', 'D81', 'D82', 'D83', 'D84', 'D85']"
8,B69,[],[],"['D1', 'D10', 'D11', 'D12', 'D14', 'D15', 'D16', 'D17', 'D19', 'D2', 'D21', 'D23', 'D25', 'D26', 'D28', 'D29', 'D3', 'D30', 'D32', 'D33', 'D34', 'D35', 'D37', 'D38', 'D39', 'D4', 'D41', 'D43', 'D44', 'D45', 'D46', 'D47', 'D48', 'D5', 'D50', 'D52', 'D55', 'D58', 'D6', 'D60', 'D61', 'D62', 'D63', 'D64', 'D65', 'D66', 'D67', 'D68', 'D69', 'D70', 'D71', 'D72', 'D73', 'D74', 'D76', 'D77', 'D78', 'D79', 'D8', 'D81', 'D82', 'D83', 'D84', 'D85', 'D86']","['D1', 'D10', 'D11', 'D12', 'D14', 'D15', 'D16', 'D17', 'D19', 'D2', 'D21', 'D23', 'D25', 'D26', 'D28', 'D29', 'D3', 'D30', 'D32', 'D33', 'D34', 'D35', 'D37', 'D38', 'D39', 'D4', 'D41', 'D43', 'D44', 'D45', 'D46', 'D47', 'D48', 'D5', 'D50', 'D52', 'D55', 'D58', 'D6', 'D60', 'D61', 'D62', 'D63', 'D64', 'D65', 'D66', 'D67', 'D68', 'D69', 'D70', 'D71', 'D72', 'D73', 'D74', 'D76', 'D77', 'D78', 'D79', 'D8', 'D81', 'D82', 'D83', 'D84', 'D85', 'D86']"
8,B70,[],[],"['D1', 'D10', 'D11', 'D12', 'D14', 'D15', 'D16', 'D17', 'D19', 'D2', 'D21', 'D23', 'D25', 'D26', 'D28', 'D29', 'D3', 'D30', 'D32', 'D33', 'D34', 'D35', 'D37', 'D38', 'D39', 'D4', 'D41', 'D43', 'D44', 'D45', 'D46', 'D47', 'D48', 'D5', 'D50', 'D52', 'D55', 'D58', 'D6', 'D60', 'D61', 'D62', 'D63', 'D64', 'D65', 'D66', 'D67', 'D68', 'D69', 'D70', 'D71', 'D72', 'D73', 'D74', 'D76', 'D77', 'D78', 'D79', 'D8', 'D81', 'D82', 'D83', 'D84', 'D85', 'D86']","['D1', 'D10', 'D11', 'D12', 'D14', 'D15', 'D16', 'D17', 'D19', 'D2', 'D21', 'D23', 'D25', 'D26', 'D28', 'D29', 'D3', 'D30', 'D32', 'D33', 'D34', 'D35', 'D37', 'D38', 'D39', 'D4', 'D41', 'D43', 'D44', 'D45', 'D46', 'D47', 'D48', 'D5', 'D50', 'D52', 'D55', 'D58', 'D6', 'D60', 'D61', 'D62', 'D63', 'D64', 'D65', 'D66', 'D67', 'D68', 'D69', 'D70', 'D71', 'D72', 'D73', 'D74', 'D76', 'D77', 'D78', 'D79', 'D8', 'D81', 'D82', 'D83', 'D84', 'D85', 'D86']"
8,B71,['D86'],['D83'],"['D1', 'D10', 'D11', 'D12', 'D14', 'D15', 'D16', 'D17', 'D19', 'D2', 'D21', 'D23', 'D25', 'D26', 'D28', 'D29', 'D3', 'D30', 'D32', 'D33', 'D34', 'D35', 'D37', 'D38', 'D39', 'D4', 'D41', 'D43', 'D44', 'D45', 'D46', 'D47', 'D48', 'D5', 'D50', 'D52', 'D55', 'D58', 'D6', 'D60', 'D61', 'D62', 'D63', 'D64', 'D65', 'D66', 'D67', 'D68', 'D69', 'D70', 'D71', 'D72', 'D73', 'D74', 'D76', 'D77', 'D78', 'D79', 'D8', 'D81', 'D82', 'D83', 'D84', 'D85', 'D86']","['D1', 'D10', 'D11', 'D12', 'D14', 'D15', 'D16', 'D17', 'D19', 'D2', 'D21', 'D23', 'D25', 'D26', 'D28', 'D29', 'D3', 'D30', 'D32', 'D33', 'D34', 'D35', 'D37', 'D38', 'D39', 'D4', 'D41', 'D43', 'D44', 'D45', 'D46', 'D47', 'D48', 'D5', 'D50', 'D52', 'D55', 'D58', 'D6', 'D60', 'D61', 'D62', 'D63', 'D64', 'D65', 'D66', 'D67', 'D68', 'D69', 'D70', 'D71', 'D72', 'D73', 'D74', 'D76', 'D77', 'D78', 'D79', 'D8', 'D81', 'D82', 'D84', 'D85', 'D86']"
8,B72,[],[],"['D1', 'D10', 'D11', 'D12', 'D14', 'D15', 'D16', 'D17', 'D19', 'D2', 'D21', 'D23', 'D25', 'D26', 'D28', 'D29', 'D3', 'D30', 'D32', 'D33', 'D34', 'D35', 'D37', 'D38', 'D39', 'D4', 'D41', 'D43', 'D44', 'D45', 'D46', 'D47', 'D48', 'D5', 'D50', 'D52', 'D55', 'D58', 'D6', 'D60', 'D61', 'D62', 'D63', 'D64', 'D65', 'D66', 'D67', 'D68', 'D69', 'D70', 'D71', 'D72', 'D73', 'D74', 'D76', 'D77', 'D78', 'D79', 'D8', 'D81', 'D82', 'D83', 'D84', 'D85', 'D86']","['D1', 'D10', 'D11', 'D12', 'D14', 'D15', 'D16', 'D17', 'D19', 'D2', 'D21', 'D23', 'D25', 'D26', 'D28', 'D29', 'D3', 'D30', 'D32', 'D33', 'D34', 'D35', 'D37', 'D38', 'D39', 'D4', 'D41', 'D43', 'D44', 'D45', 'D46', 'D47', 'D48', 'D5', 'D50', 'D52', 'D55', 'D58', 'D6', 'D60', 'D61', 'D62', 'D63', 'D64', 'D65', 'D66', 'D67', 'D68', 'D69', 'D70', 'D71', 'D72', 'D73', 'D74', 'D76', 'D77', 'D78', 'D79', 'D8', 'D81', 'D82', 'D83', 'D84', 'D85', 'D86']"
8,B73,"['D87', 'D88', 'D89']","['D1', 'D91', 'D92', 'D93', 'D94', 'D95']","['D1', 'D10', 'D11', 'D12', 'D14', 'D15', 'D16', 'D17', 'D19', 'D2', 'D21', 'D23', 'D25', 'D26', 'D28', 'D29', 'D3', 'D30', 'D32', 'D33', 'D34', 'D35', 'D37', 'D38', 'D39', 'D4', 'D41', 'D43', 'D44', 'D45', 'D46', 'D47', 'D48', 'D5', 'D50', 'D52', 'D55', 'D58', 'D6', 'D60', 'D61', 'D62', 'D63', 'D64', 'D65', 'D66', 'D67', 'D68', 'D69', 'D70', 'D71', 'D72', 'D73', 'D74', 'D76', 'D77', 'D78', 'D79', 'D8', 'D81', 'D82', 'D83', 'D84', 'D85', 'D86']","['D10', 'D11', 'D12', 'D14', 'D15', 'D16', 'D17', 'D19', 'D2', 'D21', 'D23', 'D25', 'D26', 'D28', 'D29', 'D3', 'D30', 'D32', 'D33', 'D34', 'D35', 'D37', 'D38', 'D39', 'D4', 'D41', 'D43', 'D44', 'D45', 'D46', 'D47', 'D48', 'D5', 'D50', 'D52', 'D55', 'D58', 'D6', 'D60', 'D61', 'D62', 'D63', 'D64', 'D65', 'D66', 'D67', 'D68', 'D69', 'D70', 'D71', 'D72', 'D73', 'D74', 'D76', 'D77', 'D78', 'D79', 'D8', 'D81', 'D82', 'D83', 'D84', 'D85', 'D86', 'D87', 'D88', 'D89']"
8,B74,[],[],"['D10', 'D11', 'D12', 'D14', 'D15', 'D16', 'D17', 'D19', 'D2', 'D21', 'D23', 'D25', 'D26', 'D28', 'D29', 'D3', 'D30', 'D32', 'D33', 'D34', 'D35', 'D37', 'D38', 'D39', 'D4', 'D41', 'D43', 'D44', 'D45', 'D46', 'D47', 'D48', 'D5', 'D50', 'D52', 'D55', 'D58', 'D6', 'D60', 'D61', 'D62', 'D63', 'D64', 'D65', 'D66', 'D67', 'D68', 'D69', 'D70', 'D71', 'D72', 'D73', 'D74', 'D76', 'D77', 'D78', 'D79', 'D8', 'D81', 'D82', 'D83', 'D84', 'D85', 'D86', 'D87', 'D88', 'D89', 'D90', 'D91', 'D92', 'D93']","['D10', 'D11', 'D12', 'D14', 'D15', 'D16', 'D17', 'D19', 'D2', 'D21', 'D23', 'D25', 'D26', 'D28', 'D29', 'D3', 'D30', 'D32', 'D33', 'D34', 'D35', 'D37', 'D38', 'D39', 'D4', 'D41', 'D43', 'D44', 'D45', 'D46', 'D47', 'D48', 'D5', 'D50', 'D52', 'D55', 'D58', 'D6', 'D60', 'D61', 'D62', 'D63', 'D64', 'D65', 'D66', 'D67', 'D68', 'D69', 'D70', 'D71', 'D72', 'D73', 'D74', 'D76', 'D77', 'D78', 'D79', 'D8', 'D81', 'D82', 'D83', 'D84', 'D85', 'D86', 'D87', 'D88', 'D89', 'D90', 'D91', 'D92', 'D93']"
8,B75,"['D90', 'D91', 'D92', 'D93']","['D1', 'D26', 'D87', 'D88', 'D89', 'D94', 'D95']","['D10', 'D11', 'D12', 'D14', 'D15', 'D16', 'D17', 'D19', 'D2', 'D21', 'D23', 'D25', 'D26', 'D28', 'D29', 'D3', 'D30', 'D32', 'D33', 'D34', 'D35', 'D37', 'D38', 'D39', 'D4', 'D41', 'D43', 'D44', 'D45', 'D46', 'D47', 'D48', 'D5', 'D50', 'D52', 'D55', 'D58', 'D6', 'D60', 'D61', 'D62', 'D63', 'D64', 'D65', 'D66', 'D67', 'D68', 'D69', 'D70', 'D71', 'D72', 'D73', 'D74', 'D76', 'D77', 'D78', 'D79', 'D8', 'D81', 'D82', 'D83', 'D84', 'D85', 'D86', 'D87', 'D88', 'D89', 'D90', 'D91', 'D92', 'D93']","['D10', 'D11', 'D12', 'D14', 'D15', 'D16', 'D17', 'D19', 'D2', 'D21', 'D23', 'D25', 'D28', 'D29', 'D3', 'D30', 'D32', 'D33', 'D34', 'D35', 'D37', 'D38', 'D39', 'D4', 'D41', 'D43', 'D44', 'D45', 'D46', 'D47', 'D48', 'D5', 'D50', 'D52', 'D55', 'D58', 'D6', 'D60', 'D61', 'D62', 'D63', 'D64', 'D65', 'D66', 'D67', 'D68', 'D69', 'D70', 'D71', 'D72', 'D73', 'D74', 'D76', 'D77', 'D78', 'D79', 'D8', 'D81', 'D82', 'D83', 'D84', 'D85', 'D86', 'D90', 'D91', 'D92', 'D93']"
8,B76,"['D95', 'D96']","['D88', 'D91', 'D94', 'D97', 'D98']","['D10', 'D11', 'D12', 'D14', 'D15', 'D16', 'D17', 'D19', 'D2', 'D21', 'D23', 'D25', 'D26', 'D28', 'D29', 'D3', 'D30', 'D32', 'D33', 'D34', 'D35', 'D37', 'D38', 'D39', 'D4', 'D41', 'D43', 'D44', 'D45', 'D46', 'D47', 'D48', 'D5', 'D50', 'D52', 'D55', 'D58', 'D6', 'D60', 'D61', 'D62', 'D63', 'D64', 'D65', 'D66', 'D67', 'D68', 'D69', 'D70', 'D71', 'D72', 'D73', 'D74', 'D76', 'D77', 'D78', 'D79', 'D8', 'D81', 'D82', 'D83', 'D84', 'D85', 'D86', 'D87', 'D88', 'D89', 'D90', 'D91', 'D92', 'D93']","['D10', 'D11', 'D12', 'D14', 'D15', 'D16', 'D17', 'D19', 'D2', 'D21', 'D23', 'D25', 'D26', 'D28', 'D29', 'D3', 'D30', 'D32', 'D33', 'D34', 'D35', 'D37', 'D38', 'D39', 'D4', 'D41', 'D43', 'D44', 'D45', 'D46', 'D47', 'D48', 'D5', 'D50', 'D52', 'D55', 'D58', 'D6', 'D60', 'D61', 'D62', 'D63', 'D64', 'D65', 'D66', 'D67', 'D68', 'D69', 'D70', 'D71', 'D72', 'D73', 'D74', 'D76', 'D77', 'D78', 'D79', 'D8', 'D81', 'D82', 'D83', 'D84', 'D85', 'D86', 'D87', 'D89', 'D90', 'D92', 'D93', 'D95', 'D96']"
8,B77,[],[],"['D10', 'D11', 'D12', 'D14', 'D15', 'D16', 'D17', 'D19', 'D2', 'D21', 'D23', 'D25', 'D26', 'D28', 'D29', 'D3', 'D30', 'D32', 'D33', 'D34', 'D35', 'D37', 'D38', 'D39', 'D4', 'D41', 'D43', 'D44', 'D45', 'D46', 'D47', 'D48', 'D5', 'D50', 'D52', 'D55', 'D58', 'D6', 'D60', 'D61', 'D62', 'D63', 'D64', 'D65', 'D66', 'D67', 'D68', 'D69', 'D70', 'D71', 'D72', 'D73', 'D74', 'D76', 'D77', 'D78', 'D79', 'D8', 'D81', 'D82', 'D83', 'D84', 'D85', 'D86', 'D87', 'D89', 'D90', 'D92', 'D93', 'D95', 'D96', 'D97', 'D98']","['D10', 'D11', 'D12', 'D14', 'D15', 'D16', 'D17', 'D19', 'D2', 'D21', 'D23', 'D25', 'D26', 'D28', 'D29', 'D3', 'D30', 'D32', 'D33', 'D34', 'D35', 'D37', 'D38', 'D39', 'D4', 'D41', 'D43', 'D44', 'D45', 'D46', 'D47', 'D48', 'D5', 'D50', 'D52', 'D55', 'D58', 'D6', 'D60', 'D61', 'D62', 'D63', 'D64', 'D65', 'D66', 'D67', 'D68', 'D69', 'D70', 'D71', 'D72', 'D73', 'D74', 'D76', 'D77', 'D78', 'D79', 'D8', 'D81', 'D82', 'D83', 'D84', 'D85', 'D86', 'D87', 'D89', 'D90', 'D92', 'D93', 'D95', 'D96', 'D97', 'D98']"
8,B78,[],[],"['D10', 'D11', 'D12', 'D14', 'D15', 'D16', 'D17', 'D19', 'D2', 'D21', 'D23', 'D25', 'D26', 'D28', 'D29', 'D3', 'D30', 'D32', 'D33', 'D34', 'D35', 'D37', 'D38', 'D39', 'D4', 'D41', 'D43', 'D44', 'D45', 'D46', 'D47', 'D48', 'D5', 'D50', 'D52', 'D55', 'D58', 'D6', 'D60', 'D61', 'D62', 'D63', 'D64', 'D65', 'D66', 'D67', 'D68', 'D69', 'D70', 'D71', 'D72', 'D73', 'D74', 'D76', 'D77', 'D78', 'D79', 'D8', 'D81', 'D82', 'D83', 'D84', 'D85', 'D86', 'D87', 'D89', 'D90', 'D92', 'D93', 'D95', 'D96', 'D97', 'D98']","['D10', 'D11', 'D12', 'D14', 'D15', 'D16', 'D17', 'D19', 'D2', 'D21', 'D23', 'D25', 'D26', 'D28', 'D29', 'D3', 'D30', 'D32', 'D33', 'D34', 'D35', 'D37', 'D38', 'D39', 'D4', 'D41', 'D43', 'D44', 'D45', 'D46', 'D47', 'D48', 'D5', 'D50', 'D52', 'D55', 'D58', 'D6', 'D60', 'D61', 'D62', 'D63', 'D64', 'D65', 'D66', 'D67', 'D68', 'D69', 'D70', 'D71', 'D72', 'D73', 'D74', 'D76', 'D77', 'D78', 'D79', 'D8', 'D81', 'D82', 'D83', 'D84', 'D85', 'D86', 'D87', 'D89', 'D90', 'D92', 'D93', 'D95', 'D96', 'D97', 'D98']"
8,B79,[],[],"['D10', 'D11', 'D12', 'D14', 'D15', 'D16', 'D17', 'D19', 'D2', 'D21', 'D23', 'D25', 'D26', 'D28', 'D29', 'D3', 'D30', 'D32', 'D33', 'D34', 'D35', 'D37', 'D38', 'D39', 'D4', 'D41', 'D43', 'D44', 'D45', 'D46', 'D47', 'D48', 'D5', 'D50', 'D52', 'D55', 'D58', 'D6', 'D60', 'D61', 'D62', 'D63', 'D64', 'D65', 'D66', 'D67', 'D68', 'D69', 'D70', 'D71', 'D72', 'D73', 'D74', 'D76', 'D77', 'D78', 'D79', 'D8', 'D81', 'D82', 'D83', 'D84', 'D85', 'D86', 'D87', 'D89', 'D90', 'D92', 'D93', 'D95', 'D96', 'D97', 'D98']","['D10', 'D11', 'D12', 'D14', 'D15', 'D16', 'D17', 'D19', 'D2', 'D21', 'D23', 'D25', 'D26', 'D28', 'D29', 'D3', 'D30', 'D32', 'D33', 'D34', 'D35', 'D37', 'D38', 'D39', 'D4', 'D41', 'D43', 'D44', 'D45', 'D46', 'D47', 'D48', 'D5', 'D50', 'D52', 'D55', 'D58', 'D6', 'D60', 'D61', 'D62', 'D63', 'D64', 'D65', 'D66', 'D67', 'D68', 'D69', 'D70', 'D71', 'D72', 'D73', 'D74', 'D76', 'D77', 'D78', 'D79', 'D8', 'D81', 'D82', 'D83', 'D84', 'D85', 'D86', 'D87', 'D89', 'D90', 'D92', 'D93', 'D95', 'D96', 'D97', 'D98']"
8,B80,['D97'],"['D96', 'D98']","['D10', 'D11', 'D12', 'D14', 'D15', 'D16', 'D17', 'D19', 'D2', 'D21', 'D23', 'D25', 'D26', 'D28', 'D29', 'D3', 'D30', 'D32', 'D33', 'D34', 'D35', 'D37', 'D38', 'D39', 'D4', 'D41', 'D43', 'D44', 'D45', 'D46', 'D47', 'D48', 'D5', 'D50', 'D52', 'D55', 'D58', 'D6', 'D60', 'D61', 'D62', 'D63', 'D64', 'D65', 'D66', 'D67', 'D68', 'D69', 'D70', 'D71', 'D72', 'D73', 'D74', 'D76', 'D77', 'D78', 'D79', 'D8', 'D81', 'D82', 'D83', 'D84', 'D85', 'D86', 'D87', 'D89', 'D90', 'D92', 'D93', 'D95', 'D96', 'D97', 'D98']","['D10', 'D11', 'D12', 'D14', 'D15', 'D16', 'D17', 'D19', 'D2', 'D21', 'D23', 'D25', 'D26', 'D28', 'D29', 'D3', 'D30', 'D32', 'D33', 'D34', 'D35', 'D37', 'D38', 'D39', 'D4', 'D41', 'D43', 'D44', 'D45', 'D46', 'D47', 'D48', 'D5', 'D50', 'D52', 'D55', 'D58', 'D6', 'D60', 'D61', 'D62', 'D63', 'D64', 'D65', 'D66', 'D67', 'D68', 'D69', 'D70', 'D71', 'D72', 'D73', 'D74', 'D76', 'D77', 'D78', 'D79', 'D8', 'D81', 'D82', 'D83', 'D84', 'D85', 'D86', 'D87', 'D89', 'D90', 'D92', 'D93', 'D95', 'D97']"
8,B81,[],[],"['D10', 'D11', 'D12', 'D14', 'D15', 'D16', 'D17', 'D19', 'D2', 'D21', 'D23', 'D25', 'D26', 'D28', 'D29', 'D3', 'D30', 'D32', 'D33', 'D34', 'D35', 'D37', 'D38', 'D39', 'D4', 'D41', 'D43', 'D44', 'D45', 'D46', 'D47', 'D48', 'D5', 'D50', 'D52', 'D55', 'D58', 'D6', 'D60', 'D61', 'D62', 'D63', 'D64', 'D65', 'D66', 'D67', 'D68', 'D69', 'D70', 'D71', 'D72', 'D73', 'D74', 'D76', 'D77', 'D78', 'D79', 'D8', 'D81', 'D82', 'D83', 'D84', 'D85', 'D86', 'D87', 'D89', 'D90', 'D92', 'D93', 'D95', 'D97', 'D98']","['D10', 'D11', 'D12', 'D14', 'D15', 'D16', 'D17', 'D19', 'D2', 'D21', 'D23', 'D25', 'D26', 'D28', 'D29', 'D3', 'D30', 'D32', 'D33', 'D34', 'D35', 'D37', 'D38', 'D39', 'D4', 'D41', 'D43', 'D44', 'D45', 'D46', 'D47', 'D48', 'D5', 'D50', 'D52', 'D55', 'D58', 'D6', 'D60', 'D61', 'D62', 'D63', 'D64', 'D65', 'D66', 'D67', 'D68', 'D69', 'D70', 'D71', 'D72', 'D73', 'D74', 'D76', 'D77', 'D78', 'D79', 'D8', 'D81', 'D82', 'D83', 'D84', 'D85', 'D86', 'D87', 'D89', 'D90', 'D92', 'D93', 'D95', 'D97', 'D98']"
8,B82,['D98'],"['D96', 'D97']","['D10', 'D11', 'D12', 'D14', 'D15', 'D16', 'D17', 'D19', 'D2', 'D21', 'D23', 'D25', 'D26', 'D28', 'D29', 'D3', 'D30', 'D32', 'D33', 'D34', 'D35', 'D37', 'D38', 'D39', 'D4', 'D41', 'D43', 'D44', 'D45', 'D46', 'D47', 'D48', 'D5', 'D50', 'D52', 'D55', 'D58', 'D6', 'D60', 'D61', 'D62', 'D63', 'D64', 'D65', 'D66', 'D67', 'D68', 'D69', 'D70', 'D71', 'D72', 'D73', 'D74', 'D76', 'D77', 'D78', 'D79', 'D8', 'D81', 'D82', 'D83', 'D84', 'D85', 'D86', 'D87', 'D89', 'D90', 'D92', 'D93', 'D95', 'D96', 'D97', 'D98']","['D10', 'D11', 'D12', 'D14', 'D15', 'D16', 'D17', 'D19', 'D2', 'D21', 'D23', 'D25', 'D26', 'D28', 'D29', 'D3', 'D30', 'D32', 'D33', 'D34', 'D35', 'D37', 'D38', 'D39', 'D4', 'D41', 'D43', 'D44', 'D45', 'D46', 'D47', 'D48', 'D5', 'D50', 'D52', 'D55', 'D58', 'D6', 'D60', 'D61', 'D62', 'D63', 'D64', 'D65', 'D66', 'D67', 'D68', 'D69', 'D70', 'D71', 'D72', 'D73', 'D74', 'D76', 'D77', 'D78', 'D79', 'D8', 'D81', 'D82', 'D83', 'D84', 'D85', 'D86', 'D87', 'D89', 'D90', 'D92', 'D93', 'D95', 'D98']"
8,B83,[],[],"['D10', 'D11', 'D12', 'D14', 'D15', 'D16', 'D17', 'D19', 'D2', 'D21', 'D23', 'D25', 'D26', 'D28', 'D29', 'D3', 'D30', 'D32', 'D33', 'D34', 'D35', 'D37', 'D38', 'D39', 'D4', 'D41', 'D43', 'D44', 'D45', 'D46', 'D47', 'D48', 'D5', 'D50', 'D52', 'D55', 'D58', 'D6', 'D60', 'D61', 'D62', 'D63', 'D64', 'D65', 'D66', 'D67', 'D68', 'D69', 'D70', 'D71', 'D72', 'D73', 'D74', 'D76', 'D77', 'D78', 'D79', 'D8', 'D81', 'D82', 'D83', 'D84', 'D85', 'D86', 'D87', 'D89', 'D90', 'D92', 'D93', 'D95', 'D96', 'D97', 'D98']","['D10', 'D11', 'D12', 'D14', 'D15', 'D16', 'D17', 'D19', 'D2', 'D21', 'D23', 'D25', 'D26', 'D28', 'D29', 'D3', 'D30', 'D32', 'D33', 'D34', 'D35', 'D37', 'D38', 'D39', 'D4', 'D41', 'D43', 'D44', 'D45', 'D46', 'D47', 'D48', 'D5', 'D50', 'D52', 'D55', 'D58', 'D6', 'D60', 'D61', 'D62', 'D63', 'D64', 'D65', 'D66', 'D67', 'D68', 'D69', 'D70', 'D71', 'D72', 'D73', 'D74', 'D76', 'D77', 'D78', 'D79', 'D8', 'D81', 'D82', 'D83', 'D84', 'D85', 'D86', 'D87', 'D89', 'D90', 'D92', 'D93', 'D95', 'D96', 'D97', 'D98']"
8,B84,['D99'],['D101'],"['D10', 'D11', 'D12', 'D14', 'D15', 'D16', 'D17', 'D19', 'D2', 'D21', 'D23', 'D25', 'D26', 'D28', 'D29', 'D3', 'D30', 'D32', 'D33', 'D34', 'D35', 'D37', 'D38', 'D39', 'D4', 'D41', 'D43', 'D44', 'D45', 'D46', 'D47', 'D48', 'D5', 'D50', 'D52', 'D55', 'D58', 'D6', 'D60', 'D61', 'D62', 'D63', 'D64', 'D65', 'D66', 'D67', 'D68', 'D69', 'D70', 'D71', 'D72', 'D73', 'D74', 'D76', 'D77', 'D78', 'D79', 'D8', 'D81', 'D82', 'D83', 'D84', 'D85', 'D86', 'D87', 'D89', 'D90', 'D92', 'D93', 'D95', 'D96', 'D97', 'D98']","['D10', 'D11', 'D12', 'D14', 'D15', 'D16', 'D17', 'D19', 'D2', 'D21', 'D23', 'D25', 'D26', 'D28', 'D29', 'D3', 'D30', 'D32', 'D33', 'D34', 'D35', 'D37', 'D38', 'D39', 'D4', 'D41', 'D43', 'D44', 'D45', 'D46', 'D47', 'D48', 'D5', 'D50', 'D52', 'D55', 'D58', 'D6', 'D60', 'D61', 'D62', 'D63', 'D64', 'D65', 'D66', 'D67', 'D68', 'D69', 'D70', 'D71', 'D72', 'D73', 'D74', 'D76', 'D77', 'D78', 'D79', 'D8', 'D81', 'D82', 'D83', 'D84', 'D85', 'D86', 'D87', 'D89', 'D90', 'D92', 'D93', 'D95', 'D96', 'D97', 'D98', 'D99']"
8,B85,[],[],"['D10', 'D100', 'D101', 'D11', 'D12', 'D14', 'D15', 'D16', 'D17', 'D19', 'D2', 'D21', 'D23', 'D25', 'D26', 'D28', 'D29', 'D3', 'D30', 'D32', 'D33', 'D34', 'D35', 'D37', 'D38', 'D39', 'D4', 'D41', 'D43', 'D44', 'D45', 'D46', 'D47', 'D48', 'D5', 'D50', 'D52', 'D55', 'D58', 'D6', 'D60', 'D61', 'D62', 'D63', 'D64', 'D65', 'D66', 'D67', 'D68', 'D69', 'D70', 'D71', 'D72', 'D73', 'D74', 'D76', 'D77', 'D78', 'D79', 'D8', 'D81', 'D82', 'D83', 'D84', 'D85', 'D86', 'D87', 'D89', 'D90', 'D92', 'D93', 'D95', 'D96', 'D97', 'D98', 'D99']","['D10', 'D100', 'D101', 'D11', 'D12', 'D14', 'D15', 'D16', 'D17', 'D19', 'D2', 'D21', 'D23', 'D25', 'D26', 'D28', 'D29', 'D3', 'D30', 'D32', 'D33', 'D34', 'D35', 'D37', 'D38', 'D39', 'D4', 'D41', 'D43', 'D44', 'D45', 'D46', 'D47', 'D48', 'D5', 'D50', 'D52', 'D55', 'D58', 'D6', 'D60', 'D61', 'D62', 'D63', 'D64', 'D65', 'D66', 'D67', 'D68', 'D69', 'D70', 'D71', 'D72', 'D73', 'D74', 'D76', 'D77', 'D78', 'D79', 'D8', 'D81', 'D82', 'D83', 'D84', 'D85', 'D86', 'D87', 'D89', 'D90', 'D92', 'D93', 'D95', 'D96', 'D97', 'D98', 'D99']"
8,B86,"['D100', 'D101']","['D104', 'D67', 'D68', 'D99']","['D10', 'D100', 'D101', 'D11', 'D12', 'D14', 'D15', 'D16', 'D17', 'D19', 'D2', 'D21', 'D23', 'D25', 'D26', 'D28', 'D29', 'D3', 'D30', 'D32', 'D33', 'D34', 'D35', 'D37', 'D38', 'D39', 'D4', 'D41', 'D43', 'D44', 'D45', 'D46', 'D47', 'D48', 'D5', 'D50', 'D52', 'D55', 'D58', 'D6', 'D60', 'D61', 'D62', 'D63', 'D64', 'D65', 'D66', 'D67', 'D68', 'D69', 'D70', 'D71', 'D72', 'D73', 'D74', 'D76', 'D77', 'D78', 'D79', 'D8', 'D81', 'D82', 'D83', 'D84', 'D85', 'D86', 'D87', 'D89', 'D90', 'D92', 'D93', 'D95', 'D96', 'D97', 'D98', 'D99']","['D10', 'D100', 'D101', 'D11', 'D12', 'D14', 'D15', 'D16', 'D17', 'D19', 'D2', 'D21', 'D23', 'D25', 'D26', 'D28', 'D29', 'D3', 'D30', 'D32', 'D33', 'D34', 'D35', 'D37', 'D38', 'D39', 'D4', 'D41', 'D43', 'D44', 'D45', 'D46', 'D47', 'D48', 'D5', 'D50', 'D52', 'D55', 'D58', 'D6', 'D60', 'D61', 'D62', 'D63', 'D64', 'D65', 'D66', 'D69', 'D70', 'D71', 'D72', 'D73', 'D74', 'D76', 'D77', 'D78', 'D79', 'D8', 'D81', 'D82', 'D83', 'D84', 'D85', 'D86', 'D87', 'D89', 'D90', 'D92', 'D93', 'D95', 'D96', 'D97', 'D98']"
8,B87,"['D102', 'D103']","['D105', 'D15']","['D10', 'D100', 'D101', 'D11', 'D12', 'D14', 'D15', 'D16', 'D17', 'D19', 'D2', 'D21', 'D23', 'D25', 'D26', 'D28', 'D29', 'D3', 'D30', 'D32', 'D33', 'D34', 'D35', 'D37', 'D38', 'D39', 'D4', 'D41', 'D43', 'D44', 'D45', 'D46', 'D47', 'D48', 'D5', 'D50', 'D52', 'D55', 'D58', 'D6', 'D60', 'D61', 'D62', 'D63', 'D64', 'D65', 'D66', 'D67', 'D68', 'D69', 'D70', 'D71', 'D72', 'D73', 'D74', 'D76', 'D77', 'D78', 'D79', 'D8', 'D81', 'D82', 'D83', 'D84', 'D85', 'D86', 'D87', 'D89', 'D90', 'D92', 'D93', 'D95', 'D96', 'D97', 'D98', 'D99']","['D10', 'D100', 'D101', 'D102', 'D103', 'D11', 'D12', 'D14', 'D16', 'D17', 'D19', 'D2', 'D21', 'D23', 'D25', 'D26', 'D28', 'D29', 'D3', 'D30', 'D32', 'D33', 'D34', 'D35', 'D37', 'D38', 'D39', 'D4', 'D41', 'D43', 'D44', 'D45', 'D46', 'D47', 'D48', 'D5', 'D50', 'D52', 'D55', 'D58', 'D6', 'D60', 'D61', 'D62', 'D63', 'D64', 'D65', 'D66', 'D67', 'D68', 'D69', 'D70', 'D71', 'D72', 'D73', 'D74', 'D76', 'D77', 'D78', 'D79', 'D8', 'D81', 'D82', 'D83', 'D84', 'D85', 'D86', 'D87', 'D89', 'D90', 'D92', 'D93', 'D95', 'D96', 'D97', 'D98', 'D99']"
8,B88,[],[],"['D10', 'D100', 'D101', 'D102', 'D103', 'D104', 'D105', 'D11', 'D12', 'D14', 'D16', 'D17', 'D19', 'D2', 'D21', 'D23', 'D25', 'D26', 'D28', 'D29', 'D3', 'D30', 'D32', 'D33', 'D34', 'D35', 'D37', 'D38', 'D39', 'D4', 'D41', 'D43', 'D44', 'D45', 'D46', 'D47', 'D48', 'D5', 'D50', 'D52', 'D55', 'D58', 'D6', 'D60', 'D61', 'D62', 'D63', 'D64', 'D65', 'D66', 'D67', 'D68', 'D69', 'D70', 'D71', 'D72', 'D73', 'D74', 'D76', 'D77', 'D78', 'D79', 'D8', 'D81', 'D82', 'D83', 'D84', 'D85', 'D86', 'D87', 'D89', 'D90', 'D92', 'D93', 'D95', 'D96', 'D97', 'D98', 'D99']","['D10', 'D100', 'D101', 'D102', 'D103', 'D104', 'D105', 'D11', 'D12', 'D14', 'D16', 'D17', 'D19', 'D2', 'D21', 'D23', 'D25', 'D26', 'D28', 'D29', 'D3', 'D30', 'D32', 'D33', 'D34', 'D35', 'D37', 'D38', 'D39', 'D4', 'D41', 'D43', 'D44', 'D45', 'D46', 'D47', 'D48', 'D5', 'D50', 'D52', 'D55', 'D58', 'D6', 'D60', 'D61', 'D62', 'D63', 'D64', 'D65', 'D66', 'D67', 'D68', 'D69', 'D70', 'D71', 'D72', 'D73', 'D74', 'D76', 'D77', 'D78', 'D79', 'D8', 'D81', 'D82', 'D83', 'D84', 'D85', 'D86', 'D87', 'D89', 'D90', 'D92', 'D93', 'D95', 'D96', 'D97', 'D98', 'D99']"
8,B89,"['D104', 'D105']","['D100', 'D102', 'D67', 'D68']","['D10', 'D100', 'D101', 'D102', 'D103', 'D104', 'D105', 'D11', 'D12', 'D14', 'D16', 'D17', 'D19', 'D2', 'D21', 'D23', 'D25', 'D26', 'D28', 'D29', 'D3', 'D30', 'D32', 'D33', 'D34', 'D35', 'D37', 'D38', 'D39', 'D4', 'D41', 'D43', 'D44', 'D45', 'D46', 'D47', 'D48', 'D5', 'D50', 'D52', 'D55', 'D58', 'D6', 'D60', 'D61', 'D62', 'D63', 'D64', 'D65', 'D66', 'D67', 'D68', 'D69', 'D70', 'D71', 'D72', 'D73', 'D74', 'D76', 'D77', 'D78', 'D79', 'D8', 'D81', 'D82', 'D83', 'D84', 'D85', 'D86', 'D87', 'D89', 'D90', 'D92', 'D93', 'D95', 'D96', 'D97', 'D98', 'D99']","['D10', 'D101', 'D103', 'D104', 'D105', 'D11', 'D12', 'D14', 'D16', 'D17', 'D19', 'D2', 'D21', 'D23', 'D25', 'D26', 'D28', 'D29', 'D3', 'D30', 'D32', 'D33', 'D34', 'D35', 'D37', 'D38', 'D39', 'D4', 'D41', 'D43', 'D44', 'D45', 'D46', 'D47', 'D48', 'D5', 'D50', 'D52', 'D55', 'D58', 'D6', 'D60', 'D61', 'D62', 'D63', 'D64', 'D65', 'D66', 'D69', 'D70', 'D71', 'D72', 'D73', 'D74', 'D76', 'D77', 'D78', 'D79', 'D8', 'D81', 'D82', 'D83', 'D84', 'D85', 'D86', 'D87', 'D89', 'D90', 'D92', 'D93', 'D95', 'D96', 'D97', 'D98', 'D99']"
8,B90,[],[],"['D10', 'D100', 'D101', 'D102', 'D103', 'D104', 'D105', 'D11', 'D12', 'D14', 'D16', 'D17', 'D19', 'D2', 'D21', 'D23', 'D25', 'D26', 'D28', 'D29', 'D3', 'D30', 'D32', 'D33', 'D34', 'D35', 'D37', 'D38', 'D39', 'D4', 'D41', 'D43', 'D44', 'D45', 'D46', 'D47', 'D48', 'D5', 'D50', 'D52', 'D55', 'D58', 'D6', 'D60', 'D61', 'D62', 'D63', 'D64', 'D65', 'D66', 'D67', 'D68', 'D69', 'D70', 'D71', 'D72', 'D73', 'D74', 'D76', 'D77', 'D78', 'D79', 'D8', 'D81', 'D82', 'D83', 'D84', 'D85', 'D86', 'D87', 'D89', 'D90', 'D92', 'D93', 'D95', 'D96', 'D97', 'D98', 'D99']","['D10', 'D100', 'D101', 'D102', 'D103', 'D104', 'D105', 'D11', 'D12', 'D14', 'D16', 'D17', 'D19', 'D2', 'D21', 'D23', 'D25', 'D26', 'D28', 'D29', 'D3', 'D30', 'D32', 'D33', 'D34', 'D35', 'D37', 'D38', 'D39', 'D4', 'D41', 'D43', 'D44', 'D45', 'D46', 'D47', 'D48', 'D5', 'D50', 'D52', 'D55', 'D58', 'D6', 'D60', 'D61', 'D62', 'D63', 'D64', 'D65', 'D66', 'D67', 'D68', 'D69', 'D70', 'D71', 'D72', 'D73', 'D74', 'D76', 'D77', 'D78', 'D79', 'D8', 'D81', 'D82', 'D83', 'D84', 'D85', 'D86', 'D87', 'D89', 'D90', 'D92', 'D93', 'D95', 'D96', 'D97', 'D98', 'D99']"
9,B0,"['D1', 'D2', 'D3', 'D4', 'D5', 'D6', 'D7']","['D10', 'D89', 'D9', 'D92']",[],"['D1', 'D2', 'D3', 'D4', 'D5', 'D6', 'D7']"
9,B1,[],[],"['D1', 'D2', 'D3', 'D4', 'D5', 'D6', 'D7', 'D8', 'D9']","['D1', 'D2', 'D3', 'D4', 'D5', 'D6', 'D7', 'D8', 'D9']"
9,B2,"['D8', 'D9']","['D10', 'D39', 'D47', 'D53', 'D61', 'D7']","['D1', 'D2', 'D3', 'D4', 'D5', 'D6', 'D7', 'D8', 'D9']","['D1', 'D2', 'D3', 'D4', 'D5', 'D6', 'D8', 'D9']"
9,B3,['D10'],"['D7', 'D9']","['D1', 'D2', 'D3', 'D4', 'D5', 'D6', 'D7', 'D8', 'D9']","['D1', 'D10', 'D2', 'D3', 'D4', 'D5', 'D6', 'D8']"
9,B4,[],[],"['D1', 'D10', 'D11', 'D12', 'D13', 'D2', 'D3', 'D4', 'D5', 'D6', 'D8']","['D1', 'D10', 'D11', 'D12', 'D13', 'D2', 'D3', 'D4', 'D5', 'D6', 'D8']"
9,B5,"['D11', 'D12', 'D13']","['D14', 'D16', 'D17']","['D1', 'D10', 'D11', 'D12', 'D13', 'D2', 'D3', 'D4', 'D5', 'D6', 'D8']","['D1', 'D10', 'D11', 'D12', 'D13', 'D2', 'D3', 'D4', 'D5', 'D6', 'D8']"
9,B6,['D14'],['D13'],"['D1', 'D10', 'D11', 'D12', 'D13', 'D2', 'D3', 'D4', 'D5', 'D6', 'D8']","['D1', 'D10', 'D11', 'D12', 'D14', 'D2', 'D3', 'D4', 'D5', 'D6', 'D8']"
9,B7,[],[],"['D1', 'D10', 'D11', 'D12', 'D14', 'D15', 'D16', 'D17', 'D18', 'D2', 'D3', 'D4', 'D5', 'D6', 'D8']","['D1', 'D10', 'D11', 'D12', 'D14', 'D15', 'D16', 'D17', 'D18', 'D2', 'D3', 'D4', 'D5', 'D6', 'D8']"
9,B8,"['D15', 'D16', 'D17', 'D18']","['D103', 'D11', 'D12', 'D19']","['D1', 'D10', 'D11', 'D12', 'D14', 'D15', 'D16', 'D17', 'D18', 'D2', 'D3', 'D4', 'D5', 'D6', 'D8']","['D1', 'D10', 'D14', 'D15', 'D16', 'D17', 'D18', 'D2', 'D3', 'D4', 'D5', 'D6', 'D8']"
9,B9,"['D19', 'D20']","['D18', 'D22', 'D23']","['D1', 'D10', 'D11', 'D12', 'D14', 'D15', 'D16', 'D17', 'D18', 'D2', 'D3', 'D4', 'D5', 'D6', 'D8']","['D1', 'D10', 'D11', 'D12', 'D14', 'D15', 'D16', 'D17', 'D19', 'D2', 'D20', 'D3', 'D4', 'D5', 'D6', 'D8']"
9,B10,[],[],"['D1', 'D10', 'D11', 'D12', 'D14', 'D15', 'D16', 'D17', 'D19', 'D2', 'D20', 'D21', 'D22', 'D3', 'D4', 'D5', 'D6', 'D8']","['D1', 'D10', 'D11', 'D12', 'D14', 'D15', 'D16', 'D17', 'D19', 'D2', 'D20', 'D21', 'D22', 'D3', 'D4', 'D5', 'D6', 'D8']"
9,B11,"['D21', 'D22']","['D20', 'D23']","['D1', 'D10', 'D11', 'D12', 'D14', 'D15', 'D16', 'D17', 'D19', 'D2', 'D20', 'D21', 'D22', 'D3', 'D4', 'D5', 'D6', 'D8']","['D1', 'D10', 'D11', 'D12', 'D14', 'D15', 'D16', 'D17', 'D19', 'D2', 'D21', 'D22', 'D3', 'D4', 'D5', 'D6', 'D8']"
9,B12,"['D23', 'D24', 'D25']","['D20', 'D22', 'D27', 'D28']","['D1', 'D10', 'D11', 'D12', 'D14', 'D15', 'D16', 'D17', 'D19', 'D2', 'D20', 'D21', 'D22', 'D3', 'D4', 'D5', 'D6', 'D8']","['D1', 'D10', 'D11', 'D12', 'D14', 'D15', 'D16', 'D17', 'D19', 'D2', 'D21', 'D23', 'D24', 'D25', 'D3', 'D4', 'D5', 'D6', 'D8']"
9,B13,[],[],"['D1', 'D10', 'D11', 'D12', 'D14', 'D15', 'D16', 'D17', 'D19', 'D2', 'D21', 'D23', 'D24', 'D25', 'D26', 'D27', 'D3', 'D4', 'D5', 'D6', 'D8']","['D1', 'D10', 'D11', 'D12', 'D14', 'D15', 'D16', 'D17', 'D19', 'D2', 'D21', 'D23', 'D24', 'D25', 'D26', 'D27', 'D3', 'D4', 'D5', 'D6', 'D8']"
9,B14,"['D26', 'D27']","['D24', 'D28', 'D90']","['D1', 'D10', 'D11', 'D12', 'D14', 'D15', 'D16', 'D17', 'D19', 'D2', 'D21', 'D23', 'D24', 'D25', 'D26', 'D27', 'D3', 'D4', 'D5', 'D6', 'D8']","['D1', 'D10', 'D11', 'D12', 'D14', 'D15', 'D16', 'D17', 'D19', 'D2', 'D21', 'D23', 'D25', 'D26', 'D27', 'D3', 'D4', 'D5', 'D6', 'D8']"
9,B15,"['D28', 'D29']","['D24', 'D27', 'D34', 'D35']","['D1', 'D10', 'D11', 'D12', 'D14', 'D15', 'D16', 'D17', 'D19', 'D2', 'D21', 'D23', 'D24', 'D25', 'D26', 'D27', 'D3', 'D4', 'D5', 'D6', 'D8']","['D1', 'D10', 'D11', 'D12', 'D14', 'D15', 'D16', 'D17', 'D19', 'D2', 'D21', 'D23', 'D25', 'D26', 'D28', 'D29', 'D3', 'D4', 'D5', 'D6', 'D8']"
9,B16,[],[],"['D1', 'D10', 'D11', 'D12', 'D14', 'D15', 'D16', 'D17', 'D19', 'D2', 'D21', 'D23', 'D25', 'D26', 'D28', 'D29', 'D3', 'D30', 'D31', 'D32', 'D33', 'D34', 'D4', 'D5', 'D6', 'D8']","['D1', 'D10', 'D11', 'D12', 'D14', 'D15', 'D16', 'D17', 'D19', 'D2', 'D21', 'D23', 'D25', 'D26', 'D28', 'D29', 'D3', 'D30', 'D31', 'D32', 'D33', 'D34', 'D4', 'D5', 'D6', 'D8']"
9,B17,"['D30', 'D31', 'D32']","['D33', 'D38']","['D1', 'D10', 'D11', 'D12', 'D14', 'D15', 'D16', 'D17', 'D19', 'D2', 'D21', 'D23', 'D25', 'D26', 'D28', 'D29', 'D3', 'D30', 'D31', 'D32', 'D33', 'D34', 'D4', 'D5', 'D6', 'D8']","['D1', 'D10', 'D11', 'D12', 'D14', 'D15', 'D16', 'D17', 'D19', 'D2', 'D21', 'D23', 'D25', 'D26', 'D28', 'D29', 'D3', 'D30', 'D31', 'D32', 'D34', 'D4', 'D5', 'D6', 'D8']"
9,B18,[],[],"['D1', 'D10', 'D11', 'D12', 'D14', 'D15', 'D16', 'D17', 'D19', 'D2', 'D21', 'D23', 'D25', 'D26', 'D28', 'D29', 'D3', 'D30', 'D31', 'D32', 'D33', 'D34', 'D4', 'D5', 'D6', 'D8']","['D1', 'D10', 'D11', 'D12', 'D14', 'D15', 'D16', 'D17', 'D19', 'D2', 'D21', 'D23', 'D25', 'D26', 'D28', 'D29', 'D3', 'D30', 'D31', 'D32', 'D33', 'D34', 'D4', 'D5', 'D6', 'D8']"
9,B19,['D33'],['D32'],"['D1', 'D10', 'D11', 'D12', 'D14', 'D15', 'D16', 'D17', 'D19', 'D2', 'D21', 'D23', 'D25', 'D26', 'D28', 'D29', 'D3', 'D30', 'D31', 'D32', 'D33', 'D34', 'D4', 'D5', 'D6', 'D8']","['D1', 'D10', 'D11', 'D12', 'D14', 'D15', 'D16', 'D17', 'D19', 'D2', 'D21', 'D23', 'D25', 'D26', 'D28', 'D29', 'D3', 'D30', 'D31', 'D33', 'D34', 'D4', 'D5', 'D6', 'D8']"
9,B20,['D34'],"['D29', 'D35']","['D1', 'D10', 'D11', 'D12', 'D14', 'D15', 'D16', 'D17', 'D19', 'D2', 'D21', 'D23', 'D25', 'D26', 'D28', 'D29', 'D3', 'D30', 'D31', 'D32', 'D33', 'D34', 'D4', 'D5', 'D6', 'D8']","['D1', 'D10', 'D11', 'D12', 'D14', 'D15', 'D16', 'D17', 'D19', 'D2', 'D21', 'D23', 'D25', 'D26', 'D28', 'D3', 'D30', 'D31', 'D32', 'D33', 'D34', 'D4', 'D5', 'D6', 'D8']"
9,B21,[],[],"['D1', 'D10', 'D11', 'D12', 'D14', 'D15', 'D16', 'D17', 'D19', 'D2', 'D21', 'D23', 'D25', 'D26', 'D28', 'D29', 'D3', 'D30', 'D31', 'D32', 'D33', 'D34', 'D35', 'D4', 'D5', 'D6', 'D8']","['D1', 'D10', 'D11', 'D12', 'D14', 'D15', 'D16', 'D17', 'D19', 'D2', 'D21', 'D23', 'D25', 'D26', 'D28', 'D29', 'D3', 'D30', 'D31', 'D32', 'D33', 'D34', 'D35', 'D4', 'D5', 'D6', 'D8']"
9,B22,[],[],"['D1', 'D10', 'D11', 'D12', 'D14', 'D15', 'D16', 'D17', 'D19', 'D2', 'D21', 'D23', 'D25', 'D26', 'D28', 'D29', 'D3', 'D30', 'D31', 'D32', 'D33', 'D34', 'D35', 'D4', 'D5', 'D6', 'D8']","['D1', 'D10', 'D11', 'D12', 'D14', 'D15', 'D16', 'D17', 'D19', 'D2', 'D21', 'D23', 'D25', 'D26', 'D28', 'D29', 'D3', 'D30', 'D31', 'D32', 'D33', 'D34', 'D35', 'D4', 'D5', 'D6', 'D8']"
9,B23,['D35'],"['D29', 'D34']","['D1', 'D10', 'D11', 'D12', 'D14', 'D15', 'D16', 'D17', 'D19', 'D2', 'D21', 'D23', 'D25', 'D26', 'D28', 'D29', 'D3', 'D30', 'D31', 'D32', 'D33', 'D34', 'D35', 'D4', 'D5', 'D6', 'D8']","['D1', 'D10', 'D11', 'D12', 'D14', 'D15', 'D16', 'D17', 'D19', 'D2', 'D21', 'D23', 'D25', 'D26', 'D28', 'D3', 'D30', 'D31', 'D32', 'D33', 'D35', 'D4', 'D5', 'D6', 'D8']"
9,B24,[],[],"['D1', 'D10', 'D11', 'D12', 'D14', 'D15', 'D16', 'D17', 'D19', 'D2', 'D21', 'D23', 'D25', 'D26', 'D28', 'D29', 'D3', 'D30', 'D31', 'D32', 'D33', 'D34', 'D35', 'D4', 'D5', 'D6', 'D8']","['D1', 'D10', 'D11', 'D12', 'D14', 'D15', 'D16', 'D17', 'D19', 'D2', 'D21', 'D23', 'D25', 'D26', 'D28', 'D29', 'D3', 'D30', 'D31', 'D32', 'D33', 'D34', 'D35', 'D4', 'D5', 'D6', 'D8']"
9,B25,"['D36', 'D37', 'D38']","['D31', 'D40', 'D41']","['D1', 'D10', 'D11', 'D12', 'D14', 'D15', 'D16', 'D17', 'D19', 'D2', 'D21', 'D23', 'D25', 'D26', 'D28', 'D29', 'D3', 'D30', 'D31', 'D32', 'D33', 'D34', 'D35', 'D4', 'D5', 'D6', 'D8']","['D1', 'D10', 'D11', 'D12', 'D14', 'D15', 'D16', 'D17', 'D19', 'D2', 'D21', 'D23', 'D25', 'D26', 'D28', 'D29', 'D3', 'D30', 'D32', 'D33', 'D34', 'D35', 'D36', 'D37', 'D38', 'D4', 'D5', 'D6', 'D8']"
9,B26,[],[],"['D1', 'D10', 'D11', 'D12', 'D14', 'D15', 'D16', 'D17', 'D19', 'D2', 'D21', 'D23', 'D25', 'D26', 'D28', 'D29', 'D3', 'D30', 'D32', 'D33', 'D34', 'D35', 'D36', 'D37', 'D38', 'D39', 'D4', 'D40', 'D5', 'D6', 'D8']","['D1', 'D10', 'D11', 'D12', 'D14', 'D15', 'D16', 'D17', 'D19', 'D2', 'D21', 'D23', 'D25', 'D26', 'D28', 'D29', 'D3', 'D30', 'D32', 'D33', 'D34', 'D35', 'D36', 'D37', 'D38', 'D39', 'D4', 'D40', 'D5', 'D6', 'D8']"
9,B27,"['D39', 'D40']","['D36', 'D41', 'D47', 'D53', 'D61', 'D8']","['D1', 'D10', 'D11', 'D12', 'D14', 'D15', 'D16', 'D17', 'D19', 'D2', 'D21', 'D23', 'D25', 'D26', 'D28', 'D29', 'D3', 'D30', 'D32', 'D33', 'D34', 'D35', 'D36', 'D37', 'D38', 'D39', 'D4', 'D40', 'D5', 'D6', 'D8']","['D1', 'D10', 'D11', 'D12', 'D14', 'D15', 'D16', 'D17', 'D19', 'D2', 'D21', 'D23', 'D25', 'D26', 'D28', 'D29', 'D3', 'D30', 'D32', 'D33', 'D34', 'D35', 'D37', 'D38', 'D39', 'D4', 'D40', 'D5', 'D6']"
9,B28,"['D41', 'D42', 'D43', 'D44', 'D45', 'D46']","['D36', 'D40', 'D49', 'D50']","['D1', 'D10', 'D11', 'D12', 'D14', 'D15', 'D16', 'D17', 'D19', 'D2', 'D21', 'D23', 'D25', 'D26', 'D28', 'D29', 'D3', 'D30', 'D32', 'D33', 'D34', 'D35', 'D36', 'D37', 'D38', 'D39', 'D4', 'D40', 'D5', 'D6', 'D8']","['D1', 'D10', 'D11', 'D12', 'D14', 'D15', 'D16', 'D17', 'D19', 'D2', 'D21', 'D23', 'D25', 'D26', 'D28', 'D29', 'D3', 'D30', 'D32', 'D33', 'D34', 'D35', 'D37', 'D38', 'D39', 'D4', 'D41', 'D42', 'D43', 'D44', 'D45', 'D46', 'D5', 'D6', 'D8']"
9,B29,[],[],"['D1', 'D10', 'D11', 'D12', 'D14', 'D15', 'D16', 'D17', 'D19', 'D2', 'D21', 'D23', 'D25', 'D26', 'D28', 'D29', 'D3', 'D30', 'D32', 'D33', 'D34', 'D35', 'D37', 'D38', 'D39', 'D4', 'D41', 'D42', 'D43', 'D44', 'D45', 'D46', 'D47', 'D48', 'D49', 'D5', 'D6', 'D8']","['D1', 'D10', 'D11', 'D12', 'D14', 'D15', 'D16', 'D17', 'D19', 'D2', 'D21', 'D23', 'D25', 'D26', 'D28', 'D29', 'D3', 'D30', 'D32', 'D33', 'D34', 'D35', 'D37', 'D38', 'D39', 'D4', 'D41', 'D42', 'D43', 'D44', 'D45', 'D46', 'D47', 'D48', 'D49', 'D5', 'D6', 'D8']"
9,B30,[],[],"['D1', 'D10', 'D11', 'D12', 'D14', 'D15', 'D16', 'D17', 'D19', 'D2', 'D21', 'D23', 'D25', 'D26', 'D28', 'D29', 'D3', 'D30', 'D32', 'D33', 'D34', 'D35', 'D37', 'D38', 'D39', 'D4', 'D41', 'D42', 'D43', 'D44', 'D45', 'D46', 'D47', 'D48', 'D49', 'D5', 'D6', 'D8']","['D1', 'D10', 'D11', 'D12', 'D14', 'D15', 'D16', 'D17', 'D19', 'D2', 'D21', 'D23', 'D25', 'D26', 'D28', 'D29', 'D3', 'D30', 'D32', 'D33', 'D34', 'D35', 'D37', 'D38', 'D39', 'D4', 'D41', 'D42', 'D43', 'D44', 'D45', 'D46', 'D47', 'D48', 'D49', 'D5', 'D6', 'D8']"
9,B31,"['D47', 'D48', 'D49']","['D39', 'D42', 'D50', 'D53', 'D54', 'D61', 'D62', 'D8']","['D1', 'D10', 'D11', 'D12', 'D14', 'D15', 'D16', 'D17', 'D19', 'D2', 'D21', 'D23', 'D25', 'D26', 'D28', 'D29', 'D3', 'D30', 'D32', 'D33', 'D34', 'D35', 'D37', 'D38', 'D39', 'D4', 'D41', 'D42', 'D43', 'D44', 'D45', 'D46', 'D47', 'D48', 'D49', 'D5', 'D6', 'D8']","['D1', 'D10', 'D11', 'D12', 'D14', 'D15', 'D16', 'D17', 'D19', 'D2', 'D21', 'D23', 'D25', 'D26', 'D28', 'D29', 'D3', 'D30', 'D32', 'D33', 'D34', 'D35', 'D37', 'D38', 'D4', 'D41', 'D43', 'D44', 'D45', 'D46', 'D47', 'D48', 'D49', 'D5', 'D6']"
9,B32,[],[],"['D1', 'D10', 'D11', 'D12', 'D14', 'D15', 'D16', 'D17', 'D19', 'D2', 'D21', 'D23', 'D25', 'D26', 'D28', 'D29', 'D3', 'D30', 'D32', 'D33', 'D34', 'D35', 'D37', 'D38', 'D39', 'D4', 'D41', 'D42', 'D43', 'D44', 'D45', 'D46', 'D47', 'D48', 'D49', 'D5', 'D6', 'D8']","['D1', 'D10', 'D11', 'D12', 'D14', 'D15', 'D16', 'D17', 'D19', 'D2', 'D21', 'D23', 'D25', 'D26', 'D28', 'D29', 'D3', 'D30', 'D32', 'D33', 'D34', 'D35', 'D37', 'D38', 'D39', 'D4', 'D41', 'D42', 'D43', 'D44', 'D45', 'D46', 'D47', 'D48', 'D49', 'D5', 'D6', 'D8']"
9,B33,"['D50', 'D51', 'D52']","['D42', 'D49', 'D56', 'D57', 'D58']","['D1', 'D10', 'D11', 'D12', 'D14', 'D15', 'D16', 'D17', 'D19', 'D2', 'D21', 'D23', 'D25', 'D26', 'D28', 'D29', 'D3', 'D30', 'D32', 'D33', 'D34', 'D35', 'D37', 'D38', 'D39', 'D4', 'D41', 'D42', 'D43', 'D44', 'D45', 'D46', 'D47', 'D48', 'D49', 'D5', 'D6', 'D8']","['D1', 'D10', 'D11', 'D12', 'D14', 'D15', 'D16', 'D17', 'D19', 'D2', 'D21', 'D23', 'D25', 'D26', 'D28', 'D29', 'D3', 'D30', 'D32', 'D33', 'D34', 'D35', 'D37', 'D38', 'D39', 'D4', 'D41', 'D43', 'D44', 'D45', 'D46', 'D47', 'D48', 'D5', 'D50', 'D51', 'D52', 'D6', 'D8']"
9,B34,[],[],"['D1', 'D10', 'D11', 'D12', 'D14', 'D15', 'D16', 'D17', 'D19', 'D2', 'D21', 'D23', 'D25', 'D26', 'D28', 'D29', 'D3', 'D30', 'D32', 'D33', 'D34', 'D35', 'D37', 'D38', 'D39', 'D4', 'D41', 'D43', 'D44', 'D45', 'D46', 'D47', 'D48', 'D5', 'D50', 'D51', 'D52', 'D55', 'D56', 'D6', 'D61', 'D62', 'D8']","['D1', 'D10', 'D11', 'D12', 'D14', 'D15', 'D16', 'D17', 'D19', 'D2', 'D21', 'D23', 'D25', 'D26', 'D28', 'D29', 'D3', 'D30', 'D32', 'D33', 'D34', 'D35', 'D37', 'D38', 'D39', 'D4', 'D41', 'D43', 'D44', 'D45', 'D46', 'D47', 'D48', 'D5', 'D50', 'D51', 'D52', 'D55', 'D56', 'D6', 'D61', 'D62', 'D8']"
9,B35,"['D55', 'D61', 'D62']","['D39', 'D47', 'D48', 'D53', 'D54', 'D8']","['D1', 'D10', 'D11', 'D12', 'D14', 'D15', 'D16', 'D17', 'D19', 'D2', 'D21', 'D23', 'D25', 'D26', 'D28', 'D29', 'D3', 'D30', 'D32', 'D33', 'D34', 'D35', 'D37', 'D38', 'D39', 'D4', 'D41', 'D43', 'D44', 'D45', 'D46', 'D47', 'D48', 'D5', 'D50', 'D51', 'D52', 'D55', 'D56', 'D6', 'D61', 'D62', 'D8']","['D1', 'D10', 'D11', 'D12', 'D14', 'D15', 'D16', 'D17', 'D19', 'D2', 'D21', 'D23', 'D25', 'D26', 'D28', 'D29', 'D3', 'D30', 'D32', 'D33', 'D34', 'D35', 'D37', 'D38', 'D4', 'D41', 'D43', 'D44', 'D45', 'D46', 'D5', 'D50', 'D51', 'D52', 'D55', 'D56', 'D6', 'D61', 'D62']"
9,B36,[],[],"['D1', 'D10', 'D11', 'D12', 'D14', 'D15', 'D16', 'D17', 'D19', 'D2', 'D21', 'D23', 'D25', 'D26', 'D28', 'D29', 'D3', 'D30', 'D32', 'D33', 'D34', 'D35', 'D37', 'D38', 'D4', 'D41', 'D43', 'D44', 'D45', 'D46', 'D5', 'D50', 'D51', 'D52', 'D55', 'D56', 'D6', 'D61', 'D62']","['D1', 'D10', 'D11', 'D12', 'D14', 'D15', 'D16', 'D17', 'D19', 'D2', 'D21', 'D23', 'D25', 'D26', 'D28', 'D29', 'D3', 'D30', 'D32', 'D33', 'D34', 'D35', 'D37', 'D38', 'D4', 'D41', 'D43', 'D44', 'D45', 'D46', 'D5', 'D50', 'D51', 'D52', 'D55', 'D56', 'D6', 'D61', 'D62']"
9,B37,['D56'],"['D51', 'D57', 'D58']","['D1', 'D10', 'D11', 'D12', 'D14', 'D15', 'D16', 'D17', 'D19', 'D2', 'D21', 'D23', 'D25', 'D26', 'D28', 'D29', 'D3', 'D30', 'D32', 'D33', 'D34', 'D35', 'D37', 'D38', 'D4', 'D41', 'D43', 'D44', 'D45', 'D46', 'D5', 'D50', 'D51', 'D52', 'D55', 'D56', 'D6', 'D61', 'D62']","['D1', 'D10', 'D11', 'D12', 'D14', 'D15', 'D16', 'D17', 'D19', 'D2', 'D21', 'D23', 'D25', 'D26', 'D28', 'D29', 'D3', 'D30', 'D32', 'D33', 'D34', 'D35', 'D37', 'D38', 'D4', 'D41', 'D43', 'D44', 'D45', 'D46', 'D5', 'D50', 'D52', 'D55', 'D56', 'D6', 'D61', 'D62']"
9,B38,[],[],"['D1', 'D10', 'D11', 'D12', 'D14', 'D15', 'D16', 'D17', 'D19', 'D2', 'D21', 'D23', 'D25', 'D26', 'D28', 'D29', 'D3', 'D30', 'D32', 'D33', 'D34', 'D35', 'D37', 'D38', 'D4', 'D41', 'D43', 'D44', 'D45', 'D46', 'D5', 'D50', 'D51', 'D52', 'D55', 'D56', 'D6', 'D61', 'D62']","['D1', 'D10', 'D11', 'D12', 'D14', 'D15', 'D16', 'D17', 'D19', 'D2', 'D21', 'D23', 'D25', 'D26', 'D28', 'D29', 'D3', 'D30', 'D32', 'D33', 'D34', 'D35', 'D37', 'D38', 'D4', 'D41', 'D43', 'D44', 'D45', 'D46', 'D5', 'D50', 'D51', 'D52', 'D55', 'D56', 'D6', 'D61', 'D62']"
9,B39,"['D58', 'D59', 'D60']","['D51', 'D56', 'D57', 'D63', 'D64']","['D1', 'D10', 'D11', 'D12', 'D14', 'D15', 'D16', 'D17', 'D19', 'D2', 'D21', 'D23', 'D25', 'D26', 'D28', 'D29', 'D3', 'D30', 'D32', 'D33', 'D34', 'D35', 'D37', 'D38', 'D39', 'D4', 'D41', 'D43', 'D44', 'D45', 'D46', 'D47', 'D48', 'D5', 'D50', 'D51', 'D52', 'D55', 'D56', 'D6', 'D61', 'D62', 'D8']","['D1', 'D10', 'D11', 'D12', 'D14', 'D15', 'D16', 'D17', 'D19', 'D2', 'D21', 'D23', 'D25', 'D26', 'D28', 'D29', 'D3', 'D30', 'D32', 'D33', 'D34', 'D35', 'D37', 'D38', 'D39', 'D4', 'D41', 'D43', 'D44', 'D45', 'D46', 'D47', 'D48', 'D5', 'D50', 'D52', 'D55', 'D58', 'D59', 'D6', 'D60', 'D61', 'D62', 'D8']"
9,B40,[],[],"['D1', 'D10', 'D11', 'D12', 'D14', 'D15', 'D16', 'D17', 'D19', 'D2', 'D21', 'D23', 'D25', 'D26', 'D28', 'D29', 'D3', 'D30', 'D32', 'D33', 'D34', 'D35', 'D37', 'D38', 'D39', 'D4', 'D41', 'D43', 'D44', 'D45', 'D46', 'D47', 'D48', 'D5', 'D50', 'D52', 'D55', 'D58', 'D59', 'D6', 'D60', 'D61', 'D62', 'D63', 'D8']","['D1', 'D10', 'D11', 'D12', 'D14', 'D15', 'D16', 'D17', 'D19', 'D2', 'D21', 'D23', 'D25', 'D26', 'D28', 'D29', 'D3', 'D30', 'D32', 'D33', 'D34', 'D35', 'D37', 'D38', 'D39', 'D4', 'D41', 'D43', 'D44', 'D45', 'D46', 'D47', 'D48', 'D5', 'D50', 'D52', 'D55', 'D58', 'D59', 'D6', 'D60', 'D61', 'D62', 'D63', 'D8']"
9,B41,"['D61', 'D62']","['D39', 'D47', 'D48', 'D53', 'D54', 'D8']","['D1', 'D10', 'D11', 'D12', 'D14', 'D15', 'D16', 'D17', 'D19', 'D2', 'D21', 'D23', 'D25', 'D26', 'D28', 'D29', 'D3', 'D30', 'D32', 'D33', 'D34', 'D35', 'D37', 'D38', 'D39', 'D4', 'D41', 'D43', 'D44', 'D45', 'D46', 'D47', 'D48', 'D5', 'D50', 'D52', 'D55', 'D58', 'D59', 'D6', 'D60', 'D61', 'D62', 'D63', 'D8']","['D1', 'D10', 'D11', 'D12', 'D14', 'D15', 'D16', 'D17', 'D19', 'D2', 'D21', 'D23', 'D25', 'D26', 'D28', 'D29', 'D3', 'D30', 'D32', 'D33', 'D34', 'D35', 'D37', 'D38', 'D4', 'D41', 'D43', 'D44', 'D45', 'D46', 'D5', 'D50', 'D52', 'D55', 'D58', 'D59', 'D6', 'D60', 'D61', 'D62', 'D63']"
9,B42,[],[],"['D1', 'D10', 'D11', 'D12', 'D14', 'D15', 'D16', 'D17', 'D19', 'D2', 'D21', 'D23', 'D25', 'D26', 'D28', 'D29', 'D3', 'D30', 'D32', 'D33', 'D34', 'D35', 'D37', 'D38', 'D4', 'D41', 'D43', 'D44', 'D45', 'D46', 'D5', 'D50', 'D52', 'D55', 'D58', 'D59', 'D6', 'D60', 'D61', 'D62', 'D63']","['D1', 'D10', 'D11', 'D12', 'D14', 'D15', 'D16', 'D17', 'D19', 'D2', 'D21', 'D23', 'D25', 'D26', 'D28', 'D29', 'D3', 'D30', 'D32', 'D33', 'D34', 'D35', 'D37', 'D38', 'D4', 'D41', 'D43', 'D44', 'D45', 'D46', 'D5', 'D50', 'D52', 'D55', 'D58', 'D59', 'D6', 'D60', 'D61', 'D62', 'D63']"
9,B43,['D63'],['D60'],"['D1', 'D10', 'D11', 'D12', 'D14', 'D15', 'D16', 'D17', 'D19', 'D2', 'D21', 'D23', 'D25', 'D26', 'D28', 'D29', 'D3', 'D30', 'D32', 'D33', 'D34', 'D35', 'D37', 'D38', 'D4', 'D41', 'D43', 'D44', 'D45', 'D46', 'D5', 'D50', 'D52', 'D55', 'D58', 'D59', 'D6', 'D60', 'D61', 'D62', 'D63']","['D1', 'D10', 'D11', 'D12', 'D14', 'D15', 'D16', 'D17', 'D19', 'D2', 'D21', 'D23', 'D25', 'D26', 'D28', 'D29', 'D3', 'D30', 'D32', 'D33', 'D34', 'D35', 'D37', 'D38', 'D4', 'D41', 'D43', 'D44', 'D45', 'D46', 'D5', 'D50', 'D52', 'D55', 'D58', 'D59', 'D6', 'D61', 'D62', 'D63']"
9,B44,[],[],"['D1', 'D10', 'D11', 'D12', 'D14', 'D15', 'D16', 'D17', 'D19', 'D2', 'D21', 'D23', 'D25', 'D26', 'D28', 'D29', 'D3', 'D30', 'D32', 'D33', 'D34', 'D35', 'D37', 'D38', 'D4', 'D41', 'D43', 'D44', 'D45', 'D46', 'D5', 'D50', 'D52', 'D55', 'D58', 'D59', 'D6', 'D60', 'D61', 'D62', 'D63']","['D1', 'D10', 'D11', 'D12', 'D14', 'D15', 'D16', 'D17', 'D19', 'D2', 'D21', 'D23', 'D25', 'D26', 'D28', 'D29', 'D3', 'D30', 'D32', 'D33', 'D34', 'D35', 'D37', 'D38', 'D4', 'D41', 'D43', 'D44', 'D45', 'D46', 'D5', 'D50', 'D52', 'D55', 'D58', 'D59', 'D6', 'D60', 'D61', 'D62', 'D63']"
9,B45,"['D64', 'D65', 'D66']","['D59', 'D69']","['D1', 'D10', 'D11', 'D12', 'D14', 'D15', 'D16', 'D17', 'D19', 'D2', 'D21', 'D23', 'D25', 'D26', 'D28', 'D29', 'D3', 'D30', 'D32', 'D33', 'D34', 'D35', 'D37', 'D38', 'D39', 'D4', 'D41', 'D43', 'D44', 'D45', 'D46', 'D47', 'D48', 'D5', 'D50', 'D52', 'D55', 'D58', 'D59', 'D6', 'D60', 'D61', 'D62', 'D63', 'D8']","['D1', 'D10', 'D11', 'D12', 'D14', 'D15', 'D16', 'D17', 'D19', 'D2', 'D21', 'D23', 'D25', 'D26', 'D28', 'D29', 'D3', 'D30', 'D32', 'D33', 'D34', 'D35', 'D37', 'D38', 'D39', 'D4', 'D41', 'D43', 'D44', 'D45', 'D46', 'D47', 'D48', 'D5', 'D50', 'D52', 'D55', 'D58', 'D6', 'D60', 'D61', 'D62', 'D63', 'D64', 'D65', 'D66', 'D8']"
9,B46,[],[],"['D1', 'D10', 'D11', 'D12', 'D14', 'D15', 'D16', 'D17', 'D19', 'D2', 'D21', 'D23', 'D25', 'D26', 'D28', 'D29', 'D3', 'D30', 'D32', 'D33', 'D34', 'D35', 'D37', 'D38', 'D39', 'D4', 'D41', 'D43', 'D44', 'D45', 'D46', 'D47', 'D48', 'D5', 'D50', 'D52', 'D55', 'D58', 'D6', 'D60', 'D61', 'D62', 'D63', 'D64', 'D65', 'D66', 'D67', 'D68', 'D69', 'D8']","['D1', 'D10', 'D11', 'D12', 'D14', 'D15', 'D16', 'D17', 'D19', 'D2', 'D21', 'D23', 'D25', 'D26', 'D28', 'D29', 'D3', 'D30', 'D32', 'D33', 'D34', 'D35', 'D37', 'D38', 'D39', 'D4', 'D41', 'D43', 'D44', 'D45', 'D46', 'D47', 'D48', 'D5', 'D50', 'D52', 'D55', 'D58', 'D6', 'D60', 'D61', 'D62', 'D63', 'D64', 'D65', 'D66', 'D67', 'D68', 'D69', 'D8']"
9,B47,['D67'],"['D100', 'D104', 'D68']","['D1', 'D10', 'D11', 'D12', 'D14', 'D15', 'D16', 'D17', 'D19', 'D2', 'D21', 'D23', 'D25', 'D26', 'D28', 'D29', 'D3', 'D30', 'D32', 'D33', 'D34', 'D35', 'D37', 'D38', 'D39', 'D4', 'D41', 'D43', 'D44', 'D45', 'D46', 'D47', 'D48', 'D5', 'D50', 'D52', 'D55', 'D58', 'D6', 'D60', 'D61', 'D62', 'D63', 'D64', 'D65', 'D66', 'D67', 'D68', 'D69', 'D8']","['D1', 'D10', 'D11', 'D12', 'D14', 'D15', 'D16', 'D17', 'D19', 'D2', 'D21', 'D23', 'D25', 'D26', 'D28', 'D29', 'D3', 'D30', 'D32', 'D33', 'D34', 'D35', 'D37', 'D38', 'D39', 'D4', 'D41', 'D43', 'D44', 'D45', 'D46', 'D47', 'D48', 'D5', 'D50', 'D52', 'D55', 'D58', 'D6', 'D60', 'D61', 'D62', 'D63', 'D64', 'D65', 'D66', 'D67', 'D69', 'D8']"
9,B48,[],[],"['D1', 'D10', 'D11', 'D12', 'D14', 'D15', 'D16', 'D17', 'D19', 'D2', 'D21', 'D23', 'D25', 'D26', 'D28', 'D29', 'D3', 'D30', 'D32', 'D33', 'D34', 'D35', 'D37', 'D38', 'D39', 'D4', 'D41', 'D43', 'D44', 'D45', 'D46', 'D47', 'D48', 'D5', 'D50', 'D52', 'D55', 'D58', 'D6', 'D60', 'D61', 'D62', 'D63', 'D64', 'D65', 'D66', 'D67', 'D69', 'D8']","['D1', 'D10', 'D11', 'D12', 'D14', 'D15', 'D16', 'D17', 'D19', 'D2', 'D21', 'D23', 'D25', 'D26', 'D28', 'D29', 'D3', 'D30', 'D32', 'D33', 'D34', 'D35', 'D37', 'D38', 'D39', 'D4', 'D41', 'D43', 'D44', 'D45', 'D46', 'D47', 'D48', 'D5', 'D50', 'D52', 'D55', 'D58', 'D6', 'D60', 'D61', 'D62', 'D63', 'D64', 'D65', 'D66', 'D67', 'D69', 'D8']"
9,B49,['D68'],"['D100', 'D104', 'D67']","['D1', 'D10', 'D11', 'D12', 'D14', 'D15', 'D16', 'D17', 'D19', 'D2', 'D21', 'D23', 'D25', 'D26', 'D28', 'D29', 'D3', 'D30', 'D32', 'D33', 'D34', 'D35', 'D37', 'D38', 'D39', 'D4', 'D41', 'D43', 'D44', 'D45', 'D46', 'D47', 'D48', 'D5', 'D50', 'D52', 'D55', 'D58', 'D6', 'D60', 'D61', 'D62', 'D63', 'D64', 'D65', 'D66', 'D67', 'D69', 'D8']","['D1', 'D10', 'D11', 'D12', 'D14', 'D15', 'D16', 'D17', 'D19', 'D2', 'D21', 'D23', 'D25', 'D26', 'D28', 'D29', 'D3', 'D30', 'D32', 'D33', 'D34', 'D35', 'D37', 'D38', 'D39', 'D4', 'D41', 'D43', 'D44', 'D45', 'D46', 'D47', 'D48', 'D5', 'D50', 'D52', 'D55', 'D58', 'D6', 'D60', 'D61', 'D62', 'D63', 'D64', 'D65', 'D66', 'D68', 'D69', 'D8']"
9,B50,['D69'],['D65'],"['D1', 'D10', 'D11', 'D12', 'D14', 'D15', 'D16', 'D17', 'D19', 'D2', 'D21', 'D23', 'D25', 'D26', 'D28', 'D29', 'D3', 'D30', 'D32', 'D33', 'D34', 'D35', 'D37', 'D38', 'D39', 'D4', 'D41', 'D43', 'D44', 'D45', 'D46', 'D47', 'D48', 'D5', 'D50', 'D52', 'D55', 'D58', 'D6', 'D60', 'D61', 'D62', 'D63', 'D64', 'D65', 'D66', 'D67', 'D68', 'D69', 'D8']","['D1', 'D10', 'D11', 'D12', 'D14', 'D15', 'D16', 'D17', 'D19', 'D2', 'D21', 'D23', 'D25', 'D26', 'D28', 'D29', 'D3', 'D30', 'D32', 'D33', 'D34', 'D35', 'D37', 'D38', 'D39', 'D4', 'D41', 'D43', 'D44', 'D45', 'D46', 'D47', 'D48', 'D5', 'D50', 'D52', 'D55', 'D58', 'D6', 'D60', 'D61', 'D62', 'D63', 'D64', 'D66', 'D67', 'D68', 'D69', 'D8']"
9,B51,"['D70', 'D71']",['D72'],"['D1', 'D10', 'D11', 'D12', 'D14', 'D15', 'D16', 'D17', 'D19', 'D2', 'D21', 'D23', 'D25', 'D26', 'D28', 'D29', 'D3', 'D30', 'D32', 'D33', 'D34', 'D35', 'D37', 'D38', 'D39', 'D4', 'D41', 'D43', 'D44', 'D45', 'D46', 'D47', 'D48', 'D5', 'D50', 'D52', 'D55', 'D58', 'D6', 'D60', 'D61', 'D62', 'D63', 'D64', 'D65', 'D66', 'D67', 'D68', 'D69', 'D8']","['D1', 'D10', 'D11', 'D12', 'D14', 'D15', 'D16', 'D17', 'D19', 'D2', 'D21', 'D23', 'D25', 'D26', 'D28', 'D29', 'D3', 'D30', 'D32', 'D33', 'D34', 'D35', 'D37', 'D38', 'D39', 'D4', 'D41', 'D43', 'D44', 'D45', 'D46', 'D47', 'D48', 'D5', 'D50', 'D52', 'D55', 'D58', 'D6', 'D60', 'D61', 'D62', 'D63', 'D64', 'D65', 'D66', 'D67', 'D68', 'D69', 'D70', 'D71', 'D8']"
9,B52,[],[],"['D1', 'D10', 'D11', 'D12', 'D14', 'D15', 'D16', 'D17', 'D19', 'D2', 'D21', 'D23', 'D25', 'D26', 'D28', 'D29', 'D3', 'D30', 'D32', 'D33', 'D34', 'D35', 'D37', 'D38', 'D39', 'D4', 'D41', 'D43', 'D44', 'D45', 'D46', 'D47', 'D48', 'D5', 'D50', 'D52', 'D55', 'D58', 'D6', 'D60', 'D61', 'D62', 'D63', 'D64', 'D65', 'D66', 'D67', 'D68', 'D69', 'D70', 'D71', 'D72', 'D8']","['D1', 'D10', 'D11', 'D12', 'D14', 'D15', 'D16', 'D17', 'D19', 'D2', 'D21', 'D23', 'D25', 'D26', 'D28', 'D29', 'D3', 'D30', 'D32', 'D33', 'D34', 'D35', 'D37', 'D38', 'D39', 'D4', 'D41', 'D43', 'D44', 'D45', 'D46', 'D47', 'D48', 'D5', 'D50', 'D52', 'D55', 'D58', 'D6', 'D60', 'D61', 'D62', 'D63', 'D64', 'D65', 'D66', 'D67', 'D68', 'D69', 'D70', 'D71', 'D72', 'D8']"
9,B53,['D72'],['D70'],"['D1', 'D10', 'D11', 'D12', 'D14', 'D15', 'D16', 'D17', 'D19', 'D2', 'D21', 'D23', 'D25', 'D26', 'D28', 'D29', 'D3', 'D30', 'D32', 'D33', 'D34', 'D35', 'D37', 'D38', 'D39', 'D4', 'D41', 'D43', 'D44', 'D45', 'D46', 'D47', 'D48', 'D5', 'D50', 'D52', 'D55', 'D58', 'D6', 'D60', 'D61', 'D62', 'D63', 'D64', 'D65', 'D66', 'D67', 'D68', 'D69', 'D70', 'D71', 'D72', 'D8']","['D1', 'D10', 'D11', 'D12', 'D14', 'D15', 'D16', 'D17', 'D19', 'D2', 'D21', 'D23', 'D25', 'D26', 'D28', 'D29', 'D3', 'D30', 'D32', 'D33', 'D34', 'D35', 'D37', 'D38', 'D39', 'D4', 'D41', 'D43', 'D44', 'D45', 'D46', 'D47', 'D48', 'D5', 'D50', 'D52', 'D55', 'D58', 'D6', 'D60', 'D61', 'D62', 'D63', 'D64', 'D65', 'D66', 'D67', 'D68', 'D69', 'D71', 'D72', 'D8']"
9,B54,['D73'],['D74'],"['D1', 'D10', 'D11', 'D12', 'D14', 'D15', 'D16', 'D17', 'D19', 'D2', 'D21', 'D23', 'D25', 'D26', 'D28', 'D29', 'D3', 'D30', 'D32', 'D33', 'D34', 'D35', 'D37', 'D38', 'D39', 'D4', 'D41', 'D43', 'D44', 'D45', 'D46', 'D47', 'D48', 'D5', 'D50', 'D52', 'D55', 'D58', 'D6', 'D60', 'D61', 'D62', 'D63', 'D64', 'D65', 'D66', 'D67', 'D68', 'D69', 'D70', 'D71', 'D72', 'D8']","['D1', 'D10', 'D11', 'D12', 'D14', 'D15', 'D16', 'D17', 'D19', 'D2', 'D21', 'D23', 'D25', 'D26', 'D28', 'D29', 'D3', 'D30', 'D32', 'D33', 'D34', 'D35', 'D37', 'D38', 'D39', 'D4', 'D41', 'D43', 'D44', 'D45', 'D46', 'D47', 'D48', 'D5', 'D50', 'D52', 'D55', 'D58', 'D6', 'D60', 'D61', 'D62', 'D63', 'D64', 'D65', 'D66', 'D67', 'D68', 'D69', 'D70', 'D71', 'D72', 'D73', 'D8']"
9,B55,[],[],"['D1', 'D10', 'D11', 'D12', 'D14', 'D15', 'D16', 'D17', 'D19', 'D2', 'D21', 'D23', 'D25', 'D26', 'D28', 'D29', 'D3', 'D30', 'D32', 'D33', 'D34', 'D35', 'D37', 'D38', 'D39', 'D4', 'D41', 'D43', 'D44', 'D45', 'D46', 'D47', 'D48', 'D5', 'D50', 'D52', 'D55', 'D58', 'D6', 'D60', 'D61', 'D62', 'D63', 'D64', 'D65', 'D66', 'D67', 'D68', 'D69', 'D70', 'D71', 'D72', 'D73', 'D74', 'D8']","['D1', 'D10', 'D11', 'D12', 'D14', 'D15', 'D16', 'D17', 'D19', 'D2', 'D21', 'D23', 'D25', 'D26', 'D28', 'D29', 'D3', 'D30', 'D32', 'D33', 'D34', 'D35', 'D37', 'D38', 'D39', 'D4', 'D41', 'D43', 'D44', 'D45', 'D46', 'D47', 'D48', 'D5', 'D50', 'D52', 'D55', 'D58', 'D6', 'D60', 'D61', 'D62', 'D63', 'D64', 'D65', 'D66', 'D67', 'D68', 'D69', 'D70', 'D71', 'D72', 'D73', 'D74', 'D8']"
9,B56,[],[],"['D1', 'D10', 'D11', 'D12', 'D14', 'D15', 'D16', 'D17', 'D19', 'D2', 'D21', 'D23', 'D25', 'D26', 'D28', 'D29', 'D3', 'D30', 'D32', 'D33', 'D34', 'D35', 'D37', 'D38', 'D39', 'D4', 'D41', 'D43', 'D44', 'D45', 'D46', 'D47', 'D48', 'D5', 'D50', 'D52', 'D55', 'D58', 'D6', 'D60', 'D61', 'D62', 'D63', 'D64', 'D65', 'D66', 'D67', 'D68', 'D69', 'D70', 'D71', 'D72', 'D73', 'D74', 'D8']","['D1', 'D10', 'D11', 'D12', 'D14', 'D15', 'D16', 'D17', 'D19', 'D2', 'D21', 'D23', 'D25', 'D26', 'D28', 'D29', 'D3', 'D30', 'D32', 'D33', 'D34', 'D35', 'D37', 'D38', 'D39', 'D4', 'D41', 'D43', 'D44', 'D45', 'D46', 'D47', 'D48', 'D5', 'D50', 'D52', 'D55', 'D58', 'D6', 'D60', 'D61', 'D62', 'D63', 'D64', 'D65', 'D66', 'D67', 'D68', 'D69', 'D70', 'D71', 'D72', 'D73', 'D74', 'D8']"
9,B57,[],[],"['D1', 'D10', 'D11', 'D12', 'D14', 'D15', 'D16', 'D17', 'D19', 'D2', 'D21', 'D23', 'D25', 'D26', 'D28', 'D29', 'D3', 'D30', 'D32', 'D33', 'D34', 'D35', 'D37', 'D38', 'D39', 'D4', 'D41', 'D43', 'D44', 'D45', 'D46', 'D47', 'D48', 'D5', 'D50', 'D52', 'D55', 'D58', 'D6', 'D60', 'D61', 'D62', 'D63', 'D64', 'D65', 'D66', 'D67', 'D68', 'D69', 'D70', 'D71', 'D72', 'D73', 'D74', 'D8']","['D1', 'D10', 'D11', 'D12', 'D14', 'D15', 'D16', 'D17', 'D19', 'D2', 'D21', 'D23', 'D25', 'D26', 'D28', 'D29', 'D3', 'D30', 'D32', 'D33', 'D34', 'D35', 'D37', 'D38', 'D39', 'D4', 'D41', 'D43', 'D44', 'D45', 'D46', 'D47', 'D48', 'D5', 'D50', 'D52', 'D55', 'D58', 'D6', 'D60', 'D61', 'D62', 'D63', 'D64', 'D65', 'D66', 'D67', 'D68', 'D69', 'D70', 'D71', 'D72', 'D73', 'D74', 'D8']"
9,B58,['D74'],['D73'],"['D1', 'D10', 'D11', 'D12', 'D14', 'D15', 'D16', 'D17', 'D19', 'D2', 'D21', 'D23', 'D25', 'D26', 'D28', 'D29', 'D3', 'D30', 'D32', 'D33', 'D34', 'D35', 'D37', 'D38', 'D39', 'D4', 'D41', 'D43', 'D44', 'D45', 'D46', 'D47', 'D48', 'D5', 'D50', 'D52', 'D55', 'D58', 'D6', 'D60', 'D61', 'D62', 'D63', 'D64', 'D65', 'D66', 'D67', 'D68', 'D69', 'D70', 'D71', 'D72', 'D73', 'D74', 'D8']","['D1', 'D10', 'D11', 'D12', 'D14', 'D15', 'D16', 'D17', 'D19', 'D2', 'D21', 'D23', 'D25', 'D26', 'D28', 'D29', 'D3', 'D30', 'D32', 'D33', 'D34', 'D35', 'D37', 'D38', 'D39', 'D4', 'D41', 'D43', 'D44', 'D45', 'D46', 'D47', 'D48', 'D5', 'D50', 'D52', 'D55', 'D58', 'D6', 'D60', 'D61', 'D62', 'D63', 'D64', 'D65', 'D66', 'D67', 'D68', 'D69', 'D70', 'D71', 'D72', 'D74', 'D8']"
9,B59,[],[],"['D1', 'D10', 'D11', 'D12', 'D14', 'D15', 'D16', 'D17', 'D19', 'D2', 'D21', 'D23', 'D25', 'D26', 'D28', 'D29', 'D3', 'D30', 'D32', 'D33', 'D34', 'D35', 'D37', 'D38', 'D39', 'D4', 'D41', 'D43', 'D44', 'D45', 'D46', 'D47', 'D48', 'D5', 'D50', 'D52', 'D55', 'D58', 'D6', 'D60', 'D61', 'D62', 'D63', 'D64', 'D65', 'D66', 'D67', 'D68', 'D69', 'D70', 'D71', 'D72', 'D73', 'D74', 'D8']","['D1', 'D10', 'D11', 'D12', 'D14', 'D15', 'D16', 'D17', 'D19', 'D2', 'D21', 'D23', 'D25', 'D26', 'D28', 'D29', 'D3', 'D30', 'D32', 'D33', 'D34', 'D35', 'D37', 'D38', 'D39', 'D4', 'D41', 'D43', 'D44', 'D45', 'D46', 'D47', 'D48', 'D5', 'D50', 'D52', 'D55', 'D58', 'D6', 'D60', 'D61', 'D62', 'D63', 'D64', 'D65', 'D66', 'D67', 'D68', 'D69', 'D70', 'D71', 'D72', 'D73', 'D74', 'D8']"
9,B60,[],[],"['D1', 'D10', 'D11', 'D12', 'D14', 'D15', 'D16', 'D17', 'D19', 'D2', 'D21', 'D23', 'D25', 'D26', 'D28', 'D29', 'D3', 'D30', 'D32', 'D33', 'D34', 'D35', 'D37', 'D38', 'D39', 'D4', 'D41', 'D43', 'D44', 'D45', 'D46', 'D47', 'D48', 'D5', 'D50', 'D52', 'D55', 'D58', 'D6', 'D60', 'D61', 'D62', 'D63', 'D64', 'D65', 'D66', 'D67', 'D68', 'D69', 'D70', 'D71', 'D72', 'D73', 'D74', 'D8']","['D1', 'D10', 'D11', 'D12', 'D14', 'D15', 'D16', 'D17', 'D19', 'D2', 'D21', 'D23', 'D25', 'D26', 'D28', 'D29', 'D3', 'D30', 'D32', 'D33', 'D34', 'D35', 'D37', 'D38', 'D39', 'D4', 'D41', 'D43', 'D44', 'D45', 'D46', 'D47', 'D48', 'D5', 'D50', 'D52', 'D55', 'D58', 'D6', 'D60', 'D61', 'D62', 'D63', 'D64', 'D65', 'D66', 'D67', 'D68', 'D69', 'D70', 'D71', 'D72', 'D73', 'D74', 'D8']"
9,B61,"['D75', 'D76', 'D77']","['D80', 'D81', 'D82']","['D1', 'D10', 'D11', 'D12', 'D14', 'D15', 'D16', 'D17', 'D19', 'D2', 'D21', 'D23', 'D25', 'D26', 'D28', 'D29', 'D3', 'D30', 'D32', 'D33', 'D34', 'D35', 'D37', 'D38', 'D39', 'D4', 'D41', 'D43', 'D44', 'D45', 'D46', 'D47', 'D48', 'D5', 'D50', 'D52', 'D55', 'D58', 'D6', 'D60', 'D61', 'D62', 'D63', 'D64', 'D65', 'D66', 'D67', 'D68', 'D69', 'D70', 'D71', 'D72', 'D73', 'D74', 'D8']","['D1', 'D10', 'D11', 'D12', 'D14', 'D15', 'D16', 'D17', 'D19', 'D2', 'D21', 'D23', 'D25', 'D26', 'D28', 'D29', 'D3', 'D30', 'D32', 'D33', 'D34', 'D35', 'D37', 'D38', 'D39', 'D4', 'D41', 'D43', 'D44', 'D45', 'D46', 'D47', 'D48', 'D5', 'D50', 'D52', 'D55', 'D58', 'D6', 'D60', 'D61', 'D62', 'D63', 'D64', 'D65', 'D66', 'D67', 'D68', 'D69', 'D70', 'D71', 'D72', 'D73', 'D74', 'D75', 'D76', 'D77', 'D8']"
9,B62,[],[],"['D1', 'D10', 'D11', 'D12', 'D14', 'D15', 'D16', 'D17', 'D19', 'D2', 'D21', 'D23', 'D25', 'D26', 'D28', 'D29', 'D3', 'D30', 'D32', 'D33', 'D34', 'D35', 'D37', 'D38', 'D39', 'D4', 'D41', 'D43', 'D44', 'D45', 'D46', 'D47', 'D48', 'D5', 'D50', 'D52', 'D55', 'D58', 'D6', 'D60', 'D61', 'D62', 'D63', 'D64', 'D65', 'D66', 'D67', 'D68', 'D69', 'D70', 'D71', 'D72', 'D73', 'D74', 'D75', 'D76', 'D77', 'D78', 'D79', 'D8', 'D80', 'D81']","['D1', 'D10', 'D11', 'D12', 'D14', 'D15', 'D16', 'D17', 'D19', 'D2', 'D21', 'D23', 'D25', 'D26', 'D28', 'D29', 'D3', 'D30', 'D32', 'D33', 'D34', 'D35', 'D37', 'D38', 'D39', 'D4', 'D41', 'D43', 'D44', 'D45', 'D46', 'D47', 'D48', 'D5', 'D50', 'D52', 'D55', 'D58', 'D6', 'D60', 'D61', 'D62', 'D63', 'D64', 'D65', 'D66', 'D67', 'D68', 'D69', 'D70', 'D71', 'D72', 'D73', 'D74', 'D75', 'D76', 'D77', 'D78', 'D79', 'D8', 'D80', 'D81']"
9,B63,"['D78', 'D79', 'D80', 'D81']","['D75', 'D77', 'D82']","['D1', 'D10', 'D11', 'D12', 'D14', 'D15', 'D16', 'D17', 'D19', 'D2', 'D21', 'D23', 'D25', 'D26', 'D28', 'D29', 'D3', 'D30', 'D32', 'D33', 'D34', 'D35', 'D37', 'D38', 'D39', 'D4', 'D41', 'D43', 'D44', 'D45', 'D46', 'D47', 'D48', 'D5', 'D50', 'D52', 'D55', 'D58', 'D6', 'D60', 'D61', 'D62', 'D63', 'D64', 'D65', 'D66', 'D67', 'D68', 'D69', 'D70', 'D71', 'D72', 'D73', 'D74', 'D75', 'D76', 'D77', 'D78', 'D79', 'D8', 'D80', 'D81']","['D1', 'D10', 'D11', 'D12', 'D14', 'D15', 'D16', 'D17', 'D19', 'D2', 'D21', 'D23', 'D25', 'D26', 'D28', 'D29', 'D3', 'D30', 'D32', 'D33', 'D34', 'D35', 'D37', 'D38', 'D39', 'D4', 'D41', 'D43', 'D44', 'D45', 'D46', 'D47', 'D48', 'D5', 'D50', 'D52', 'D55', 'D58', 'D6', 'D60', 'D61', 'D62', 'D63', 'D64', 'D65', 'D66', 'D67', 'D68', 'D69', 'D70', 'D71', 'D72', 'D73', 'D74', 'D76', 'D78', 'D79', 'D8', 'D80', 'D81']"
9,B64,"['D82', 'D83', 'D84']","['D75', 'D80', 'D86']","['D1', 'D10', 'D11', 'D12', 'D14', 'D15', 'D16', 'D17', 'D19', 'D2', 'D21', 'D23', 'D25', 'D26', 'D28', 'D29', 'D3', 'D30', 'D32', 'D33', 'D34', 'D35', 'D37', 'D38', 'D39', 'D4', 'D41', 'D43', 'D44', 'D45', 'D46', 'D47', 'D48', 'D5', 'D50', 'D52', 'D55', 'D58', 'D6', 'D60', 'D61', 'D62', 'D63', 'D64', 'D65', 'D66', 'D67', 'D68', 'D69', 'D70', 'D71', 'D72', 'D73', 'D74', 'D75', 'D76', 'D77', 'D78', 'D79', 'D8', 'D80', 'D81']","['D1', 'D10', 'D11', 'D12', 'D14', 'D15', 'D16', 'D17', 'D19', 'D2', 'D21', 'D23', 'D25', 'D26', 'D28', 'D29', 'D3', 'D30', 'D32', 'D33', 'D34', 'D35', 'D37', 'D38', 'D39', 'D4', 'D41', 'D43', 'D44', 'D45', 'D46', 'D47', 'D48', 'D5', 'D50', 'D52', 'D55', 'D58', 'D6', 'D60', 'D61', 'D62', 'D63', 'D64', 'D65', 'D66', 'D67', 'D68', 'D69', 'D70', 'D71', 'D72', 'D73', 'D74', 'D76', 'D77', 'D78', 'D79', 'D8', 'D81', 'D82', 'D83', 'D84']"
9,B65,[],[],"['D1', 'D10', 'D11', 'D12', 'D14', 'D15', 'D16', 'D17', 'D19', 'D2', 'D21', 'D23', 'D25', 'D26', 'D28', 'D29', 'D3', 'D30', 'D32', 'D33', 'D34', 'D35', 'D37', 'D38', 'D39', 'D4', 'D41', 'D43', 'D44', 'D45', 'D46', 'D47', 'D48', 'D5', 'D50', 'D52', 'D55', 'D58', 'D6', 'D60', 'D61', 'D62', 'D63', 'D64', 'D65', 'D66', 'D67', 'D68', 'D69', 'D70', 'D71', 'D72', 'D73', 'D74', 'D76', 'D77', 'D78', 'D79', 'D8', 'D81', 'D82', 'D83', 'D84', 'D85']","['D1', 'D10', 'D11', 'D12', 'D14', 'D15', 'D16', 'D17', 'D19', 'D2', 'D21', 'D23', 'D25', 'D26', 'D28', 'D29', 'D3', 'D30', 'D32', 'D33', 'D34', 'D35', 'D37', 'D38', 'D39', 'D4', 'D41', 'D43', 'D44', 'D45', 'D46', 'D47', 'D48', 'D5', 'D50', 'D52', 'D55', 'D58', 'D6', 'D60', 'D61', 'D62', 'D63', 'D64', 'D65', 'D66', 'D67', 'D68', 'D69', 'D70', 'D71', 'D72', 'D73', 'D74', 'D76', 'D77', 'D78', 'D79', 'D8', 'D81', 'D82', 'D83', 'D84', 'D85']"
9,B66,[],[],"['D1', 'D10', 'D11', 'D12', 'D14', 'D15', 'D16', 'D17', 'D19', 'D2', 'D21', 'D23', 'D25', 'D26', 'D28', 'D29', 'D3', 'D30', 'D32', 'D33', 'D34', 'D35', 'D37', 'D38', 'D39', 'D4', 'D41', 'D43', 'D44', 'D45', 'D46', 'D47', 'D48', 'D5', 'D50', 'D52', 'D55', 'D58', 'D6', 'D60', 'D61', 'D62', 'D63', 'D64', 'D65', 'D66', 'D67', 'D68', 'D69', 'D70', 'D71', 'D72', 'D73', 'D74', 'D76', 'D77', 'D78', 'D79', 'D8', 'D81', 'D82', 'D83', 'D84', 'D85']","['D1', 'D10', 'D11', 'D12', 'D14', 'D15', 'D16', 'D17', 'D19', 'D2', 'D21', 'D23', 'D25', 'D26', 'D28', 'D29', 'D3', 'D30', 'D32', 'D33', 'D34', 'D35', 'D37', 'D38', 'D39', 'D4', 'D41', 'D43', 'D44', 'D45', 'D46', 'D47', 'D48', 'D5', 'D50', 'D52', 'D55', 'D58', 'D6', 'D60', 'D61', 'D62', 'D63', 'D64', 'D65', 'D66', 'D67', 'D68', 'D69', 'D70', 'D71', 'D72', 'D73', 'D74', 'D76', 'D77', 'D78', 'D79', 'D8', 'D81', 'D82', 'D83', 'D84', 'D85']"
9,B67,['D85'],[],"['D1', 'D10', 'D11', 'D12', 'D14', 'D15', 'D16', 'D17', 'D19', 'D2', 'D21', 'D23', 'D25', 'D26', 'D28', 'D29', 'D3', 'D30', 'D32', 'D33', 'D34', 'D35', 'D37', 'D38', 'D39', 'D4', 'D41', 'D43', 'D44', 'D45', 'D46', 'D47', 'D48', 'D5', 'D50', 'D52', 'D55', 'D58', 'D6', 'D60', 'D61', 'D62', 'D63', 'D64', 'D65', 'D66', 'D67', 'D68', 'D69', 'D70', 'D71', 'D72', 'D73', 'D74', 'D76', 'D77', 'D78', 'D79', 'D8', 'D81', 'D82', 'D83', 'D84', 'D85']","['D1', 'D10', 'D11', 'D12', 'D14', 'D15', 'D16', 'D17', 'D19', 'D2', 'D21', 'D23', 'D25', 'D26', 'D28', 'D29', 'D3', 'D30', 'D32', 'D33', 'D34', 'D35', 'D37', 'D38', 'D39', 'D4', 'D41', 'D43', 'D44', 'D45', 'D46', 'D47', 'D48', 'D5', 'D50', 'D52', 'D55', 'D58', 'D6', 'D60', 'D61', 'D62', 'D63', 'D64', 'D65', 'D66', 'D67', 'D68', 'D69', 'D70', 'D71', 'D72', 'D73', 'D74', 'D76', 'D77', 'D78', 'D79', 'D8', 'D81', 'D82', 'D83', 'D84', 'D85']"
9,B68,[],[],"['D1', 'D10', 'D11', 'D12', 'D14', 'D15', 'D16', 'D17', 'D19', 'D2', 'D21', 'D23', 'D25', 'D26', 'D28', 'D29', 'D3', 'D30', 'D32', 'D33', 'D34', 'D35', 'D37', 'D38', 'D39', 'D4', 'D41', 'D43', 'D44', 'D45', 'D46', 'D47', 'D48', 'D5', 'D50', 'D52', 'D55', 'D58', 'D6', 'D60', 'D61', 'D62', 'D63', 'D64', 'D65', 'D66', 'D67', 'D68', 'D69', 'D70', 'D71', 'D72', 'D73', 'D74', 'D76', 'D77', 'D78', 'D79', 'D8', 'D81', 'D82', 'D83', 'D84', 'D85']","['D1', 'D10', 'D11', 'D12', 'D14', 'D15', 'D16', 'D17', 'D19', 'D2', 'D21', 'D23', 'D25', 'D26', 'D28', 'D29', 'D3', 'D30', 'D32', 'D33', 'D34', 'D35', 'D37', 'D38', 'D39', 'D4', 'D41', 'D43', 'D44', 'D45', 'D46', 'D47', 'D48', 'D5', 'D50', 'D52', 'D55', 'D58', 'D6', 'D60', 'D61', 'D62', 'D63', 'D64', 'D65', 'D66', 'D67', 'D68', 'D69', 'D70', 'D71', 'D72', 'D73', 'D74', 'D76', 'D77', 'D78', 'D79', 'D8', 'D81', 'D82', 'D83', 'D84', 'D85']"
9,B69,[],[],"['D1', 'D10', 'D11', 'D12', 'D14', 'D15', 'D16', 'D17', 'D19', 'D2', 'D21', 'D23', 'D25', 'D26', 'D28', 'D29', 'D3', 'D30', 'D32', 'D33', 'D34', 'D35', 'D37', 'D38', 'D39', 'D4', 'D41', 'D43', 'D44', 'D45', 'D46', 'D47', 'D48', 'D5', 'D50', 'D52', 'D55', 'D58', 'D6', 'D60', 'D61', 'D62', 'D63', 'D64', 'D65', 'D66', 'D67', 'D68', 'D69', 'D70', 'D71', 'D72', 'D73', 'D74', 'D76', 'D77', 'D78', 'D79', 'D8', 'D81', 'D82', 'D83', 'D84', 'D85', 'D86']","['D1', 'D10', 'D11', 'D12', 'D14', 'D15', 'D16', 'D17', 'D19', 'D2', 'D21', 'D23', 'D25', 'D26', 'D28', 'D29', 'D3', 'D30', 'D32', 'D33', 'D34', 'D35', 'D37', 'D38', 'D39', 'D4', 'D41', 'D43', 'D44', 'D45', 'D46', 'D47', 'D48', 'D5', 'D50', 'D52', 'D55', 'D58', 'D6', 'D60', 'D61', 'D62', 'D63', 'D64', 'D65', 'D66', 'D67', 'D68', 'D69', 'D70', 'D71', 'D72', 'D73', 'D74', 'D76', 'D77', 'D78', 'D79', 'D8', 'D81', 'D82', 'D83', 'D84', 'D85', 'D86']"
9,B70,[],[],"['D1', 'D10', 'D11', 'D12', 'D14', 'D15', 'D16', 'D17', 'D19', 'D2', 'D21', 'D23', 'D25', 'D26', 'D28', 'D29', 'D3', 'D30', 'D32', 'D33', 'D34', 'D35', 'D37', 'D38', 'D39', 'D4', 'D41', 'D43', 'D44', 'D45', 'D46', 'D47', 'D48', 'D5', 'D50', 'D52', 'D55', 'D58', 'D6', 'D60', 'D61', 'D62', 'D63', 'D64', 'D65', 'D66', 'D67', 'D68', 'D69', 'D70', 'D71', 'D72', 'D73', 'D74', 'D76', 'D77', 'D78', 'D79', 'D8', 'D81', 'D82', 'D83', 'D84', 'D85', 'D86']","['D1', 'D10', 'D11', 'D12', 'D14', 'D15', 'D16', 'D17', 'D19', 'D2', 'D21', 'D23', 'D25', 'D26', 'D28', 'D29', 'D3', 'D30', 'D32', 'D33', 'D34', 'D35', 'D37', 'D38', 'D39', 'D4', 'D41', 'D43', 'D44', 'D45', 'D46', 'D47', 'D48', 'D5', 'D50', 'D52', 'D55', 'D58', 'D6', 'D60', 'D61', 'D62', 'D63', 'D64', 'D65', 'D66', 'D67', 'D68', 'D69', 'D70', 'D71', 'D72', 'D73', 'D74', 'D76', 'D77', 'D78', 'D79', 'D8', 'D81', 'D82', 'D83', 'D84', 'D85', 'D86']"
9,B71,['D86'],['D83'],"['D1', 'D10', 'D11', 'D12', 'D14', 'D15', 'D16', 'D17', 'D19', 'D2', 'D21', 'D23', 'D25', 'D26', 'D28', 'D29', 'D3', 'D30', 'D32', 'D33', 'D34', 'D35', 'D37', 'D38', 'D39', 'D4', 'D41', 'D43', 'D44', 'D45', 'D46', 'D47', 'D48', 'D5', 'D50', 'D52', 'D55', 'D58', 'D6', 'D60', 'D61', 'D62', 'D63', 'D64', 'D65', 'D66', 'D67', 'D68', 'D69', 'D70', 'D71', 'D72', 'D73', 'D74', 'D76', 'D77', 'D78', 'D79', 'D8', 'D81', 'D82', 'D83', 'D84', 'D85', 'D86']","['D1', 'D10', 'D11', 'D12', 'D14', 'D15', 'D16', 'D17', 'D19', 'D2', 'D21', 'D23', 'D25', 'D26', 'D28', 'D29', 'D3', 'D30', 'D32', 'D33', 'D34', 'D35', 'D37', 'D38', 'D39', 'D4', 'D41', 'D43', 'D44', 'D45', 'D46', 'D47', 'D48', 'D5', 'D50', 'D52', 'D55', 'D58', 'D6', 'D60', 'D61', 'D62', 'D63', 'D64', 'D65', 'D66', 'D67', 'D68', 'D69', 'D70', 'D71', 'D72', 'D73', 'D74', 'D76', 'D77', 'D78', 'D79', 'D8', 'D81', 'D82', 'D84', 'D85', 'D86']"
9,B72,[],[],"['D1', 'D10', 'D11', 'D12', 'D14', 'D15', 'D16', 'D17', 'D19', 'D2', 'D21', 'D23', 'D25', 'D26', 'D28', 'D29', 'D3', 'D30', 'D32', 'D33', 'D34', 'D35', 'D37', 'D38', 'D39', 'D4', 'D41', 'D43', 'D44', 'D45', 'D46', 'D47', 'D48', 'D5', 'D50', 'D52', 'D55', 'D58', 'D6', 'D60', 'D61', 'D62', 'D63', 'D64', 'D65', 'D66', 'D67', 'D68', 'D69', 'D70', 'D71', 'D72', 'D73', 'D74', 'D76', 'D77', 'D78', 'D79', 'D8', 'D81', 'D82', 'D83', 'D84', 'D85', 'D86']","['D1', 'D10', 'D11', 'D12', 'D14', 'D15', 'D16', 'D17', 'D19', 'D2', 'D21', 'D23', 'D25', 'D26', 'D28', 'D29', 'D3', 'D30', 'D32', 'D33', 'D34', 'D35', 'D37', 'D38', 'D39', 'D4', 'D41', 'D43', 'D44', 'D45', 'D46', 'D47', 'D48', 'D5', 'D50', 'D52', 'D55', 'D58', 'D6', 'D60', 'D61', 'D62', 'D63', 'D64', 'D65', 'D66', 'D67', 'D68', 'D69', 'D70', 'D71', 'D72', 'D73', 'D74', 'D76', 'D77', 'D78', 'D79', 'D8', 'D81', 'D82', 'D83', 'D84', 'D85', 'D86']"
9,B73,"['D87', 'D88', 'D89']","['D1', 'D91', 'D92', 'D93', 'D94', 'D95']","['D1', 'D10', 'D11', 'D12', 'D14', 'D15', 'D16', 'D17', 'D19', 'D2', 'D21', 'D23', 'D25', 'D26', 'D28', 'D29', 'D3', 'D30', 'D32', 'D33', 'D34', 'D35', 'D37', 'D38', 'D39', 'D4', 'D41', 'D43', 'D44', 'D45', 'D46', 'D47', 'D48', 'D5', 'D50', 'D52', 'D55', 'D58', 'D6', 'D60', 'D61', 'D62', 'D63', 'D64', 'D65', 'D66', 'D67', 'D68', 'D69', 'D70', 'D71', 'D72', 'D73', 'D74', 'D76', 'D77', 'D78', 'D79', 'D8', 'D81', 'D82', 'D83', 'D84', 'D85', 'D86']","['D10', 'D11', 'D12', 'D14', 'D15', 'D16', 'D17', 'D19', 'D2', 'D21', 'D23', 'D25', 'D26', 'D28', 'D29', 'D3', 'D30', 'D32', 'D33', 'D34', 'D35', 'D37', 'D38', 'D39', 'D4', 'D41', 'D43', 'D44', 'D45', 'D46', 'D47', 'D48', 'D5', 'D50', 'D52', 'D55', 'D58', 'D6', 'D60', 'D61', 'D62', 'D63', 'D64', 'D65', 'D66', 'D67', 'D68', 'D69', 'D70', 'D71', 'D72', 'D73', 'D74', 'D76', 'D77', 'D78', 'D79', 'D8', 'D81', 'D82', 'D83', 'D84', 'D85', 'D86', 'D87', 'D88', 'D89']"
9,B74,[],[],"['D10', 'D11', 'D12', 'D14', 'D15', 'D16', 'D17', 'D19', 'D2', 'D21', 'D23', 'D25', 'D26', 'D28', 'D29', 'D3', 'D30', 'D32', 'D33', 'D34', 'D35', 'D37', 'D38', 'D39', 'D4', 'D41', 'D43', 'D44', 'D45', 'D46', 'D47', 'D48', 'D5', 'D50', 'D52', 'D55', 'D58', 'D6', 'D60', 'D61', 'D62', 'D63', 'D64', 'D65', 'D66', 'D67', 'D68', 'D69', 'D70', 'D71', 'D72', 'D73', 'D74', 'D76', 'D77', 'D78', 'D79', 'D8', 'D81', 'D82', 'D83', 'D84', 'D85', 'D86', 'D87', 'D88', 'D89', 'D90', 'D91', 'D92', 'D93']","['D10', 'D11', 'D12', 'D14', 'D15', 'D16', 'D17', 'D19', 'D2', 'D21', 'D23', 'D25', 'D26', 'D28', 'D29', 'D3', 'D30', 'D32', 'D33', 'D34', 'D35', 'D37', 'D38', 'D39', 'D4', 'D41', 'D43', 'D44', 'D45', 'D46', 'D47', 'D48', 'D5', 'D50', 'D52', 'D55', 'D58', 'D6', 'D60', 'D61', 'D62', 'D63', 'D64', 'D65', 'D66', 'D67', 'D68', 'D69', 'D70', 'D71', 'D72', 'D73', 'D74', 'D76', 'D77', 'D78', 'D79', 'D8', 'D81', 'D82', 'D83', 'D84', 'D85', 'D86', 'D87', 'D88', 'D89', 'D90', 'D91', 'D92', 'D93']"
9,B75,"['D90', 'D91', 'D92', 'D93']","['D1', 'D26', 'D87', 'D88', 'D89', 'D94', 'D95']","['D10', 'D11', 'D12', 'D14', 'D15', 'D16', 'D17', 'D19', 'D2', 'D21', 'D23', 'D25', 'D26', 'D28', 'D29', 'D3', 'D30', 'D32', 'D33', 'D34', 'D35', 'D37', 'D38', 'D39', 'D4', 'D41', 'D43', 'D44', 'D45', 'D46', 'D47', 'D48', 'D5', 'D50', 'D52', 'D55', 'D58', 'D6', 'D60', 'D61', 'D62', 'D63', 'D64', 'D65', 'D66', 'D67', 'D68', 'D69', 'D70', 'D71', 'D72', 'D73', 'D74', 'D76', 'D77', 'D78', 'D79', 'D8', 'D81', 'D82', 'D83', 'D84', 'D85', 'D86', 'D87', 'D88', 'D89', 'D90', 'D91', 'D92', 'D93']","['D10', 'D11', 'D12', 'D14', 'D15', 'D16', 'D17', 'D19', 'D2', 'D21', 'D23', 'D25', 'D28', 'D29', 'D3', 'D30', 'D32', 'D33', 'D34', 'D35', 'D37', 'D38', 'D39', 'D4', 'D41', 'D43', 'D44', 'D45', 'D46', 'D47', 'D48', 'D5', 'D50', 'D52', 'D55', 'D58', 'D6', 'D60', 'D61', 'D62', 'D63', 'D64', 'D65', 'D66', 'D67', 'D68', 'D69', 'D70', 'D71', 'D72', 'D73', 'D74', 'D76', 'D77', 'D78', 'D79', 'D8', 'D81', 'D82', 'D83', 'D84', 'D85', 'D86', 'D90', 'D91', 'D92', 'D93']"
9,B76,"['D95', 'D96']","['D88', 'D91', 'D94', 'D97', 'D98']","['D10', 'D11', 'D12', 'D14', 'D15', 'D16', 'D17', 'D19', 'D2', 'D21', 'D23', 'D25', 'D26', 'D28', 'D29', 'D3', 'D30', 'D32', 'D33', 'D34', 'D35', 'D37', 'D38', 'D39', 'D4', 'D41', 'D43', 'D44', 'D45', 'D46', 'D47', 'D48', 'D5', 'D50', 'D52', 'D55', 'D58', 'D6', 'D60', 'D61', 'D62', 'D63', 'D64', 'D65', 'D66', 'D67', 'D68', 'D69', 'D70', 'D71', 'D72', 'D73', 'D74', 'D76', 'D77', 'D78', 'D79', 'D8', 'D81', 'D82', 'D83', 'D84', 'D85', 'D86', 'D87', 'D88', 'D89', 'D90', 'D91', 'D92', 'D93']","['D10', 'D11', 'D12', 'D14', 'D15', 'D16', 'D17', 'D19', 'D2', 'D21', 'D23', 'D25', 'D26', 'D28', 'D29', 'D3', 'D30', 'D32', 'D33', 'D34', 'D35', 'D37', 'D38', 'D39', 'D4', 'D41', 'D43', 'D44', 'D45', 'D46', 'D47', 'D48', 'D5', 'D50', 'D52', 'D55', 'D58', 'D6', 'D60', 'D61', 'D62', 'D63', 'D64', 'D65', 'D66', 'D67', 'D68', 'D69', 'D70', 'D71', 'D72', 'D73', 'D74', 'D76', 'D77', 'D78', 'D79', 'D8', 'D81', 'D82', 'D83', 'D84', 'D85', 'D86', 'D87', 'D89', 'D90', 'D92', 'D93', 'D95', 'D96']"
9,B77,[],[],"['D10', 'D11', 'D12', 'D14', 'D15', 'D16', 'D17', 'D19', 'D2', 'D21', 'D23', 'D25', 'D26', 'D28', 'D29', 'D3', 'D30', 'D32', 'D33', 'D34', 'D35', 'D37', 'D38', 'D39', 'D4', 'D41', 'D43', 'D44', 'D45', 'D46', 'D47', 'D48', 'D5', 'D50', 'D52', 'D55', 'D58', 'D6', 'D60', 'D61', 'D62', 'D63', 'D64', 'D65', 'D66', 'D67', 'D68', 'D69', 'D70', 'D71', 'D72', 'D73', 'D74', 'D76', 'D77', 'D78', 'D79', 'D8', 'D81', 'D82', 'D83', 'D84', 'D85', 'D86', 'D87', 'D89', 'D90', 'D92', 'D93', 'D95', 'D96', 'D97', 'D98']","['D10', 'D11', 'D12', 'D14', 'D15', 'D16', 'D17', 'D19', 'D2', 'D21', 'D23', 'D25', 'D26', 'D28', 'D29', 'D3', 'D30', 'D32', 'D33', 'D34', 'D35', 'D37', 'D38', 'D39', 'D4', 'D41', 'D43', 'D44', 'D45', 'D46', 'D47', 'D48', 'D5', 'D50', 'D52', 'D55', 'D58', 'D6', 'D60', 'D61', 'D62', 'D63', 'D64', 'D65', 'D66', 'D67', 'D68', 'D69', 'D70', 'D71', 'D72', 'D73', 'D74', 'D76', 'D77', 'D78', 'D79', 'D8', 'D81', 'D82', 'D83', 'D84', 'D85', 'D86', 'D87', 'D89', 'D90', 'D92', 'D93', 'D95', 'D96', 'D97', 'D98']"
9,B78,[],[],"['D10', 'D11', 'D12', 'D14', 'D15', 'D16', 'D17', 'D19', 'D2', 'D21', 'D23', 'D25', 'D26', 'D28', 'D29', 'D3', 'D30', 'D32', 'D33', 'D34', 'D35', 'D37', 'D38', 'D39', 'D4', 'D41', 'D43', 'D44', 'D45', 'D46', 'D47', 'D48', 'D5', 'D50', 'D52', 'D55', 'D58', 'D6', 'D60', 'D61', 'D62', 'D63', 'D64', 'D65', 'D66', 'D67', 'D68', 'D69', 'D70', 'D71', 'D72', 'D73', 'D74', 'D76', 'D77', 'D78', 'D79', 'D8', 'D81', 'D82', 'D83', 'D84', 'D85', 'D86', 'D87', 'D89', 'D90', 'D92', 'D93', 'D95', 'D96', 'D97', 'D98']","['D10', 'D11', 'D12', 'D14', 'D15', 'D16', 'D17', 'D19', 'D2', 'D21', 'D23', 'D25', 'D26', 'D28', 'D29', 'D3', 'D30', 'D32', 'D33', 'D34', 'D35', 'D37', 'D38', 'D39', 'D4', 'D41', 'D43', 'D44', 'D45', 'D46', 'D47', 'D48', 'D5', 'D50', 'D52', 'D55', 'D58', 'D6', 'D60', 'D61', 'D62', 'D63', 'D64', 'D65', 'D66', 'D67', 'D68', 'D69', 'D70', 'D71', 'D72', 'D73', 'D74', 'D76', 'D77', 'D78', 'D79', 'D8', 'D81', 'D82', 'D83', 'D84', 'D85', 'D86', 'D87', 'D89', 'D90', 'D92', 'D93', 'D95', 'D96', 'D97', 'D98']"
9,B79,[],[],"['D10', 'D11', 'D12', 'D14', 'D15', 'D16', 'D17', 'D19', 'D2', 'D21', 'D23', 'D25', 'D26', 'D28', 'D29', 'D3', 'D30', 'D32', 'D33', 'D34', 'D35', 'D37', 'D38', 'D39', 'D4', 'D41', 'D43', 'D44', 'D45', 'D46', 'D47', 'D48', 'D5', 'D50', 'D52', 'D55', 'D58', 'D6', 'D60', 'D61', 'D62', 'D63', 'D64', 'D65', 'D66', 'D67', 'D68', 'D69', 'D70', 'D71', 'D72', 'D73', 'D74', 'D76', 'D77', 'D78', 'D79', 'D8', 'D81', 'D82', 'D83', 'D84', 'D85', 'D86', 'D87', 'D89', 'D90', 'D92', 'D93', 'D95', 'D96', 'D97', 'D98']","['D10', 'D11', 'D12', 'D14', 'D15', 'D16', 'D17', 'D19', 'D2', 'D21', 'D23', 'D25', 'D26', 'D28', 'D29', 'D3', 'D30', 'D32', 'D33', 'D34', 'D35', 'D37', 'D38', 'D39', 'D4', 'D41', 'D43', 'D44', 'D45', 'D46', 'D47', 'D48', 'D5', 'D50', 'D52', 'D55', 'D58', 'D6', 'D60', 'D61', 'D62', 'D63', 'D64', 'D65', 'D66', 'D67', 'D68', 'D69', 'D70', 'D71', 'D72', 'D73', 'D74', 'D76', 'D77', 'D78', 'D79', 'D8', 'D81', 'D82', 'D83', 'D84', 'D85', 'D86', 'D87', 'D89', 'D90', 'D92', 'D93', 'D95', 'D96', 'D97', 'D98']"
9,B80,['D97'],"['D96', 'D98']","['D10', 'D11', 'D12', 'D14', 'D15', 'D16', 'D17', 'D19', 'D2', 'D21', 'D23', 'D25', 'D26', 'D28', 'D29', 'D3', 'D30', 'D32', 'D33', 'D34', 'D35', 'D37', 'D38', 'D39', 'D4', 'D41', 'D43', 'D44', 'D45', 'D46', 'D47', 'D48', 'D5', 'D50', 'D52', 'D55', 'D58', 'D6', 'D60', 'D61', 'D62', 'D63', 'D64', 'D65', 'D66', 'D67', 'D68', 'D69', 'D70', 'D71', 'D72', 'D73', 'D74', 'D76', 'D77', 'D78', 'D79', 'D8', 'D81', 'D82', 'D83', 'D84', 'D85', 'D86', 'D87', 'D89', 'D90', 'D92', 'D93', 'D95', 'D96', 'D97', 'D98']","['D10', 'D11', 'D12', 'D14', 'D15', 'D16', 'D17', 'D19', 'D2', 'D21', 'D23', 'D25', 'D26', 'D28', 'D29', 'D3', 'D30', 'D32', 'D33', 'D34', 'D35', 'D37', 'D38', 'D39', 'D4', 'D41', 'D43', 'D44', 'D45', 'D46', 'D47', 'D48', 'D5', 'D50', 'D52', 'D55', 'D58', 'D6', 'D60', 'D61', 'D62', 'D63', 'D64', 'D65', 'D66', 'D67', 'D68', 'D69', 'D70', 'D71', 'D72', 'D73', 'D74', 'D76', 'D77', 'D78', 'D79', 'D8', 'D81', 'D82', 'D83', 'D84', 'D85', 'D86', 'D87', 'D89', 'D90', 'D92', 'D93', 'D95', 'D97']"
9,B81,[],[],"['D10', 'D11', 'D12', 'D14', 'D15', 'D16', 'D17', 'D19', 'D2', 'D21', 'D23', 'D25', 'D26', 'D28', 'D29', 'D3', 'D30', 'D32', 'D33', 'D34', 'D35', 'D37', 'D38', 'D39', 'D4', 'D41', 'D43', 'D44', 'D45', 'D46', 'D47', 'D48', 'D5', 'D50', 'D52', 'D55', 'D58', 'D6', 'D60', 'D61', 'D62', 'D63', 'D64', 'D65', 'D66', 'D67', 'D68', 'D69', 'D70', 'D71', 'D72', 'D73', 'D74', 'D76', 'D77', 'D78', 'D79', 'D8', 'D81', 'D82', 'D83', 'D84', 'D85', 'D86', 'D87', 'D89', 'D90', 'D92', 'D93', 'D95', 'D97', 'D98']","['D10', 'D11', 'D12', 'D14', 'D15', 'D16', 'D17', 'D19', 'D2', 'D21', 'D23', 'D25', 'D26', 'D28', 'D29', 'D3', 'D30', 'D32', 'D33', 'D34', 'D35', 'D37', 'D38', 'D39', 'D4', 'D41', 'D43', 'D44', 'D45', 'D46', 'D47', 'D48', 'D5', 'D50', 'D52', 'D55', 'D58', 'D6', 'D60', 'D61', 'D62', 'D63', 'D64', 'D65', 'D66', 'D67', 'D68', 'D69', 'D70', 'D71', 'D72', 'D73', 'D74', 'D76', 'D77', 'D78', 'D79', 'D8', 'D81', 'D82', 'D83', 'D84', 'D85', 'D86', 'D87', 'D89', 'D90', 'D92', 'D93', 'D95', 'D97', 'D98']"
9,B82,['D98'],"['D96', 'D97']","['D10', 'D11', 'D12', 'D14', 'D15', 'D16', 'D17', 'D19', 'D2', 'D21', 'D23', 'D25', 'D26', 'D28', 'D29', 'D3', 'D30', 'D32', 'D33', 'D34', 'D35', 'D37', 'D38', 'D39', 'D4', 'D41', 'D43', 'D44', 'D45', 'D46', 'D47', 'D48', 'D5', 'D50', 'D52', 'D55', 'D58', 'D6', 'D60', 'D61', 'D62', 'D63', 'D64', 'D65', 'D66', 'D67', 'D68', 'D69', 'D70', 'D71', 'D72', 'D73', 'D74', 'D76', 'D77', 'D78', 'D79', 'D8', 'D81', 'D82', 'D83', 'D84', 'D85', 'D86', 'D87', 'D89', 'D90', 'D92', 'D93', 'D95', 'D96', 'D97', 'D98']","['D10', 'D11', 'D12', 'D14', 'D15', 'D16', 'D17', 'D19', 'D2', 'D21', 'D23', 'D25', 'D26', 'D28', 'D29', 'D3', 'D30', 'D32', 'D33', 'D34', 'D35', 'D37', 'D38', 'D39', 'D4', 'D41', 'D43', 'D44', 'D45', 'D46', 'D47', 'D48', 'D5', 'D50', 'D52', 'D55', 'D58', 'D6', 'D60', 'D61', 'D62', 'D63', 'D64', 'D65', 'D66', 'D67', 'D68', 'D69', 'D70', 'D71', 'D72', 'D73', 'D74', 'D76', 'D77', 'D78', 'D79', 'D8', 'D81', 'D82', 'D83', 'D84', 'D85', 'D86', 'D87', 'D89', 'D90', 'D92', 'D93', 'D95', 'D98']"
9,B83,[],[],"['D10', 'D11', 'D12', 'D14', 'D15', 'D16', 'D17', 'D19', 'D2', 'D21', 'D23', 'D25', 'D26', 'D28', 'D29', 'D3', 'D30', 'D32', 'D33', 'D34', 'D35', 'D37', 'D38', 'D39', 'D4', 'D41', 'D43', 'D44', 'D45', 'D46', 'D47', 'D48', 'D5', 'D50', 'D52', 'D55', 'D58', 'D6', 'D60', 'D61', 'D62', 'D63', 'D64', 'D65', 'D66', 'D67', 'D68', 'D69', 'D70', 'D71', 'D72', 'D73', 'D74', 'D76', 'D77', 'D78', 'D79', 'D8', 'D81', 'D82', 'D83', 'D84', 'D85', 'D86', 'D87', 'D89', 'D90', 'D92', 'D93', 'D95', 'D96', 'D97', 'D98']","['D10', 'D11', 'D12', 'D14', 'D15', 'D16', 'D17', 'D19', 'D2', 'D21', 'D23', 'D25', 'D26', 'D28', 'D29', 'D3', 'D30', 'D32', 'D33', 'D34', 'D35', 'D37', 'D38', 'D39', 'D4', 'D41', 'D43', 'D44', 'D45', 'D46', 'D47', 'D48', 'D5', 'D50', 'D52', 'D55', 'D58', 'D6', 'D60', 'D61', 'D62', 'D63', 'D64', 'D65', 'D66', 'D67', 'D68', 'D69', 'D70', 'D71', 'D72', 'D73', 'D74', 'D76', 'D77', 'D78', 'D79', 'D8', 'D81', 'D82', 'D83', 'D84', 'D85', 'D86', 'D87', 'D89', 'D90', 'D92', 'D93', 'D95', 'D96', 'D97', 'D98']"
9,B84,['D99'],['D101'],"['D10', 'D11', 'D12', 'D14', 'D15', 'D16', 'D17', 'D19', 'D2', 'D21', 'D23', 'D25', 'D26', 'D28', 'D29', 'D3', 'D30', 'D32', 'D33', 'D34', 'D35', 'D37', 'D38', 'D39', 'D4', 'D41', 'D43', 'D44', 'D45', 'D46', 'D47', 'D48', 'D5', 'D50', 'D52', 'D55', 'D58', 'D6', 'D60', 'D61', 'D62', 'D63', 'D64', 'D65', 'D66', 'D67', 'D68', 'D69', 'D70', 'D71', 'D72', 'D73', 'D74', 'D76', 'D77', 'D78', 'D79', 'D8', 'D81', 'D82', 'D83', 'D84', 'D85', 'D86', 'D87', 'D89', 'D90', 'D92', 'D93', 'D95', 'D96', 'D97', 'D98']","['D10', 'D11', 'D12', 'D14', 'D15', 'D16', 'D17', 'D19', 'D2', 'D21', 'D23', 'D25', 'D26', 'D28', 'D29', 'D3', 'D30', 'D32', 'D33', 'D34', 'D35', 'D37', 'D38', 'D39', 'D4', 'D41', 'D43', 'D44', 'D45', 'D46', 'D47', 'D48', 'D5', 'D50', 'D52', 'D55', 'D58', 'D6', 'D60', 'D61', 'D62', 'D63', 'D64', 'D65', 'D66', 'D67', 'D68', 'D69', 'D70', 'D71', 'D72', 'D73', 'D74', 'D76', 'D77', 'D78', 'D79', 'D8', 'D81', 'D82', 'D83', 'D84', 'D85', 'D86', 'D87', 'D89', 'D90', 'D92', 'D93', 'D95', 'D96', 'D97', 'D98', 'D99']"
9,B85,[],[],"['D10', 'D100', 'D101', 'D11', 'D12', 'D14', 'D15', 'D16', 'D17', 'D19', 'D2', 'D21', 'D23', 'D25', 'D26', 'D28', 'D29', 'D3', 'D30', 'D32', 'D33', 'D34', 'D35', 'D37', 'D38', 'D39', 'D4', 'D41', 'D43', 'D44', 'D45', 'D46', 'D47', 'D48', 'D5', 'D50', 'D52', 'D55', 'D58', 'D6', 'D60', 'D61', 'D62', 'D63', 'D64', 'D65', 'D66', 'D67', 'D68', 'D69', 'D70', 'D71', 'D72', 'D73', 'D74', 'D76', 'D77', 'D78', 'D79', 'D8', 'D81', 'D82', 'D83', 'D84', 'D85', 'D86', 'D87', 'D89', 'D90', 'D92', 'D93', 'D95', 'D96', 'D97', 'D98', 'D99']","['D10', 'D100', 'D101', 'D11', 'D12', 'D14', 'D15', 'D16', 'D17', 'D19', 'D2', 'D21', 'D23', 'D25', 'D26', 'D28', 'D29', 'D3', 'D30', 'D32', 'D33', 'D34', 'D35', 'D37', 'D38', 'D39', 'D4', 'D41', 'D43', 'D44', 'D45', 'D46', 'D47', 'D48', 'D5', 'D50', 'D52', 'D55', 'D58', 'D6', 'D60', 'D61', 'D62', 'D63', 'D64', 'D65', 'D66', 'D67', 'D68', 'D69', 'D70', 'D71', 'D72', 'D73', 'D74', 'D76', 'D77', 'D78', 'D79', 'D8', 'D81', 'D82', 'D83', 'D84', 'D85', 'D86', 'D87', 'D89', 'D90', 'D92', 'D93', 'D95', 'D96', 'D97', 'D98', 'D99']"
9,B86,"['D100', 'D101']","['D104', 'D67', 'D68', 'D99']","['D10', 'D100', 'D101', 'D11', 'D12', 'D14', 'D15', 'D16', 'D17', 'D19', 'D2', 'D21', 'D23', 'D25', 'D26', 'D28', 'D29', 'D3', 'D30', 'D32', 'D33', 'D34', 'D35', 'D37', 'D38', 'D39', 'D4', 'D41', 'D43', 'D44', 'D45', 'D46', 'D47', 'D48', 'D5', 'D50', 'D52', 'D55', 'D58', 'D6', 'D60', 'D61', 'D62', 'D63', 'D64', 'D65', 'D66', 'D67', 'D68', 'D69', 'D70', 'D71', 'D72', 'D73', 'D74', 'D76', 'D77', 'D78', 'D79', 'D8', 'D81', 'D82', 'D83', 'D84', 'D85', 'D86', 'D87', 'D89', 'D90', 'D92', 'D93', 'D95', 'D96', 'D97', 'D98', 'D99']","['D10', 'D100', 'D101', 'D11', 'D12', 'D14', 'D15', 'D16', 'D17', 'D19', 'D2', 'D21', 'D23', 'D25', 'D26', 'D28', 'D29', 'D3', 'D30', 'D32', 'D33', 'D34', 'D35', 'D37', 'D38', 'D39', 'D4', 'D41', 'D43', 'D44', 'D45', 'D46', 'D47', 'D48', 'D5', 'D50', 'D52', 'D55', 'D58', 'D6', 'D60', 'D61', 'D62', 'D63', 'D64', 'D65', 'D66', 'D69', 'D70', 'D71', 'D72', 'D73', 'D74', 'D76', 'D77', 'D78', 'D79', 'D8', 'D81', 'D82', 'D83', 'D84', 'D85', 'D86', 'D87', 'D89', 'D90', 'D92', 'D93', 'D95', 'D96', 'D97', 'D98']"
9,B87,"['D102', 'D103']","['D105', 'D15']","['D10', 'D100', 'D101', 'D11', 'D12', 'D14', 'D15', 'D16', 'D17', 'D19', 'D2', 'D21', 'D23', 'D25', 'D26', 'D28', 'D29', 'D3', 'D30', 'D32', 'D33', 'D34', 'D35', 'D37', 'D38', 'D39', 'D4', 'D41', 'D43', 'D44', 'D45', 'D46', 'D47', 'D48', 'D5', 'D50', 'D52', 'D55', 'D58', 'D6', 'D60', 'D61', 'D62', 'D63', 'D64', 'D65', 'D66', 'D67', 'D68', 'D69', 'D70', 'D71', 'D72', 'D73', 'D74', 'D76', 'D77', 'D78', 'D79', 'D8', 'D81', 'D82', 'D83', 'D84', 'D85', 'D86', 'D87', 'D89', 'D90', 'D92', 'D93', 'D95', 'D96', 'D97', 'D98', 'D99']","['D10', 'D100', 'D101', 'D102', 'D103', 'D11', 'D12', 'D14', 'D16', 'D17', 'D19', 'D2', 'D21', 'D23', 'D25', 'D26', 'D28', 'D29', 'D3', 'D30', 'D32', 'D33', 'D34', 'D35', 'D37', 'D38', 'D39', 'D4', 'D41', 'D43', 'D44', 'D45', 'D46', 'D47', 'D48', 'D5', 'D50', 'D52', 'D55', 'D58', 'D6', 'D60', 'D61', 'D62', 'D63', 'D64', 'D65', 'D66', 'D67', 'D68', 'D69', 'D70', 'D71', 'D72', 'D73', 'D74', 'D76', 'D77', 'D78', 'D79', 'D8', 'D81', 'D82', 'D83', 'D84', 'D85', 'D86', 'D87', 'D89', 'D90', 'D92', 'D93', 'D95', 'D96', 'D97', 'D98', 'D99']"
9,B88,[],[],"['D10', 'D100', 'D101', 'D102', 'D103', 'D104', 'D105', 'D11', 'D12', 'D14', 'D16', 'D17', 'D19', 'D2', 'D21', 'D23', 'D25', 'D26', 'D28', 'D29', 'D3', 'D30', 'D32', 'D33', 'D34', 'D35', 'D37', 'D38', 'D39', 'D4', 'D41', 'D43', 'D44', 'D45', 'D46', 'D47', 'D48', 'D5', 'D50', 'D52', 'D55', 'D58', 'D6', 'D60', 'D61', 'D62', 'D63', 'D64', 'D65', 'D66', 'D67', 'D68', 'D69', 'D70', 'D71', 'D72', 'D73', 'D74', 'D76', 'D77', 'D78', 'D79', 'D8', 'D81', 'D82', 'D83', 'D84', 'D85', 'D86', 'D87', 'D89', 'D90', 'D92', 'D93', 'D95', 'D96', 'D97', 'D98', 'D99']","['D10', 'D100', 'D101', 'D102', 'D103', 'D104', 'D105', 'D11', 'D12', 'D14', 'D16', 'D17', 'D19', 'D2', 'D21', 'D23', 'D25', 'D26', 'D28', 'D29', 'D3', 'D30', 'D32', 'D33', 'D34', 'D35', 'D37', 'D38', 'D39', 'D4', 'D41', 'D43', 'D44', 'D45', 'D46', 'D47', 'D48', 'D5', 'D50', 'D52', 'D55', 'D58', 'D6', 'D60', 'D61', 'D62', 'D63', 'D64', 'D65', 'D66', 'D67', 'D68', 'D69', 'D70', 'D71', 'D72', 'D73', 'D74', 'D76', 'D77', 'D78', 'D79', 'D8', 'D81', 'D82', 'D83', 'D84', 'D85', 'D86', 'D87', 'D89', 'D90', 'D92', 'D93', 'D95', 'D96', 'D97', 'D98', 'D99']"
9,B89,"['D104', 'D105']","['D100', 'D102', 'D67', 'D68']","['D10', 'D100', 'D101', 'D102', 'D103', 'D104', 'D105', 'D11', 'D12', 'D14', 'D16', 'D17', 'D19', 'D2', 'D21', 'D23', 'D25', 'D26', 'D28', 'D29', 'D3', 'D30', 'D32', 'D33', 'D34', 'D35', 'D37', 'D38', 'D39', 'D4', 'D41', 'D43', 'D44', 'D45', 'D46', 'D47', 'D48', 'D5', 'D50', 'D52', 'D55', 'D58', 'D6', 'D60', 'D61', 'D62', 'D63', 'D64', 'D65', 'D66', 'D67', 'D68', 'D69', 'D70', 'D71', 'D72', 'D73', 'D74', 'D76', 'D77', 'D78', 'D79', 'D8', 'D81', 'D82', 'D83', 'D84', 'D85', 'D86', 'D87', 'D89', 'D90', 'D92', 'D93', 'D95', 'D96', 'D97', 'D98', 'D99']","['D10', 'D101', 'D103', 'D104', 'D105', 'D11', 'D12', 'D14', 'D16', 'D17', 'D19', 'D2', 'D21', 'D23', 'D25', 'D26', 'D28', 'D29', 'D3', 'D30', 'D32', 'D33', 'D34', 'D35', 'D37', 'D38', 'D39', 'D4', 'D41', 'D43', 'D44', 'D45', 'D46', 'D47', 'D48', 'D5', 'D50', 'D52', 'D55', 'D58', 'D6', 'D60', 'D61', 'D62', 'D63', 'D64', 'D65', 'D66', 'D69', 'D70', 'D71', 'D72', 'D73', 'D74', 'D76', 'D77', 'D78', 'D79', 'D8', 'D81', 'D82', 'D83', 'D84', 'D85', 'D86', 'D87', 'D89', 'D90', 'D92', 'D93', 'D95', 'D96', 'D97', 'D98', 'D99']"
9,B90,[],[],"['D10', 'D100', 'D101', 'D102', 'D103', 'D104', 'D105', 'D11', 'D12', 'D14', 'D16', 'D17', 'D19', 'D2', 'D21', 'D23', 'D25', 'D26', 'D28', 'D29', 'D3', 'D30', 'D32', 'D33', 'D34', 'D35', 'D37', 'D38', 'D39', 'D4', 'D41', 'D43', 'D44', 'D45', 'D46', 'D47', 'D48', 'D5', 'D50', 'D52', 'D55', 'D58', 'D6', 'D60', 'D61', 'D62', 'D63', 'D64', 'D65', 'D66', 'D67', 'D68', 'D69', 'D70', 'D71', 'D72', 'D73', 'D74', 'D76', 'D77', 'D78', 'D79', 'D8', 'D81', 'D82', 'D83', 'D84', 'D85', 'D86', 'D87', 'D89', 'D90', 'D92', 'D93', 'D95', 'D96', 'D97', 'D98', 'D99']","['D10', 'D100', 'D101', 'D102', 'D103', 'D104', 'D105', 'D11', 'D12', 'D14', 'D16', 'D17', 'D19', 'D2', 'D21', 'D23', 'D25', 'D26', 'D28', 'D29', 'D3', 'D30', 'D32', 'D33', 'D34', 'D35', 'D37', 'D38', 'D39', 'D4', 'D41', 'D43', 'D44', 'D45', 'D46', 'D47', 'D48', 'D5', 'D50', 'D52', 'D55', 'D58', 'D6', 'D60', 'D61', 'D62', 'D63', 'D64', 'D65', 'D66', 'D67', 'D68', 'D69', 'D70', 'D71', 'D72', 'D73', 'D74', 'D76', 'D77', 'D78', 'D79', 'D8', 'D81', 'D82', 'D83', 'D84', 'D85', 'D86', 'D87', 'D89', 'D90', 'D92', 'D93', 'D95', 'D96', 'D97', 'D98', 'D99']"
